,债券简称,成交净价(元),最新收益率(%),涨跌(BP),加权收益率(%),交易量(亿)
0,20国开15,100.74,3.6075,-0.25,3.6096,
1,20附息国债16,100.48,3.2125,-1.69,3.2312,
2,20贴现国债62,99.39,2.4600,,2.5911,
3,20国开10,95.56,3.6500,-0.5,3.6555,
4,20附息国债07,96.10,3.9088,1.88,3.9000,
5,20国开12,100.27,3.2725,-0.75,3.2759,
6,20附息国债13,100.05,3.0075,-1.25,3.0186,
7,20附息国债11,99.71,2.8200,-2.0,2.8320,
8,20附息国债12,100.26,3.7952,-0.23,3.7879,
9,20附息国债06,95.43,3.2475,0.15,3.2454,
10,20附息国债14,99.99,2.8815,-0.65,2.8823,
11,20附息国债15,100.21,2.6500,1.0,2.6805,
12,20国开07,99.91,3.0325,-0.87,3.0511,
13,20附息国债17,100.35,3.2222,0.22,3.2228,
14,20平安银行CD284,99.28,2.6402,-4.01,2.6486,
15,20国开03,99.90,3.2550,1.0,3.2680,
16,20贴现国债47,98.75,2.4802,9.31,2.4159,
17,20附息国债09,98.64,2.9250,1.0,2.9283,
18,19国开10,99.84,3.6700,1.0,3.6598,
19,20国开01,100.00,2.3493,-3.06,2.3950,
20,20附息国债05,95.75,3.0610,0.1,3.0533,
21,20附息国债04,92.63,3.8100,-0.73,3.8127,
22,16进出16,100.46,2.8000,7.0,2.7262,
23,19国开03,100.45,3.1450,1.0,3.1451,
24,20农发02,98.14,3.0581,0.31,3.0620,
25,19农发06,100.31,3.6950,2.65,3.6714,
26,20附息国债08,97.98,3.2000,-0.25,3.2419,
27,20附息国债18,100.24,2.8016,-0.84,2.7905,
28,20贴现国债60,98.72,2.5699,-2.02,2.5751,
29,20兴业银行CD453,99.28,2.6501,-2.96,2.6563,
30,19附息国债09,100.01,2.6900,0.01,2.4571,
31,18国开05,108.86,3.4550,-1.1,3.4500,
32,20邮储银行永续债,96.12,4.7186,1.89,4.7057,
33,20国开16,100.02,2.6572,-1.28,2.6809,
34,19国开08,100.72,3.1950,-5.38,3.2051,
35,20贴现国债48,99.41,2.4791,12.82,2.3366,
36,20贴现国债49,98.72,2.5401,-1.99,2.5431,
37,20平安银行CD222,98.59,2.6998,-0.04,3.1139,
38,19国开14,99.99,2.9700,-4.92,2.8926,
39,20华夏银行CD348,98.52,3.0704,-25.95,3.0603,
40,19国开07,100.41,2.8700,-1.0,2.8877,
41,19进出05,100.29,3.1800,1.0,3.1922,
42,20国开02,97.45,3.0250,-0.5,3.2334,
43,20进出15,100.56,3.3000,1.0,3.3275,
44,20华夏银行,100.16,3.4818,-6.0,3.4966,
45,15附息国债16,102.27,2.9729,-3.55,2.9729,
46,20电网SCP048,99.97,2.8998,1.0,2.9111,
47,19国开15,98.44,3.6601,-0.24,3.6653,
48,20交通银行二级,95.39,3.8311,-0.27,3.8311,
49,18国开12,100.67,2.6799,-1.01,2.6670,
50,18兴业绿色金融02,100.75,3.0500,-11.0,3.1518,
51,20抗疫国债04,96.60,3.2775,-2.75,3.2831,
52,19国开05,98.97,3.6300,0.25,3.6216,
53,20农业银行CD126,97.82,2.9099,1.0,2.9099,
54,11附息国债15,100.68,2.5549,-4.82,2.5570,
55,19国开02,100.21,2.8300,5.0,2.7935,
56,20国开05,95.52,3.6500,1.0,3.6509,
57,20贴现国债55,99.33,2.6900,-1.02,2.7004,
58,18国开10,102.84,3.6000,3.0,3.5851,
59,11附息国债02,100.15,1.9177,-4.37,1.8830,
60,20国开11,99.47,2.6099,-4.01,2.6154,
61,19附息国债02,99.96,2.6102,-0.97,2.6346,
62,20浦发银行永续债,99.61,4.8400,-1.86,4.8400,
63,20农发清发01,99.22,2.9074,1.24,2.8986,
64,20进出05,98.66,3.2750,-1.0,3.2887,
65,20浦发银行CD521,97.09,3.0000,-1.0,3.0000,
66,20进出03,98.06,3.0600,1.0,3.0578,
67,20附息国债01,99.99,2.5008,-9.87,2.5541,
68,20抗疫国债03,95.87,3.2800,-1.5,3.2821,
69,19中国银行小微债01,100.12,3.1200,1.0,3.1200,
70,19附息国债03,99.90,2.7700,-7.0,2.7957,
71,20华夏银行CD361,98.60,2.6700,-38.01,3.0907,
72,17邮储银行二级01,101.06,4.2992,-0.57,4.3000,
73,20贴现国债43,98.74,2.4799,-5.02,2.4787,
74,16农发13,100.08,2.6498,1.0,2.6494,
75,20国家能源SCP004,99.53,3.0001,,3.0001,
76,20国开08,98.38,3.2800,0.1,3.2836,
77,17国开06,101.42,2.8977,-0.23,3.0117,
78,11附息国债08,100.31,2.4587,-2.29,2.4594,
79,20农发03,99.50,2.6500,1.0,2.6609,
80,20邮政SCP009,99.94,2.8492,-5.05,2.8495,
81,18进出04,100.49,2.5801,-1.98,2.5631,
82,20兴业银行CD339,97.14,2.9400,-21.0,2.9400,
83,20温州银行CD216,99.16,3.4496,,3.4496,
84,20海尔智家SCP001,99.89,3.4103,,3.4007,
85,17工商银行二级02,101.14,4.2557,-0.29,4.2726,
86,20交通银行CD186,98.60,2.7172,-109.24,2.7205,
87,18农发09,100.67,2.6246,-2.55,2.6421,
88,19工商银行永续债,99.75,4.5200,1.0,4.5332,
89,20民生银行CD100,97.52,2.7357,3.59,2.7308,
90,18建设银行二级02,101.75,4.4291,-2.01,4.4291,
91,18建元22A2_bc,96.67,,,,
92,20民生银行CD182,97.97,2.8001,1.0,2.7916,
93,15附息国债14,100.82,2.7437,-1.46,2.7436,
94,20汇金MTN010A,100.13,3.4500,-4.74,3.4954,
95,19国开04,101.72,3.3100,1.0,3.2992,
96,20农业银行CD093,98.61,2.6798,-0.99,2.6607,
97,20上海债03,96.35,3.5700,,3.5700,
98,20陕西债50,98.80,3.3050,,3.3050,
99,20抗疫国债01,97.43,3.0300,-2.0,3.0265,
100,20东航股SCP032,99.92,2.9499,-9.95,2.9499,
101,18农发02,100.19,2.4996,-10.02,2.5959,
102,19附息国债06,100.33,3.2450,-3.5,3.2470,
103,20附息国债10,99.73,2.6099,-4.01,2.6257,
104,19大唐发电PPN003,100.48,6.7447,-1.95,6.7446,
105,20浦发银行CD221,98.18,2.6801,-2.0,2.6729,
106,15农发12,101.60,2.9561,-4.39,2.9561,
107,18国开11,101.73,3.0616,-5.84,3.0663,
108,20福建债19,95.00,3.5700,-3.5,3.5700,
109,20招银和家7A1,100.00,,,,
110,20农发04,94.55,3.6600,-4.05,3.6565,
111,20招银和家8A1,100.00,,,,
112,18国开03,100.41,2.5001,0.94,2.5008,
113,20民生银行CD569,97.09,3.0000,,2.9998,
114,17附息国债04,102.27,2.9908,-4.49,2.9908,
115,20涪陵新城SCP003,100.00,4.2795,,4.2794,
116,14附息国债12,103.98,2.7950,1.34,2.7790,
117,20中信银行CD233,98.19,4.4533,175.32,4.4533,
118,20渤海银行CD512,99.33,2.7489,,2.7489,
119,20浦发银行CD130,98.47,0.8994,-19.88,1.0697,
120,20民生银行CD348,97.13,2.9601,-29.0,2.9601,
121,20中信银行CD173,97.14,2.9499,1.0,2.9499,
122,20兴业银行CD173,97.85,2.8135,-0.28,2.8148,
123,20重庆银行CD181,99.78,1.2473,-35.12,1.2473,
124,20中信银行CD310,99.32,2.6502,-44.96,2.6502,
125,18工元7A2,102.57,,,,
126,18建元13A3_bc,91.54,,,,
127,20兴业银行CD472,99.29,2.6703,-4.0,2.6694,
128,20重庆三峡银行CD225,99.16,3.4496,,3.4496,
129,19进出09,100.19,2.7000,-8.0,2.7823,
130,18汇金01,102.14,3.2800,,3.2800,
131,20中建三局MTN001,100.00,6.9592,,6.9593,
132,20国信证券CP012,99.99,2.8796,-15.67,2.8796,
133,17农业银行二级,101.11,4.2569,-1.86,4.2519,
134,16国开06,100.06,2.4902,-8.01,2.5257,
135,20北京债13,95.14,3.2800,,3.2800,
136,20贴现国债50,99.38,2.3101,-10.0,2.3547,
137,18国开04,103.51,3.0400,0.5,3.0381,
138,20闽冶金SCP007,99.94,3.3996,1.0,3.4318,
139,19农发01,100.82,3.6300,-0.25,3.6078,
140,19进出08,100.42,2.9900,-4.0,2.9889,
141,20农发07,99.99,3.0600,0.11,3.0621,
142,20中信银行CD043,98.45,1.5984,-2.08,0.8320,
143,20民生银行CD558,98.28,3.5301,65.44,3.0828,
144,17威海商行二级,100.42,4.9190,8.22,4.9186,
145,09附息国债11,102.54,2.9142,-2.88,2.9142,
146,18黑龙江04,100.62,2.6497,-3.14,2.6499,
147,20进出12,99.96,2.9700,1.81,2.9592,
148,18中信银行二级01,102.10,4.6265,-1.34,4.6157,
149,20贴现国债58,99.35,2.5004,-5.98,2.4928,
150,20国联证券CP007,100.00,3.1497,,3.1497,
151,20建设银行CD088,98.59,2.6699,-3.01,2.6699,
152,19附息国债15,99.04,3.2545,0.95,3.2486,
153,19农发08,101.08,3.4100,-4.75,3.3792,
154,20国开09,99.52,3.4700,4.0,3.4688,
155,19农发09,99.99,3.2400,-4.55,3.2503,
156,20海通证券CP008,100.00,2.9198,1.0,2.9049,
157,20中信银行CD267,97.81,2.9401,,2.9401,
158,20民生银行CD281,98.17,2.6800,,2.6800,
159,20中国银行二级01,99.22,4.2973,0.05,4.2973,
160,20交通银行CD029,97.32,2.7899,10.97,2.6608,
161,20农业银行CD171,98.62,2.8000,2.03,2.8000,
162,20京能源SCP003,99.83,3.0297,-0.02,3.0297,
163,20浙商银行CD120,98.58,2.8799,0.98,2.8799,
164,20中国银行CD100,97.84,2.9000,1.0,2.9000,
165,20重庆农村商行CD180,98.58,2.7400,-0.98,2.7400,
166,20中信银行CD219,98.46,3.3502,1.0,3.3502,
167,20渤海银行CD515,98.41,3.2458,-0.42,3.2458,
168,20华夏银行CD316,98.59,2.6998,1.0,2.6998,
169,20光大银行CD263,97.81,2.9401,4.0,2.9401,
170,20中国银行CD111,97.10,2.9800,-2.0,2.9800,
171,20广发银行CD242,97.13,2.9498,,2.9498,
172,19进出10,100.22,3.8264,17.14,3.7468,
173,20农业银行永续债01,95.55,4.6187,-4.13,4.6247,
174,20上海债23,99.77,3.1550,-2.0,3.1513,
175,19附息国债10,100.86,3.8100,0.5,3.8102,
176,18国开08,100.48,2.5701,-3.99,2.5945,
177,16国开13,98.11,3.4200,1.0,3.4339,
178,20进出10,96.67,3.6600,1.0,3.6811,
179,20中国银行CD051,98.62,2.6598,-0.96,2.6664,
180,20农业银行CD076,98.63,2.6402,-3.96,2.6713,
181,20民生银行CD158,98.07,2.8000,-0.98,2.7971,
182,20招商银行CD012,97.18,2.6498,-0.97,2.6490,
183,20农业银行CD133,97.82,2.9200,-4.0,2.9129,
184,20平安银行CD330,97.11,2.9800,,2.9913,
185,20浙商银行CD127,99.33,2.7195,-0.02,2.7195,
186,20中国银行CD092,97.82,2.9100,-4.99,2.9100,
187,17中国银行二级02,101.16,4.2498,-0.61,4.2498,
188,20招银和家8A2,100.00,,,,
189,16民生银行二级,100.11,3.4751,-1.38,3.4751,
190,19国开绿债01清发,99.94,3.1301,-1.99,3.1175,
191,18附息国债07,100.27,2.4700,-0.99,2.4842,
192,16农发03,100.02,2.3309,-5.02,2.3818,
193,15进出08,103.86,3.3064,-5.36,3.2974,
194,20浙资运营SCP003,99.69,3.0899,-1.02,3.0922,
195,20农发05,95.84,3.2950,-2.5,3.2954,
196,20民生银行CD162,98.06,2.8000,-10.0,2.8597,
197,20进出06,99.75,2.5399,1.0,2.5149,
198,20申万宏源CP008BC,100.00,2.9199,-1.03,2.9184,
199,16附息国债06,99.69,2.8900,-6.0,2.8899,
200,20沪国际债,99.48,3.5764,-0.62,3.5770,
201,20进出13,100.64,3.0850,-3.34,3.0807,
202,19国开绿债01,100.05,3.0700,-4.0,3.0756,
203,20民生银行CD358,98.61,2.6998,-0.04,2.7248,
204,19附息国债14,100.01,2.6701,-3.76,2.6946,
205,15国开10,103.46,3.3300,-3.0,3.3344,
206,19交通银行02,99.99,3.3527,-3.23,3.3507,
207,20上海银行CD304,99.34,2.7000,,2.7000,
208,19工元宜居1A2,100.29,,,,
209,20渤海银行CD496,98.22,3.6600,1.0,3.6600,
210,20速利银丰ABN001优先,100.00,,,,
211,20西安银行CD095,98.24,3.6299,1.0,3.3932,
212,20浦发银行CD384,98.60,2.6798,-5.03,2.6798,
213,20中信银行CD018,97.34,2.6702,-2.96,2.6651,
214,20民生银行CD420,98.55,2.9197,-3.91,2.9220,
215,20邮储银行CD004,98.00,2.9500,1.0,2.9500,
216,20兴业银行CD452,97.06,2.9801,-1.99,2.9801,
217,20中国银行CD028,97.40,2.8500,-50.0,2.8500,
218,20农业银行CD075,98.62,2.6996,2.0,2.6932,
219,20浦发银行CD454,97.81,2.9299,2.98,2.9299,
220,18天津轨交MTN001,100.45,3.8208,39.2,3.5333,
221,20平安银行CD274,97.81,2.9301,-31.0,2.9301,
222,20宁波银行CD224,99.30,2.7201,1.0,2.7201,
223,20广发银行CD234,99.33,2.6898,-30.92,2.6898,
224,20光穗金隅ABN001优先,98.94,,,,
225,18华润置地MTN002B,103.37,3.6500,-5.01,3.6500,
226,17附息国债22,109.80,3.7003,-2.97,3.7003,
227,20温州银行CD213,99.16,3.4496,,3.4496,
228,20温州银行CD214,99.16,3.4496,,3.4496,
229,20温州银行CD215,99.16,3.4496,,3.4496,
230,20贴现国债56,99.35,2.4802,-10.38,2.4785,
231,19附息国债16,99.97,3.1250,-0.5,3.1250,
232,19葛洲坝MTN001,100.41,6.6220,-2.83,6.6216,
233,18工元9A2,102.45,,,,
234,20中信银行CD149,98.64,2.5908,-4.48,2.6126,
235,19农发04,101.03,3.1700,-7.0,3.1791,
236,20京信建德ABN001优先,98.99,,,,
237,18附息国债27,100.14,3.2300,-4.0,3.2422,
238,18附息国债02,100.11,2.2504,-2.99,2.2730,
239,17国开10,103.02,3.4950,0.5,3.5079,
240,20国信证券CP013,100.01,3.0301,1.0,3.0301,
241,16国开18,100.68,2.6977,-3.01,2.7010,
242,20贴现国债61,99.38,2.5010,-0.9,2.5123,
243,16农发11,100.11,2.5109,1.0,2.5156,
244,19铁建昆仑ABN001优先,64.84,,,,
245,20三一重工SCP006,99.88,3.3004,-1.94,3.3036,
246,18阜新银行二级01,99.60,5.9132,8.0,5.9132,
247,16首旅MTN001,100.19,2.9609,-0.92,2.9515,
248,20浦发银行01,97.02,3.4200,-4.0,3.4361,
249,20北京银行CD032,98.05,2.7500,-85.01,2.7856,
250,16农发16,100.20,2.6000,1.0,2.5986,
251,18中国银行二级02,102.11,4.5101,0.88,4.5101,
252,18国开14,103.32,3.3927,2.85,3.3657,
253,20南京银行二级01,95.41,3.9870,-1.56,3.9870,
254,20民生银行CD568,97.09,3.0000,0.03,3.0040,
255,20华能集MTN001,98.59,5.9415,1.0,5.9414,
256,18建元11A3_bc,71.66,,,,
257,19华润MTN007,100.08,6.3033,-2.4,6.3031,
258,20交通银行CD014,97.14,2.6505,-4.9,2.8484,
259,20建设银行CD138,98.61,2.6800,-10.0,2.7000,
260,20兴业银行CD142,97.93,2.8400,1.0,2.8400,
261,20龙源电力SCP016,99.94,2.9008,-6.98,2.9286,
262,20厦门国际银行CD072,97.71,2.9201,1.0,2.9201,
263,17华夏银行二级01,101.40,4.5388,0.7,4.5384,
264,20农业银行CD172,98.62,2.7997,,2.7997,
265,20兴业银行CD023,97.18,2.6706,-2.96,2.6786,
266,16附息国债25,99.67,2.9100,-4.5,2.9180,
267,20长沙银行CD207,96.38,3.7700,-8.0,3.7700,
268,20交通银行CD011,97.15,2.6798,-2.07,2.6798,
269,20浦发银行CD432,99.29,2.6505,-4.91,2.6643,
270,20农发10,101.07,3.6575,-0.23,3.6614,
271,18附息国债19,102.83,3.1200,0.94,3.1200,
272,20晋煤CP001,99.94,3.9001,1.2,3.9654,
273,20贴现国债38,98.79,2.6498,-4.05,2.7275,
274,20连云市政SCP006,100.00,3.4997,,3.4997,
275,20光大银行CD196,97.92,2.8100,-0.01,2.8100,
276,20进出07,98.84,3.4700,1.0,3.4046,
277,19附息国债11,99.85,2.8400,-2.2,2.8345,
278,20电网SCP045,99.87,2.8594,-4.05,2.8520,
279,20附息国债02,99.38,2.7600,-3.25,2.8201,
280,19进出03,100.14,2.8250,0.5,2.8213,
281,20北京银行CD002,97.15,2.7001,-1.98,2.6998,
282,20光大银行CD010,97.20,2.6503,-2.96,2.6503,
283,19附息国债08,102.06,3.9050,0.5,3.9012,
284,20达州国资PPN001,99.85,5.9294,,5.9294,
285,20北辰科技MTN002,95.91,7.5667,-0.51,7.5669,
286,20广东债01,100.30,3.2445,-5.05,3.2445,
287,20宝武集团SCP002,99.90,2.8201,-7.25,2.8201,
288,16电建地产MTN002,100.73,7.9455,0.45,7.9455,
289,13国开40,104.14,3.0878,-3.43,3.0879,
290,20贴现国债57,98.70,2.5701,-2.0,2.5712,
291,17农发04,102.00,3.1300,-5.08,3.1294,
292,20科发债,100.00,6.4997,,6.4997,
293,16国开10,99.42,3.3000,-5.08,3.3190,
294,18民生银行01,101.09,2.5962,-45.72,3.0289,
295,16进出10,98.71,3.4308,-3.92,3.4418,
296,19进出11,100.58,3.7928,-6.25,3.7881,
297,20南京地铁GN001,98.59,3.8187,-8.13,3.8228,
298,15附息国债02,101.05,2.3616,-23.84,2.3615,
299,20兴业银行CD051,97.20,2.6998,1.98,2.6807,
300,18进出10,108.69,3.5100,3.0,3.5289,
301,20兴业银行小微债03,98.05,3.4300,-2.3,3.4261,
302,20国信证券CP011,100.01,1.6986,-29.63,1.6986,
303,17国开15,104.53,3.4650,-4.5,3.4790,
304,19苏州国际MTN002,101.61,3.9600,,3.9594,
305,20济宁中区PPN001,99.93,6.9073,64.41,6.9069,
306,20中国银行CD091,97.06,2.9800,1.0,2.9800,
307,20浦发银行CD483,97.81,2.9500,1.0,2.9500,
308,20国新租赁SCP013,99.91,3.5000,-3.53,3.5272,
309,17芜湖建设MTN001,102.21,4.0222,-7.78,4.0222,
310,20宁夏银行CD154,99.29,1.2990,,1.2990,
311,20平安银行CD204,97.11,2.9799,-0.02,2.9799,
312,20农业银行CD083,98.61,2.7002,1.05,2.6801,
313,20徽商银行CD087,97.01,3.0301,,3.0301,
314,17金谷农商二级01,99.94,5.5051,,5.5044,
315,18农发13,101.24,3.0966,-5.34,3.0980,
316,20光大银行CD047,97.30,2.7499,,2.7499,
317,18交盈1A2,90.64,,,,
318,20华夏银行CD417,97.05,3.0000,-2.0,3.0000,
319,20民生银行CD144,97.70,2.6900,-40.99,2.6700,
320,20齐鲁银行CD064,99.24,3.1399,1.0,3.1399,
321,20华夏银行CD242,98.62,2.6998,,2.6950,
322,17国开01,102.04,3.1350,-0.5,3.1387,
323,20首钢SCP006,99.81,3.1500,-31.01,3.1500,
324,20招商银行CD010,97.19,2.6700,-18.0,2.6700,
325,20中信银行CD016,97.34,2.6702,-2.99,2.6702,
326,20交通银行CD054,97.99,2.7397,-3.52,2.7412,
327,19交通银行二级01,99.40,4.1812,-0.71,4.1812,
328,16江苏债34,99.96,2.7500,-20.0,2.7500,
329,20农业银行CD020,97.59,2.6699,-2.01,2.6699,
330,20中信银行CD160,97.07,3.0865,-1.44,3.0874,
331,20中国银行CD070,98.60,2.6901,-179.04,2.6901,
332,20民生银行CD346,97.13,2.9801,,2.9801,
333,20交通银行CD059,97.93,2.7999,-23.0,2.7999,
334,20广发银行CD092,97.08,4.6980,-0.25,4.6980,
335,20南京银行CD004,97.20,2.7302,-2.0,2.7302,
336,20浙商银行CD084,97.80,2.9500,-15.0,2.9500,
337,20渤海银行CD517,99.77,2.6995,,2.6995,
338,20广发银行CD202,97.81,2.9400,,2.9400,
339,20中信银行CD207,98.55,2.9501,1.0,2.9501,
340,20民生银行CD352,97.91,2.8400,,2.8400,
341,20南京银行CD103,97.08,3.0000,,3.0000,
342,20浙商银行CD095,99.28,2.6998,2.96,2.6998,
343,20浦发银行CD440,99.28,2.7000,,2.7000,
344,20广发银行CD210,98.57,2.7799,-2.0,2.7799,
345,20兴业银行CD432,99.28,2.7000,2.01,2.7000,
346,20华夏银行CD233,97.16,2.9300,,2.9300,
347,20交通银行CD167,97.16,2.8999,-90.01,2.8999,
348,20中信银行CD255,97.82,2.9199,1.0,2.9150,
349,17农发15,105.35,3.4800,-2.0,3.4804,
350,20华润银行永续债,94.80,6.0403,-17.07,5.9713,
351,20于家堡MTN001,99.40,6.4621,5.19,6.4624,
352,16农发08,100.32,3.3000,1.0,3.2945,
353,16进出09,100.29,2.4958,-44.51,2.8462,
354,19农发07,100.23,2.9600,-1.8,2.9504,
355,20越秀集团MTN002,97.76,2.8548,1.0,2.8548,
356,20福州城投SCP007,99.63,3.3000,-10.64,3.3000,
357,17农发09,101.60,2.8700,-14.77,2.8689,
358,20兴业银行小微债02,96.21,3.6200,-15.72,3.6287,
359,20进出14,100.03,2.6801,-3.98,2.6811,
360,18中国银行二级01,102.14,4.5210,0.02,4.5208,
361,19附息国债04,100.73,2.9525,1.0,2.9403,
362,20桂林银行CD261,99.80,0.9977,-15.13,0.9977,
363,20浦发银行CD515,97.08,2.9900,-1.0,2.9857,
364,17京城建MTN001,103.33,3.7100,-8.91,3.7107,
365,20平安银行CD196,97.92,2.8206,,2.8206,
366,20民生银行CD504,99.28,2.6903,0.03,2.6845,
367,20重庆农村商行CD092,97.78,2.8799,1.0,2.8799,
368,20农发09,99.97,2.7000,2.0,2.6794,
369,20浦发银行CD513,96.49,3.6482,62.82,3.5556,
370,20民生银行CD174,98.01,2.7700,-3.0,2.7871,
371,20于家堡PPN001,98.30,7.2424,,7.2427,
372,20国开20,99.85,3.9100,-2.53,3.9202,
373,20中电信SCP016,99.94,2.8497,-5.08,2.8497,
374,20南电SCP012,100.04,2.8614,-6.86,2.8657,
375,16国开05,98.70,3.9150,-2.51,3.9046,
376,20宁波12,98.18,3.3000,,3.3000,
377,19附息国债07,100.98,3.0500,-22.58,3.0496,
378,20中国银行CD060,98.60,2.6303,-5.96,2.6303,
379,16农发18,100.67,3.4375,9.25,3.3379,
380,20昆交产SCP004,100.00,4.4994,,4.4990,
381,17广州银行二级,100.94,4.6231,-0.84,4.6265,
382,18农发08,102.95,3.0783,-2.32,3.0774,
383,20贴现国债53,99.37,2.4202,-11.94,2.4329,
384,16农发17,101.02,3.0750,-4.5,3.2404,
385,19蓉城轨交GN001,102.04,3.7083,-7.17,3.7093,
386,20广州城投MTN004,100.74,3.7625,-0.11,3.7621,
387,18四川债18,100.80,2.6599,-1.01,2.6641,
388,20中石油MTN003,97.25,3.7000,-6.87,3.7127,
389,18农发01,106.28,3.2990,-7.1,3.2938,
390,20深圳农商永续债,93.86,5.8516,-7.97,5.8513,
391,18附息国债23,101.18,2.8450,-3.5,2.8492,
392,20滨江房产MTN003,99.09,4.7455,,4.7455,
393,20农业银行小微债01,96.98,3.3577,-0.95,3.3530,
394,20华夏银行CD166,98.18,2.6498,,2.6498,
395,20曲金控PPN001,100.00,5.4999,,5.4995,
396,20兴业银行CD348,97.13,2.9500,-27.0,2.9500,
397,20农发清发02,96.77,3.4400,1.0,3.4400,
398,20浦发银行CD494,97.02,3.0407,4.07,3.0407,
399,20渤海银行CD519,98.55,2.9497,,2.9497,
400,20昆仑银行CD156,97.76,2.9699,-3.02,2.9699,
401,20深业MTN002,98.40,3.0694,-20.28,3.0693,
402,20民生银行CD363,97.14,2.9400,,2.9400,
403,20汉口银行CD094,97.73,3.0675,,3.0675,
404,20烟台银行CD151,96.29,3.8250,,3.8250,
405,20光明SCP007,99.89,2.9502,5.02,2.9534,
406,20赣州城投SCP001,99.84,3.5602,-45.98,3.5563,
407,20航天电子SCP002,99.98,2.8348,-51.43,2.8348,
408,16农发05,100.07,3.3150,-2.5,3.3033,
409,19国开16,99.56,2.9743,-28.09,2.9743,
410,20民生银行CD469,97.81,2.9399,-4.0,2.9399,
411,20浦发银行CD482,97.80,2.9499,1.0,2.9499,
412,20招商银行CD147,97.78,3.1000,-20.01,3.1000,
413,20中信银行CD014,97.31,2.6898,-34.04,2.6898,
414,20上海银行CD202,98.54,3.0301,,3.0301,
415,18进出02,100.18,2.4804,-2.34,2.5270,
416,20交通银行CD051,98.02,2.7699,-1.01,2.7699,
417,19中国银行永续债01,100.28,4.4000,1.0,4.4067,
418,20华夏银行CD097,98.47,0.8994,-70.0,1.1324,
419,20浦发银行CD524,97.09,2.9997,,2.9999,
420,19厦门债03,100.50,3.3084,-3.8,3.3084,
421,18贵州27,102.28,3.2775,-17.25,3.2775,
422,18锦州银行二级,98.19,5.2009,1.11,5.2005,
423,17新疆债17,101.76,2.8037,,2.8037,
424,17辽宁债02,100.59,2.7952,-7.66,2.7951,
425,19桐乡城投MTN001,102.13,4.2800,,4.2795,
426,20光大银行CD190,97.15,2.9200,-21.0,2.9233,
427,18大唐集PPN001,100.88,7.3435,-0.19,7.3435,
428,20光大银行CD069,97.44,2.6698,-3.03,2.6700,
429,20兴业银行CD138,97.98,2.7699,-3.0,2.7699,
430,20华融湘江银行CD175,97.27,3.7500,-10.0,3.7500,
431,20洛阳银行CD151,98.22,3.7501,14.0,3.7501,
432,20大连银行CD228,98.28,3.5499,1.0,3.5499,
433,19华融湘江小微债02,100.41,3.3739,-2.09,3.3720,
434,20中航机载MTN001,98.89,3.6100,-14.0,3.6100,
435,20光大银行CD099,98.45,1.6506,64.97,1.1498,
436,20浦发银行CD072,97.34,2.6803,1.0,2.6803,
437,19交通银行永续债,98.64,4.5985,-1.39,4.5985,
438,20中信银行CD317,97.07,3.0100,1.0,3.0100,
439,20浦发银行CD444,99.28,2.6801,-2.0,2.6801,
440,20光大证券CP013BC,100.00,1.7944,29.68,1.7944,
441,13国开31,102.62,3.0870,-3.53,3.0869,
442,20温州银行CD212,99.16,3.4496,,3.4496,
443,18浙江08,100.69,2.6604,-10.32,2.6604,
444,18湖北债09,103.25,3.2194,-10.56,3.2193,
445,20温州银行CD211,99.75,2.9495,,2.9495,
446,20交通银行01,99.37,3.4300,1.0,3.4140,
447,19工商银行二级03,100.75,4.2882,-0.5,4.2879,
448,20仪征城发PPN001,100.00,6.1998,,6.1998,
449,19富阳城投MTN003,102.01,4.2800,,4.2792,
450,20鑫华农业PPN001,97.20,4.6970,,4.6965,
451,20首旅SCP034,100.00,3.2397,,3.2397,
452,16进出02,100.07,2.5598,-0.03,2.5004,
453,20金隅MTN002,98.55,6.5072,,6.5069,
454,20TCL集MTN001,97.91,4.5879,-4.01,4.5879,
455,20农发06,99.69,2.6762,-0.38,2.6781,
456,17新郑投资PPN001,100.66,4.9120,,4.9124,
457,20闽电子MTN002,101.13,5.0502,-1.96,5.0502,
458,20豫鼎1A2,100.00,,,,
459,14国开22,105.99,3.2500,-3.0,3.2681,
460,20贴现国债51,99.38,2.4181,-11.24,2.4181,
461,19大唐集MTN002,100.09,6.1952,-2.45,6.1958,
462,20中信银行CD199,98.61,2.6802,-27.99,2.6802,
463,19蓝星MTN001,99.00,4.4400,1.89,4.4395,
464,20兴业银行CD121,98.03,2.7701,2.01,2.7709,
465,18光明MTN002,100.58,3.0546,-5.54,3.0505,
466,18进出13,100.74,2.7100,-4.0,2.7100,
467,19首开MTN001,100.56,3.7885,-0.98,3.7885,
468,20江宁城建MTN003,99.99,4.2017,0.06,4.2017,
469,19招商局MTN005A,100.31,6.4667,0.08,6.4665,
470,18中交建MTN002,100.81,7.0184,-0.71,7.0134,
471,20清浦城投MTN001,100.00,6.3698,,6.3698,
472,20苏国信SCP011,99.90,2.9000,-7.02,2.9000,
473,20浙能源SCP008,99.92,2.7701,-30.0,2.7720,
474,16附息国债26,90.76,3.9150,-2.0,3.9110,
475,20民生银行CD152,97.77,2.8001,1.0,2.8001,
476,14国开15,105.44,3.2112,0.12,3.2100,
477,20邢台路桥MTN001,101.70,5.7250,,5.7016,
478,19顺鑫MTN001,100.34,3.9800,1.0,3.9542,
479,15闽高速MTN002,102.50,3.3800,-17.41,3.3786,
480,20广东南粤银行CD319,99.74,3.0998,,3.0998,
481,20中信建投CP014,99.99,2.8996,-1.99,2.8996,
482,20招熙精诚ABN001优先,98.93,,,,
483,20进出08,99.78,2.7001,4.01,2.6449,
484,20兴业银行CD240,97.37,2.9001,1.0,2.8945,
485,16进出03,100.42,3.2388,-6.12,3.2590,
486,20大唐集MTN003,100.87,6.6254,-7.61,6.6254,
487,19碧桂园ABN001优先级,55.00,,,,
488,20交通银行02,100.13,3.4500,-3.09,3.4527,
489,20贴现国债46,99.48,1.0014,-9.61,0.9685,
490,18农发12,100.55,2.6800,-4.0,2.6890,
491,20烟台银行CD166,96.15,4.0000,1.0,4.0000,
492,18农发11,103.13,3.2950,0.5,3.2242,
493,20民生银行CD481,97.04,3.0200,4.01,2.9950,
494,20陕延油MTN006,100.50,6.8911,-2.48,6.8911,
495,18兴业绿色金融01,100.79,3.0247,-2.54,3.0473,
496,18光明MTN001,100.71,2.9800,-11.49,2.9859,
497,18附息国债21,100.40,2.6482,-0.18,2.6707,
498,20宝马金融PPN001BC(品种一),99.94,3.1148,0.51,3.1148,
499,17进出04,101.34,2.9233,-1.67,2.9233,
500,20招金SCP006,99.79,3.1906,-13.94,3.1950,
501,20海科金小微债01,100.00,4.8940,-0.26,4.8943,
502,20进出09,99.89,2.6999,4.0,2.6627,
503,19农发清发01,100.17,2.7001,-7.93,2.7028,
504,20成房置业PPN001,98.35,5.6265,-1.67,5.6267,
505,18渝保税MTN002,100.72,5.2968,1.0,5.2975,
506,20交通银行永续债,99.39,4.7317,14.6,4.7317,
507,20浙商银行小微债01,98.97,3.4400,-3.0,3.4564,
508,20湘高速MTN007,100.38,4.0520,-8.69,4.0529,
509,17进出09,101.72,2.9400,-12.0,2.8764,
510,18兖矿MTN004,99.88,3.2666,-9.36,3.2614,
511,20汇金MTN008A,98.79,3.4300,-4.78,3.4300,
512,19华电MTN001,100.57,6.5933,-0.64,6.5936,
513,20华阳新材CP020,100.00,5.4992,,5.4992,
514,20江西26,98.55,3.3000,,3.3000,
515,19北京债03,100.10,3.2980,0.8,3.2980,
516,14山西交投MTN001,101.09,4.2261,1.84,4.2201,
517,18中山农商二级,99.62,5.5595,3.24,5.5950,
518,20国开06,99.52,2.6500,-6.37,2.6650,
519,17远洋集团MTN001B,101.65,3.6600,-0.41,3.6600,
520,18云能投MTN001,99.87,5.1040,-139.6,5.1019,
521,18蓉城轨交GN001,101.28,3.7018,0.36,3.7003,
522,20交通银行CD007,97.18,2.6403,-6.0,2.6859,
523,20贾汪城投MTN001,100.10,6.1627,-8.44,6.1663,
524,20建设银行双创债,100.29,3.3900,-3.0,3.4087,
525,20民生银行CD561,97.07,3.0000,-27.64,3.0000,
526,19闽投MTN003,101.46,3.8185,-0.3,3.8204,
527,20中信银行CD318,97.08,2.9900,-2.99,2.9900,
528,20江苏银行CD019,97.26,2.7999,-36.82,2.7999,
529,19兴元2A3,69.74,,,,
530,20珠海华润银行CD048,96.93,3.2085,-18.14,3.2069,
531,20临空港投MTN001,99.07,4.5273,-3.57,4.5280,
532,20招银租赁债01,100.23,3.7619,-7.81,3.7601,
533,20浙能源MTN005,100.30,3.8800,5.0,3.8645,
534,17北京银行绿色金融02,101.60,3.2318,-17.82,3.2318,
535,20深地铁债08,100.38,3.6518,-1.0,3.6321,
536,20兴业银行CD155,97.90,2.8001,-37.0,2.7950,
537,20重庆农村商行CD244,99.26,2.7702,-54.95,2.7702,
538,20光大银行CD285,99.28,2.6803,1.0,2.6803,
539,20中铝SCP016,100.00,1.7971,,1.7971,
540,20余杭农商永续债01,95.32,6.0168,111.71,6.0167,
541,20拉萨城投SCP001,99.80,3.5801,-11.1,3.5778,
542,20闽漳龙SCP002,99.88,3.6003,-9.95,3.6003,
543,20申万宏源CP010BC,100.02,2.8636,-3.64,2.8502,
544,20光大银行CD186,97.14,2.9400,-41.0,2.9350,
545,20交通银行CD046,97.89,3.4499,67.98,3.4499,
546,20重庆农村商行CD254,96.92,3.1414,-30.86,3.1414,
547,20农业银行CD078,98.62,2.6904,0.56,2.6804,
548,19淮南矿MTN001,101.08,7.9811,-2.63,7.9811,
549,20宁波银行CD003,97.16,2.7006,-21.9,2.7006,
550,16信达二级资本债01,100.19,3.6586,-1.31,3.6586,
551,20浦发银行CD469,97.80,2.9500,1.0,2.9500,
552,20楚天智能SCP001,99.66,3.6499,1.98,3.6499,
553,20青白江PPN001,100.00,6.9828,-0.5,6.9849,
554,20中国银行CD066,98.62,2.6800,-20.0,2.6800,
555,20徽商银行CD150,96.99,3.1000,-4.89,3.1000,
556,20民生银行CD126,97.58,2.6698,-26.52,2.6698,
557,20津城建SCP007,98.10,7.4780,-3.29,7.1954,
558,20平安银行CD291,97.80,2.9500,5.0,2.9500,
559,20北京银行CD089,97.07,3.0100,,3.0100,
560,20浦发银行CD478,97.79,2.9799,2.99,2.9799,
561,20光大银行CD265,97.81,2.9399,3.98,2.9399,
562,20中化股SCP024,100.00,1.8023,-9.71,1.8023,
563,20华夏银行CD324,98.60,2.6401,,2.6401,
564,20兴业银行CD479,97.07,2.9899,,2.9899,
565,20广西债38,100.05,3.4300,8.0,3.4050,
566,20民生银行CD392,97.88,2.8401,4.02,2.8401,
567,20青岛银行CD112,97.72,3.0700,-15.0,3.0700,
568,20广州农村商业银行CD108,98.60,2.7298,,2.7298,
569,20浙商银行CD001,97.15,2.7001,1.0,2.7001,
570,20南航股MTN002,98.79,3.6329,0.05,3.5501,
571,19云建投MTN002,99.42,5.8300,1.0,5.8300,
572,20交通银行CD015,97.28,2.6899,-31.0,2.6899,
573,20兴业银行CD032,97.17,2.7001,1.04,2.7001,
574,20浦发银行CD466,97.81,2.9301,-6.99,2.9301,
575,20江苏银行CD126,97.91,2.8299,,2.8299,
576,20北京银行CD131,97.04,3.0000,-0.01,3.0000,
577,17张家公资MTN001,102.62,3.6600,1.0,3.6600,
578,20平安不动SCP007,99.91,3.2599,-7.55,3.2599,
579,20徽商银行CD091,98.55,2.8300,1.0,2.8300,
580,20中建八局SCP007,99.99,2.2290,-32.01,2.2290,
581,20杭州银行CD166,98.60,2.7301,1.0,2.7301,
582,20民生银行CD424,98.64,2.6701,-2.99,2.6701,
583,20光大银行CD054,97.34,2.6802,-46.97,2.6802,
584,20南电SCP009,99.84,2.7599,-21.43,2.7599,
585,20兴业银行CD131,97.97,2.7800,1.0,2.7800,
586,20中国银行CD086,99.29,2.5999,-9.99,2.5999,
587,20兴业银行CD523,97.07,2.9999,0.99,2.9999,
588,18和家1优先A,15.79,,,,
589,20宁波银行CD184,99.28,2.6894,,2.6894,
590,17陕延油MTN002,102.91,3.5504,-16.96,3.5504,
591,20交通银行CD212,97.83,2.9100,-4.99,2.9100,
592,20浙商银行CD065,96.75,3.6501,1.0,3.6501,
593,20宁波银行CD232,99.76,2.6791,-1.02,2.6791,
594,20上海农商银行CD131,97.01,3.0300,,3.0300,
595,20瓯海农商行CD062,99.28,2.9498,,2.9498,
596,20中信银行CD039,97.70,2.7989,-0.8,2.7394,
597,20交通银行CD020,97.24,2.6704,-6.28,2.6704,
598,20光大银行CD260,97.81,2.9400,-11.0,2.9400,
599,20贵阳银行CD137,96.87,3.2000,,3.2000,
600,20徽商银行CD071,98.58,2.7299,-3.03,2.7299,
601,20北京银行CD078,97.12,2.9800,-9.92,2.9800,
602,20聚盈建发ABN001优先,100.09,,,,
603,20陕交建SCP002,99.70,3.2137,-26.81,3.1993,
604,20苏交通SCP030,99.62,2.9665,-33.95,2.9632,
605,20浦发银行CD278,97.18,2.9299,,2.9299,
606,20川高速SCP008,100.08,3.4101,1.0,3.4101,
607,20苏沙钢MTN002,98.08,4.5174,-24.56,4.5174,
608,20湖南债51,99.51,3.1300,-13.0,3.1300,
609,20辽宁债31,99.77,3.4400,1.0,3.4400,
610,16柯桥国资MTN001,99.83,4.0521,1.0,4.0498,
611,20兴业消费金融债01,100.20,3.6147,-33.53,3.6147,
612,20兴业银行CD421,97.82,2.9199,-48.0,2.9199,
613,20工元乐居6A1,100.00,,,,
614,20交通银行CD250,97.84,2.9001,-33.99,2.9001,
615,20民生银行CD499,97.81,2.9301,-20.0,2.9301,
616,20民生银行CD031,97.22,2.7602,1.0,2.7602,
617,20中信银行CD280,97.81,2.9301,3.01,2.9301,
618,19华夏租赁01,100.07,3.4542,-7.58,3.4510,
619,20广核电力MTN001,99.99,3.6200,-8.8,3.6200,
620,20浦发银行CD506,97.81,2.9400,-4.0,2.9400,
621,16农发21,100.14,2.6901,-4.53,2.6961,
622,20汉口银行CD082,96.86,3.2500,13.5,3.2500,
623,18金地MTN001,104.24,3.7059,1.0,3.7059,
624,20农业银行CD124,97.83,2.9100,-5.0,2.9100,
625,20中信银行CD007,97.24,2.6700,,2.6700,
626,20民生银行CD366,97.14,2.9300,-4.99,2.9300,
627,20深地铁债03,99.67,3.3309,1.0,3.3309,
628,20深圳资本MTN001,99.44,3.7193,1.0,3.7193,
629,20民生银行CD566,97.10,2.9900,-4.0,2.9900,
630,20北京银行CD007,97.21,2.6998,-12.03,2.6998,
631,20银河证券CP012,100.00,2.9208,1.0,2.9208,
632,20东莞农村商业银行CD188,96.97,3.0900,1.0,3.0900,
633,20伟驰PPN002,98.02,5.9451,74.63,5.9455,
634,20京文投MTN002,97.10,6.1121,,6.1121,
635,19中原金控PPN001,100.56,5.5296,,5.5296,
636,20光大银行CD089,97.58,2.6898,-0.02,2.6898,
637,20广西北部湾银行CD395,99.25,2.9999,,2.9999,
638,20下城国投PPN001,97.50,3.8047,-8.8,3.8047,
639,20中国一汽MTN001,97.89,3.6635,-2.42,3.6635,
640,20黄金创业ABN001优先,99.99,,,,
641,19绿城房产MTN002,101.16,7.1982,-0.87,7.1982,
642,20特变MTN002,96.30,7.7599,,7.7597,
643,18农业银行二级01,101.11,4.2680,-0.29,4.2680,
644,20惠博ABN001优先A1,100.01,,,,
645,20杭城投CP001,100.08,3.2205,-1.95,3.2197,
646,20大唐集MTN001,98.18,5.7957,-1.65,5.7957,
647,20招商银行永续债01,96.78,4.7487,-8.87,4.7411,
648,14国开29,103.32,3.3000,-1.89,3.2741,
649,19泰隆银行二级,98.90,5.1562,-19.78,5.1638,
650,19进出06,100.55,2.9693,-4.07,2.9691,
651,20大余债,99.71,7.3202,-0.21,7.3202,
652,16恒天MTN001,84.40,25.9737,39.81,25.5612,
653,20南电MTN008,95.80,3.7437,-2.63,3.7148,
654,14附息国债09,113.44,3.5000,-3.0,3.4800,
655,07国债06,107.85,3.6300,-4.03,3.6300,
656,17广产投MTN001,101.41,3.9541,-9.19,3.9500,
657,20渝兴永MTN001,99.70,6.3672,,6.3672,
658,15长沙轨道债01,73.31,3.8500,,3.8491,
659,20漳州经发MTN001,98.65,4.2491,7.9,4.2491,
660,19六安城投MTN001,101.79,4.6382,3.82,4.6395,
661,20海淀国资SCP002,99.20,7.3003,-28.8,7.4733,
662,16靖江城投债,59.66,5.0070,-20.01,5.0000,
663,20鹰潭国控CP002,100.00,3.4605,-75.37,3.4605,
664,20泰达城发MTN002,98.40,6.6101,,6.6093,
665,19国新控股MTN003,100.57,3.8100,-5.85,3.8096,
666,20交通银行CD033,97.44,2.6698,-2.02,2.6755,
667,14昆山交发债,20.26,3.5847,-18.73,3.5671,
668,20国开战疫120,99.82,2.8801,1.0,2.8801,
669,18东湖管廊债,98.19,8.7320,,8.7310,
670,20中国银行CD095,97.82,2.9100,-5.0,2.9100,
671,20建设银行CD052,98.67,2.6005,,2.6005,
672,20苏国信MTN002,99.59,3.8590,-16.23,3.8590,
673,20新疆债28,96.77,3.6705,14.86,3.6705,
674,19民生银行二级01,100.70,4.3750,-9.2,4.3747,
675,20华侨城MTN002,97.62,5.8337,0.55,5.8341,
676,20南京交建SCP004,99.41,3.4601,-18.24,3.4601,
677,20海淀国资SCP003,98.83,7.3000,1.0,7.3000,
678,19国新控股MTN001,100.77,3.7200,1.0,3.7129,
679,19吉林国资MTN001,100.00,6.7823,,6.7823,
680,20中交路桥MTN001,100.10,7.2707,-0.87,7.2766,
681,14华能集MTN004,102.85,3.8916,-0.84,3.8916,
682,20平安租赁SCP011,99.92,3.2600,-13.79,3.2600,
683,20中化工SCP004,100.00,1.8995,-25.22,1.8995,
684,18通泰控股MTN002,101.53,4.6011,2.12,4.5997,
685,20慈溪建投MTN001,99.30,4.1691,-9.9,4.1691,
686,14长沙土开债,20.16,3.6932,-3.86,3.6932,
687,20豪江建设MTN001,98.14,6.1551,,6.1551,
688,20中金集MTN003,99.17,3.6679,-3.34,3.6701,
689,20浙江25,97.48,3.5300,1.0,3.5300,
690,11国开26,100.57,2.6301,-64.18,2.6301,
691,20附息国债03,98.63,2.8900,1.0,2.8966,
692,20连云港MTN001,97.45,5.9992,,5.9020,
693,20农业银行CD157,99.29,2.6797,-25.04,2.6797,
694,20晋焦煤MTN005A,98.56,4.1300,3.61,4.1300,
695,18平湖国资MTN001,100.46,5.0697,-1.5,5.0697,
696,20招联消费金融债01,99.70,3.6295,-39.05,3.6295,
697,20贴现国债33,98.95,2.3017,-29.85,2.3008,
698,15闽高速MTN001,102.62,3.3800,-2.35,3.3800,
699,15桂交投MTN001,100.32,3.7803,1.0,3.7803,
700,20温州银行CD095,96.77,3.7501,,3.7501,
701,20民生银行CD027,97.22,2.6799,-2.04,2.6799,
702,20成都银行永续债,97.45,5.4020,-10.76,5.4706,
703,20华能MTN003,99.42,6.3938,-0.15,6.3944,
704,20泰安城乡PPN001,98.23,5.4102,,5.5130,
705,19邯郸交建PPN004,100.59,4.6489,0.27,4.6481,
706,20民生银行CD370,98.61,2.6402,-6.0,2.6402,
707,20交通银行CD049,98.05,2.6999,-7.01,2.6999,
708,20光大银行永续债,99.38,4.7438,-9.99,4.7507,
709,20鲁黄金SCP011,99.41,3.1301,0.01,3.1284,
710,20北京银行CD043,97.89,2.8001,1.0,2.8001,
711,18华夏租赁01,100.59,3.4100,-4.0,3.3927,
712,20江苏银行CD107,97.12,2.9701,1.0,2.9701,
713,20进出04,99.89,2.5283,1.0,2.5411,
714,20中国银行CD081,99.29,2.6004,-9.92,2.6004,
715,17粤航运MTN001,102.21,3.8462,,3.8462,
716,20国开17,99.18,3.1963,27.04,3.1963,
717,20中国银行CD094,99.25,2.9403,14.06,2.9403,
718,20杭州银行CD194,97.61,3.2700,,3.2700,
719,20银河证券CP013,100.01,2.8503,-19.97,2.8503,
720,20金茂投资MTN002,100.11,3.7466,-1.96,3.7466,
721,20洪市政MTN002,99.50,6.5707,,6.5707,
722,20四川发电MTN002,99.50,7.4688,-4.57,7.4688,
723,20东莞银行CD190,98.56,2.8500,1.0,2.8500,
724,20招商银行CD087,97.23,2.9000,,2.9000,
725,19北辰科技MTN003,99.00,7.7995,-18.46,7.7995,
726,19北京债33,100.17,2.6849,-10.86,2.6849,
727,18晋中银行二级01,99.87,6.0208,-1.67,6.0198,
728,19华商银行02,100.09,3.7499,,3.7499,
729,19海峡银行02,100.09,3.8500,-0.26,3.8500,
730,20海峡银行01,99.79,3.9300,-4.07,3.9300,
731,18远洋控股ABN001优先,95.94,,,,
732,20浦发银行CD421,99.29,2.6694,-1.11,2.6727,
733,20招商蛇口SCP008,99.84,2.9663,-22.78,2.9663,
734,20华夏银行CD028,97.21,2.7000,1.0,2.7000,
735,20浦发银行CD039,97.26,2.6803,-30.94,2.6803,
736,20兴业银行CD041,97.15,2.6798,-2.07,2.6798,
737,20平安银行永续债01,96.83,4.7000,-10.79,4.7000,
738,20鄂交投债01,97.86,3.9413,-3.87,3.9413,
739,18招商银行二级01,101.29,4.4517,-2.88,4.4517,
740,20四川天府银行CD247,99.21,3.1501,-16.99,3.2067,
741,20民生银行CD529,97.04,3.0200,1.0,3.0200,
742,20兴业银行CD444,99.28,2.6499,-15.01,2.6499,
743,16莱州农商二级,99.39,4.5684,-0.22,4.5681,
744,18广业绿色债01,102.72,4.3734,,4.3734,
745,20中色MTN006,100.00,7.5722,0.11,7.5722,
746,20甬开投MTN001,96.35,4.2592,0.92,4.2592,
747,19鲁高速MTN005,100.06,3.9027,-24.87,3.9027,
748,16莱商银行二级,100.00,4.6961,-0.08,4.6961,
749,18金隅MTN002,101.00,8.5888,0.72,8.5888,
750,18星展银行01,100.75,3.1434,-29.36,3.3960,
751,17杭州银行二级,101.15,4.5906,-2.52,4.6216,
752,20中外运ABN001优先,100.00,,,,
753,19靖江北辰MTN001,99.92,7.2096,78.54,7.2084,
754,20中石油MTN002,97.36,3.6713,-9.87,3.6855,
755,20深投控MTN001,98.78,3.5200,-16.46,3.5188,
756,18越秀集团MTN005,100.87,7.2652,0.15,7.2655,
757,20深圳地铁SCP003,99.89,2.9502,-51.98,2.9502,
758,20山东国惠MTN001,98.15,4.3224,4.96,4.3205,
759,20深业MTN001,98.94,3.6000,-12.0,3.6050,
760,19青岛北城MTN001,100.58,3.8900,-10.46,3.8900,
761,19芜湖建设MTN001,100.81,4.2598,-7.29,4.2598,
762,20兴业银行小微债05,99.99,3.4480,-0.2,3.4501,
763,20进出02,98.95,2.8925,-1.75,2.9090,
764,16金地MTN003,100.08,3.3254,-9.7,3.3277,
765,20平安银行CD089,97.76,3.4701,67.01,3.2787,
766,20天津农村商业银行CD637,99.21,3.2001,-19.96,3.2001,
767,20惠致ABN001优先A2,99.25,,,,
768,20北京银行CD052,97.06,4.7134,67.17,4.7134,
769,20民生银行CD376,98.59,2.7000,5.02,2.6856,
770,18国开投MTN001A,100.70,3.0712,-6.88,3.0712,
771,20厦门国际银行CD128,97.73,3.0800,,3.0800,
772,20广东顺德农商行CD146,98.55,2.8300,-14.0,2.8300,
773,15三峡MTN001,104.49,3.7113,0.13,3.7107,
774,18兖矿MTN001,100.31,3.3404,-15.99,3.3404,
775,20大连银行CD260,99.12,3.5999,,3.5999,
776,20长沙银行CD184,98.55,2.8999,,2.8999,
777,20汉江国资SCP005,99.92,3.3593,,3.3480,
778,14马城投债,20.21,3.7192,-5.02,3.7192,
779,20青岛银行CD095,97.74,3.0300,,3.0300,
780,20西安银行CD079,97.74,3.0401,,3.0401,
781,20北部湾CP001,99.35,3.8202,1.03,3.8202,
782,20江西银行CD090,98.52,2.9001,,2.9001,
783,20青岛农商行CD199,99.31,2.7498,,2.7498,
784,20汇金MTN010B,100.00,3.6283,1.0,3.6283,
785,20南洋银行01,100.00,4.0800,0.01,4.0799,
786,20上饶城投PPN002,100.29,4.4461,-15.6,4.4465,
787,19华润MTN003A,100.35,3.2643,-6.0,3.2599,
788,19鄂交投MTN005,100.16,3.9060,-12.54,3.9060,
789,20潍坊滨投PPN001,98.96,5.4802,,5.4802,
790,19大足工业MTN001,100.87,6.3746,3.05,6.3750,
791,17莒县农商二级,97.78,5.4246,,5.4256,
792,16泰达投资MTN001,95.28,7.4852,,7.4186,
793,20浙商银行小微债02,97.93,3.4500,1.0,3.4547,
794,16东航集MTN001,100.23,2.9636,-4.68,2.9722,
795,18陕交建MTN001,104.09,3.8200,-6.77,3.8211,
796,19四川债24,99.81,3.2200,,3.2200,
797,20进出674,99.49,0.8995,-10.95,0.8995,
798,20华能MTN001,98.11,5.8031,-1.98,5.8031,
799,16张店农商二级,99.07,4.7818,,4.7829,
800,20苏交通MTN003,96.41,3.8687,-1.98,3.8692,
801,19金融街投MTN001,100.51,3.4800,-5.0,3.4805,
802,17徐州经开GN001,102.51,4.2870,-0.3,4.2876,
803,20川能投MTN003,99.96,7.1683,-3.36,7.1675,
804,18济南轨交MTN001,100.79,4.1424,-1.04,4.1433,
805,20中化沁雪ABN004次,100.01,,,,
806,19广安控股MTN001,99.64,4.0027,-3.73,4.0000,
807,20市北高新SCP004,99.88,3.4498,-8.99,3.4498,
808,19湘高速MTN002,100.85,4.0500,-4.17,4.0505,
809,20中交三航SCP002,100.01,2.4015,1.0,2.3601,
810,16新世界MTN001,100.02,3.4955,-11.41,3.4901,
811,17湖州城建PPN001,102.04,5.3198,-28.93,5.3186,
812,17湖北银行二级,100.00,4.9947,-0.03,4.9522,
813,18日照港MTN002,100.69,5.2485,0.16,5.2462,
814,17中国银行二级01,101.16,4.2468,0.27,4.2468,
815,20粤能源MTN001,97.98,3.5200,-9.0,3.5189,
816,20浦发银行CD366,97.86,2.8401,-1.0,2.8234,
817,18浦发银行二级02,102.08,4.6304,-8.11,4.6304,
818,18上海12,100.82,2.6200,-9.01,2.6200,
819,20民生银行CD544,99.28,2.7002,-54.94,2.7002,
820,18津地铁MTN001,100.69,3.6249,,3.6249,
821,19赣高速MTN001,101.01,3.7100,-14.85,3.7093,
822,20青岛国信SCP002,99.89,3.2206,2.09,3.2206,
823,16中科资产MTN001,100.07,3.1901,-2.95,3.1852,
824,19深航空MTN001,100.42,3.3658,-8.43,3.3658,
825,20渤海银行CD378,97.64,3.3000,1.0,3.3000,
826,20上海银行CD299,99.32,2.7401,3.03,2.7322,
827,20厦门银行永续债01,94.77,6.0500,-16.34,6.0498,
828,19金隅MTN002,99.58,4.0618,-10.64,4.1190,
829,20镜湖开发MTN003,98.75,4.3381,-4.93,4.3376,
830,20天台债01,99.38,4.9434,,4.9434,
831,18镇海投资PPN001,100.11,5.1882,13.39,5.1882,
832,18北京债08,101.85,3.1700,-2.86,3.1708,
833,18湖北科投MTN002,100.60,9.6462,2.63,9.6460,
834,19大丰海港PPN001,98.35,8.8872,72.03,8.8863,
835,20越秀租赁SCP007,99.81,3.6178,3.53,3.6178,
836,20福建34,100.31,3.2551,-4.75,3.2553,
837,20金地MTN002,98.47,3.9635,-6.94,3.9635,
838,20苏国信MTN006,96.80,3.8665,-3.22,3.8665,
839,20瑞泽2B,100.01,,,,
840,20国开04,99.60,3.5038,-0.62,3.5006,
841,16华侨城MTN001,100.11,2.9499,-28.78,2.9523,
842,16冀中能源MTN001,99.11,16.5108,-33597.91,44.1101,
843,18恒健MTN001,100.44,2.9499,10.0,2.9604,
844,18中建四局MTN003,100.62,3.4856,-15.12,3.4939,
845,19光明MTN001,99.86,3.4271,-13.57,3.4276,
846,18平安银行01,100.65,3.1052,0.52,3.1025,
847,19国开09,100.39,3.4200,-3.99,3.4201,
848,20中信银行CD162,98.62,2.6501,-2.0,2.6592,
849,19中石油MTN006,99.58,3.6986,-0.28,3.6939,
850,20江苏银行CD196,97.01,3.0400,-2.0,3.0400,
851,20农业银行CD030,97.99,2.7425,-1.71,2.7425,
852,20农发08,100.68,3.2900,1.0,3.2950,
853,17金融街MTN001B,101.61,3.3500,-5.42,3.3500,
854,19德感工业MTN001,100.58,7.0969,-18.52,7.0969,
855,20苏交通SCP022,99.75,2.9000,-30.86,2.9000,
856,18台州银行小微01,100.64,3.3701,-13.98,3.3720,
857,20渤海银行小微债,99.66,3.6820,-3.21,3.6800,
858,20青山湖科CP002,99.54,3.9645,-16.55,3.9679,
859,20鲁高速(疫情防控债)MTN001,98.88,3.6000,-5.2,3.5995,
860,20广州城投MTN003,100.72,3.7587,-16.08,3.7582,
861,19淄博城运MTN001,99.93,4.3227,2.48,4.3227,
862,20东莞银行CD215,99.26,2.7006,,2.7006,
863,20南航集SCP008,99.93,2.8996,-5.06,2.8996,
864,18平安不动MTN002,100.84,3.3940,-17.6,3.3940,
865,20进出11,100.37,3.6945,-3.55,3.6948,
866,20广东债64,94.64,3.5560,-4.4,3.5780,
867,20中交集MTN001,100.99,6.8974,-0.11,6.8966,
868,20杭州银行CD011,97.11,2.7206,,2.7206,
869,20徐州经开SCP001,99.88,3.7996,9.89,3.7996,
870,18清江浦PPN001,98.26,8.2158,-18.59,8.2391,
871,20重庆银行CD149,96.95,3.0938,-20.11,3.0938,
872,20石国投CP001,99.95,3.3202,-0.01,3.3202,
873,20红狮CP001,99.97,3.8500,-42.03,3.8500,
874,20东航SCP012,99.94,2.9003,-9.89,2.9003,
875,15匀棚改项目债,59.38,7.7015,28.02,7.6924,
876,20海沧投资SCP001,99.87,4.0000,5.06,3.9696,
877,20晋能MTN014,98.08,5.3235,,5.3235,
878,20武汉港航SCP001,99.96,4.1497,17.1,4.1497,
879,20金融街SCP003,99.94,3.1258,-17.41,3.1258,
880,18豫交投MTN001,102.95,4.1600,8.71,4.1611,
881,16长江电力MTN002,100.05,3.0000,-10.0,2.9975,
882,20华能MTN002,98.84,6.1136,-1.1,6.1136,
883,19九江城投MTN002,100.74,4.1991,-1.23,4.1991,
884,20平安银行CD036,97.26,2.6500,-4.98,2.6500,
885,16附息国债13,96.17,3.8800,,3.8800,
886,11附息国债05,108.17,3.7300,1.0,3.7300,
887,19浙江债03,100.00,3.1900,1.0,3.1900,
888,20哈尔滨银行CD137,96.82,3.6998,,3.6998,
889,20天府租赁债,99.26,4.4928,7.43,4.5358,
890,20海通恒信SCP009,99.86,3.5116,,3.5056,
891,20平安银行CD257,97.47,3.5801,64.01,3.5801,
892,20平安银行CD144,97.08,3.4699,56.99,3.4699,
893,16衡阳城投MTN002,99.53,3.8285,-4.74,3.8285,
894,20国药租赁SCP006,99.59,3.6599,3.0,3.6449,
895,20中国银行CD109,98.61,2.7900,1.0,2.7900,
896,20华融湘江银行CD163,97.37,3.6073,-29.27,3.6073,
897,18中联重科MTN001,100.61,4.2640,-2.03,4.2622,
898,20广发银行CD235,98.59,2.8399,-30.79,2.8399,
899,20光大银行CD103,97.78,2.7598,-24.01,2.7598,
900,19汤山建设MTN001,100.23,3.9453,0.97,3.9500,
901,20广发银行CD233,99.32,2.6699,-0.03,2.6699,
902,20中色MTN002,100.00,7.2659,,7.2659,
903,20四川发电MTN001,98.99,7.3485,,7.3485,
904,20西安银行CD031,97.85,2.8500,-17.01,2.8500,
905,20大唐山东MTN003,99.62,7.6413,-0.93,7.6413,
906,20广州地铁MTN002,95.58,3.8600,-5.07,3.8594,
907,19青岛银行债01,100.32,3.4000,,3.4000,
908,20吴江城投SCP003,99.70,3.4536,-29.5,3.4590,
909,20东方证券CP006,100.00,2.9003,-2.0,2.9003,
910,20光大银行CD121,98.17,2.6900,-41.0,2.6900,
911,14进出30,100.82,2.6200,-16.99,2.6200,
912,20哈尔滨银行CD279,98.23,3.7000,,3.7000,
913,20国网租赁SCP008,99.90,3.8004,-4.99,3.8004,
914,20青岛银行CD005,97.09,2.8004,,2.8050,
915,16平阳债,59.97,5.0086,1.71,5.0001,
916,20民生银行CD404,98.61,2.6799,-62.02,2.6799,
917,16陕煤化MTN001,101.16,3.8745,-2.99,3.8701,
918,20中信银行CD094,98.17,2.6800,-10.01,2.6800,
919,20中国银行CD010,97.45,4.4610,170.09,4.4610,
920,20中化工MTN011,97.83,4.2600,-12.0,4.2591,
921,20中信银行CD319,97.77,4.6801,82.18,4.6801,
922,20兴业银行CD089,97.60,2.6802,-26.98,2.6802,
923,17咸宁城投债,92.13,5.2800,,5.2800,
924,18中建二局MTN001,102.49,3.8782,-7.18,3.8782,
925,20重庆银行CD183,99.81,0.7988,-25.09,0.7988,
926,19海陵资产PPN003,102.17,5.6974,-75.65,5.6954,
927,20四川机场GN001,99.46,3.7080,,3.7100,
928,17陕西能源MTN003,102.29,3.9000,-3.31,3.9036,
929,18安徽债09,101.83,3.0950,-8.5,3.0950,
930,20北京银行CD038,97.98,2.8200,-1.5,2.8200,
931,18鲁商MTN003,99.40,10.4352,,10.4350,
932,18相城城建MTN002,100.75,3.6454,-10.01,3.6486,
933,16附息国债04,99.05,3.0523,-0.77,3.0523,
934,20重庆交投MTN001A,97.50,3.7978,-7.29,3.8000,
935,16博兴农商二级,99.03,4.8911,,4.8921,
936,20六合交通PPN004,99.95,4.4698,,4.4698,
937,20兴业银行CD127,97.45,4.4267,143.68,4.4267,
938,20光大银行CD257,97.10,4.2360,131.6,4.2360,
939,12国开49,102.53,3.0100,-10.0,3.0092,
940,20民生银行CD509,97.05,3.0000,0.64,3.0000,
941,20农业银行CD068,98.64,2.5999,-42.01,2.5999,
942,20华融湘江银行CD080,97.01,3.0700,,3.0700,
943,20浦发银行CD409,97.85,2.9000,,2.9000,
944,11附息国债12,111.75,3.9000,,3.9000,
945,16邮储银行二级01,99.92,3.3146,-0.93,3.3301,
946,20闽漳龙SCP005,100.06,3.5736,-10.57,3.5736,
947,20深圳特发SCP002,99.81,3.0395,2.4,3.0373,
948,18滨江房产MTN001,100.51,3.8944,-7.14,3.8944,
949,20长沙银行CD143,96.99,3.0500,,3.0500,
950,20厦翔业SCP021,100.03,2.9398,-0.99,2.9398,
951,18华润MTN002,101.42,3.6084,-10.16,3.6102,
952,14江苏债02,100.90,2.6000,,2.6000,
953,20中国银行CD082,97.83,2.9101,2.0,2.9101,
954,20浦发银行CD030,97.20,2.6998,1.01,2.6998,
955,20广发证券CP009BC,100.00,3.1000,-30.02,3.1000,
956,20东航SCP013,99.91,2.8994,-5.05,2.8994,
957,16京控MTN001,100.12,2.7201,-22.01,2.7201,
958,19深圳能源绿色债01,101.06,3.8951,-0.11,3.8951,
959,20中电投SCP024,99.97,2.9198,-8.1,2.9198,
960,20光大银行CD275,97.82,2.9100,-2.01,2.9100,
961,20滨湖建设MTN002,97.60,4.4426,,4.4426,
962,19浙资运营MTN001,101.06,3.3400,-17.62,3.3381,
963,20交通银行CD226,97.81,2.9299,-32.01,2.9299,
964,20冀交投MTN003,100.47,4.0719,-17.71,4.0704,
965,20北京银行CD141,97.01,3.0400,-16.0,3.0400,
966,20厦门债08,95.71,3.8300,-7.0,3.8325,
967,20洛阳银行CD154,98.20,3.7800,,3.7800,
968,20齐鲁银行小微债01,100.10,3.7600,-3.0,3.7600,
969,20郑州银行CD112,96.94,3.6500,65.0,3.6500,
970,20民生银行CD343,98.61,2.6799,-1.0,2.6799,
971,20农业银行CD136,99.27,2.6798,5.94,2.6550,
972,20郑州银行CD170,97.00,3.0592,,3.0592,
973,20中信银行CD080,97.83,2.8099,-1.01,2.8099,
974,20中化工MTN003,98.29,3.9700,1.0,3.9713,
975,16芜湖交投专项债01,60.24,4.1700,,4.1668,
976,20天津银行CD052,97.41,2.9101,1.0,2.9101,
977,18福建04,103.48,3.3100,,3.3150,
978,20浦发银行CD486,97.81,2.9500,1.0,2.9500,
979,20进出清发01,99.97,2.6900,-3.0,2.7000,
980,20成都高新PPN001,99.00,4.6702,35.74,4.6705,
981,16兴安债,59.08,7.0000,66.02,7.0000,
982,19甘国投MTN001,99.99,4.0000,,4.0000,
983,18海运集装MTN001,100.71,3.3737,-7.63,3.3719,
984,20北京银行CD027,97.75,2.8002,0.03,2.8002,
985,20平安银行CD210,97.13,2.9501,-2.99,2.9501,
986,20华夏银行CD172,98.17,2.6702,,2.6702,
987,20张江高科MTN002,100.13,3.6481,-9.19,3.6491,
988,20南京银行CD140,98.55,2.8199,1.99,2.8199,
989,20重庆09,97.75,3.9500,,3.9500,
990,20兴业银行CD451,99.28,2.6998,1.0,2.6998,
991,20广发银行CD111,98.86,2.6707,2.09,2.6707,
992,20陕西重汽SCP001,99.64,3.4500,0.01,3.4500,
993,20浦发银行CD331,97.90,2.8300,1.0,2.8300,
994,20平安银行CD255,99.29,2.6694,-18.08,2.6694,
995,18汾湖投资MTN003,101.64,4.1160,0.6,4.1160,
996,20信创ABN002优先,99.45,,,,
997,20农业银行CD014,97.59,2.6598,-19.67,2.6598,
998,20陕煤化SCP002,99.83,3.5198,0.99,3.5099,
999,20宁夏银行CD039,98.10,1.4008,,1.4008,
1000,20中原银行CD029,97.24,2.8502,,2.8502,
1001,18金潼工业MTN001,100.86,5.6243,138.29,5.6222,
1002,20杭州银行CD220,96.97,3.1000,,3.1000,
1003,20兴业银行CD311,97.14,2.9500,1.0,2.9500,
1004,20交通银行CD230,97.78,2.9772,-0.34,2.9772,
1005,20农业银行CD143,97.81,2.9370,-0.34,2.9370,
1006,20农业银行CD137,97.95,4.6159,-0.59,4.6159,
1007,20华夏银行CD062,97.34,2.6899,,2.6899,
1008,20创维集团(疫情防控债)MTN001,97.70,6.6329,,6.6329,
1009,15海安城改债,40.52,4.1092,,4.1047,
1010,19荆建投债,100.00,7.1907,,7.1907,
1011,20中信银行CD049,97.98,2.7701,,2.7701,
1012,20建设银行CD048,98.70,2.5997,-0.01,2.5997,
1013,16山东债22,99.95,2.6501,,2.6551,
1014,20华夏银行(防疫专项)CD126,97.98,2.7701,-23.0,2.7701,
1015,20洛阳银行CD179,99.20,3.2499,,3.2499,
1016,19深圳创投MTN002,100.73,4.0400,-9.18,4.0409,
1017,20厦门国际银行CD066,97.84,2.8501,-23.0,2.8501,
1018,18浙能源MTN004,100.94,3.7300,1.0,3.7300,
1019,20中信银行CD184,97.14,2.9300,-40.01,2.9300,
1020,18铁道10,107.19,3.6000,1.0,3.6000,
1021,20深圳农商银行CD015,99.28,2.7493,,2.7493,
1022,16鲁高速集MTN001,100.09,2.8501,-5.78,2.8501,
1023,20福耀玻璃MTN002,97.69,3.8000,-6.72,3.7989,
1024,20光大银行CD311,97.81,2.9501,,2.9501,
1025,18越秀金融MTN002,103.19,3.5635,1.0,3.5635,
1026,17金禹水投MTN001,99.20,6.7949,2.16,6.7943,
1027,17金禹水投MTN002,99.30,6.8782,-4.69,6.8776,
1028,20青岛农商行CD029,97.50,2.7499,,2.7499,
1029,20青岛银行CD015,97.12,2.7599,,2.7599,
1030,20兆润投资MTN002,99.69,3.8700,-14.0,3.8700,
1031,20华夏银行CD064,97.34,2.7001,-30.74,2.7001,
1032,20兴业银行CD094,98.43,0.9004,-30.14,0.9004,
1033,20深圳高速SCP002,99.87,2.8498,-21.02,2.8555,
1034,17工商银行二级01,101.16,4.2505,-2.7,4.2505,
1035,20广发银行CD227,97.04,3.0200,-2.24,3.0200,
1036,18如皋沿江MTN002,101.19,5.2507,-15.6,5.2507,
1037,19建设银行永续债,98.71,4.5856,0.39,4.5856,
1038,18宜兴经开MTN001,101.52,4.2161,2.7,4.2161,
1039,20光大银行CD276,97.81,2.9301,-20.99,2.9301,
1040,20渤海银行CD374,98.55,2.7999,5.0,2.7999,
1041,20交通银行CD038,97.63,2.6702,0.02,2.6702,
1042,20大同煤矿CP007,97.95,6.4500,,6.4500,
1043,20平安银行CD202,97.14,2.9300,-46.12,2.9300,
1044,20恒丰银行CD326,97.72,3.1001,,3.1001,
1045,19甘公投MTN004,98.76,4.5406,12.06,4.5406,
1046,19武汉城投PPN001,100.14,4.2002,4.02,4.1999,
1047,20北京银行CD119,97.04,3.0200,1.0,3.0200,
1048,20中信银行CD156,97.14,2.9500,0.01,2.9526,
1049,20长沙银行小微债02,100.27,3.6018,-9.79,3.5995,
1050,20山西债38,100.10,3.1800,-5.0,3.1800,
1051,20光大银行CD307,97.84,2.9000,-23.0,2.9000,
1052,20浙商银行CD087,97.04,3.0201,,3.0201,
1053,20东莞银行CD098,98.75,2.6994,,2.6994,
1054,20建设银行CD083,97.15,2.9199,2.99,2.9199,
1055,18宁波银行01,100.57,2.7100,1.0,2.7100,
1056,20厦港务MTN006,100.07,3.7519,-2.57,3.7500,
1057,20富滇银行CD007,96.84,3.2396,,3.2396,
1058,20农业银行CD082,98.61,2.6702,-1.98,2.6702,
1059,20浦发银行CD008,97.17,2.6893,1.0,2.6893,
1060,20交通银行CD009,97.17,2.6794,4.89,2.6794,
1061,18郑州经开PPN001,101.05,4.5758,2.58,4.5758,
1062,20长沙银行双创债,100.45,3.5680,-8.2,3.5700,
1063,20贵州大方农商银行CD016,99.17,3.4001,,3.4001,
1064,20中信银行CD231,97.87,2.8500,,2.8500,
1065,20中信银行CD251,97.83,2.9099,-4.28,2.9099,
1066,20晋建专项债02,97.10,5.0887,,5.0887,
1067,20民生银行CD516,97.06,3.0000,-2.0,3.0000,
1068,20贵州高速SCP003,99.85,3.5002,,3.5002,
1069,20宁波通商银行CD242,99.23,2.9497,,2.9497,
1070,18天津农商二级01,101.19,5.6986,-19.56,5.6986,
1071,20洛阳银行CD176,99.21,3.1498,-5.01,3.1498,
1072,20重庆银行CD140,96.97,3.0500,1.0,3.0500,
1073,20北汽新能SCP002,99.93,4.0008,1.0,4.0008,
1074,20平安人寿,98.21,4.3064,-0.02,4.3064,
1075,20贴现国债54,98.69,2.6200,-4.0,2.6200,
1076,20首钢SCP008,99.72,3.2022,-0.01,3.2022,
1077,20陕投集团MTN003,96.18,4.3086,,4.3086,
1078,19平安银行CD291,97.03,0.4992,-19.52,0.4992,
1079,20湖南45,96.56,3.9487,,3.9487,
1080,20苏国信SCP029,99.92,2.9696,1.0,2.9696,
1081,20川高速SCP005,99.68,3.1199,-27.08,3.1199,
1082,20齐鲁银行CD054,99.25,2.8098,-31.03,2.8098,
1083,20中信银行CD022,97.63,2.6702,1.0,2.6702,
1084,19长春欧亚MTN001,98.02,7.7773,125.67,7.7773,
1085,20浦发银行CD142,98.09,2.7501,-4.98,2.7501,
1086,20渤海银行CD412,99.27,2.7004,-4.96,2.7004,
1087,20交通银行CD102,98.21,2.6899,1.0,2.6899,
1088,20赣州银行CD054,96.79,3.2899,-0.01,3.2899,
1089,20洛阳银行CD180,99.21,3.2002,-24.88,3.2002,
1090,20广东华兴银行CD063,96.88,2.9999,,2.9999,
1091,20武汉农商行CD084,98.26,3.5492,-0.04,3.5492,
1092,18金光纸业MTN001,99.76,7.8305,6.69,7.8305,
1093,18山东09,101.33,3.1300,,3.1300,
1094,19陕投集团MTN001,101.00,4.1554,,4.1554,
1095,19桂林银行二级01,98.50,5.4260,5.1,5.4260,
1096,17能兴专项债,100.80,6.5012,0.12,6.6249,
1097,16郓城农商二级,98.16,5.0651,,5.0662,
1098,20农发01,99.98,2.6697,-5.01,2.7055,
1099,18越秀集团MTN001,103.37,3.5600,-0.23,3.5605,
1100,16韶关债,68.35,4.6778,0.42,4.6778,
1101,17新海连MTN002,101.86,5.0800,34.66,5.0809,
1102,19鲁宏桥MTN001,88.07,16.2040,,16.2327,
1103,20广州地铁MTN001,97.39,3.4560,-4.4,3.5208,
1104,18铁道11,102.33,3.3600,-12.0,3.3600,
1105,19潍坊滨投MTN002,100.00,5.1508,-35.94,5.1508,
1106,19长交绿色债01,101.70,5.4594,23.97,5.4594,
1107,19首发PPN001,100.00,4.2576,,4.2576,
1108,17国开02,101.05,3.9200,1.0,3.9133,
1109,20闽冶金MTN001,99.17,3.9580,-12.92,3.9580,
1110,19亦庄控股MTN001,100.23,3.4896,-29.88,3.4896,
1111,20农业银行二级01,95.07,3.7320,0.03,3.7320,
1112,20延安新投MTN001,100.00,5.9987,-0.1,5.9987,
1113,20邯郸交建PPN004,100.68,4.9205,,4.9205,
1114,19巴南公路PPN003,99.80,7.1082,,7.1086,
1115,18晋煤MTN004,100.92,8.3747,2.1,8.3747,
1116,20威海产投CP001,99.60,4.0999,65.01,4.0778,
1117,20宁波港SCP002,99.91,3.1995,1.0,3.1995,
1118,20杭金投MTN003,100.27,4.0388,10.97,4.0388,
1119,20生态城投MTN001,98.30,5.7483,,5.7483,
1120,19杭州银行二级,99.20,4.7130,-1.91,4.7130,
1121,20顺德投资PPN001,99.67,5.1315,,5.1305,
1122,20建设银行CD060,97.26,2.7913,1.0,2.7913,
1123,20兴发专项债,97.54,7.6926,,7.6926,
1124,20浙江债24,96.55,3.9490,,3.9490,
1125,20北电MTN002,100.00,7.6894,1.17,7.6894,
1126,17泗阳专项债,81.40,6.4355,-33.69,6.4368,
1127,18兴城建MTN002,100.53,3.8500,-10.0,3.8444,
1128,14宣城债,20.20,3.8906,-18.61,3.9182,
1129,18江津华信MTN001,104.51,4.4500,-15.23,4.4492,
1130,16苏广电MTN001,100.04,3.2041,-2.66,3.2114,
1131,19华兴银行二级,98.52,5.4122,-8.68,5.4961,
1132,20京城投PPN002,100.00,4.1996,-0.01,4.1996,
1133,17江岸国资MTN001,102.66,3.9300,,3.9283,
1134,20甬交投MTN001,99.47,3.7779,-9.21,3.7800,
1135,16晋能MTN002,100.89,9.2726,2.42,9.2758,
1136,20浦发银行CD217,98.18,2.6698,1.97,2.6698,
1137,19粤资产PPN002,99.91,4.1832,0.05,4.1832,
1138,20越秀租赁SCP008,99.70,3.5899,1.0,3.5845,
1139,19首钢MTN001,100.02,4.2821,-6.96,4.2953,
1140,20民生银行CD520,97.80,2.9599,-14.0,2.9599,
1141,20广物控股SCP009,99.91,3.5101,-27.98,3.5101,
1142,18余姚城投MTN004,101.34,8.3342,-10.89,8.3337,
1143,18河钢集MTN002,101.61,5.0024,22.0,5.0012,
1144,18中建一局MTN001A,100.98,7.4852,0.96,7.4852,
1145,19赣州城投MTN001,100.67,4.1851,-3.83,4.1851,
1146,20厦门银行CD012,97.11,2.7501,,2.7501,
1147,20成都环境MTN001,97.10,3.8123,-6.06,3.8072,
1148,20武夷投资MTN002,98.31,4.5354,-2.83,4.5453,
1149,19抚州投资MTN004,98.10,5.0153,,5.0151,
1150,19沛县城投PPN001,100.77,5.7823,0.06,5.7859,
1151,19国开12,100.08,2.6999,-3.01,2.6975,
1152,16江门滨江PPN002,100.07,4.5354,-9.68,4.5339,
1153,19京国资MTN002,99.61,3.7585,-10.15,3.7553,
1154,20兴业银行CD530,97.08,2.9999,-11.98,2.9999,
1155,20建信租赁债01,99.91,3.7300,1.0,3.7300,
1156,20中交一航SCP004,100.01,2.2989,-40.19,2.2989,
1157,20国电MTN001,97.68,3.5500,-5.78,3.5489,
1158,16禹城农商二级,99.08,4.7798,,4.7808,
1159,19川高速MTN002,99.90,3.5968,,3.6000,
1160,20阳煤CP005,99.10,5.1899,1.0,5.1899,
1161,18蒙电华能PPN001,100.83,3.9000,,3.9000,
1162,19苏州国际MTN001,101.75,3.9100,-8.16,3.9106,
1163,20乌经开SCP001,99.83,3.9135,-5.58,3.9001,
1164,20杭州银行CD179,99.30,2.6894,,2.6894,
1165,19河钢租赁ABN002优先,100.13,,,,
1166,18保利房产MTN002,100.64,2.9999,-29.27,2.9999,
1167,17龙湖绿色债01,99.71,3.9114,0.14,3.9114,
1168,20农业银行CD147,97.07,2.9900,-9.34,2.9900,
1169,17京国资MTN001,102.02,3.3768,-5.13,3.3784,
1170,20华润控股MTN001A,97.87,3.6277,-8.12,3.6289,
1171,19荆州城投PPN001,100.31,5.1823,,5.1589,
1172,16开福城投债02,59.07,4.7155,-4.99,4.7101,
1173,20皖出版SCP003,99.83,3.4319,-15.08,3.4432,
1174,19娄城高新MTN002,103.03,4.5017,,4.4936,
1175,18万科MTN001,100.72,3.2000,-4.47,3.2000,
1176,16如皋农商二级,99.54,4.3893,,4.3893,
1177,20廊坊银行永续债01,100.00,4.7973,-0.01,4.7938,
1178,20青岛城投MTN004,100.51,3.9832,-3.5,3.9825,
1179,19天津轨交MTN002,100.44,3.9273,-13.27,3.9273,
1180,16大连万达MTN001,99.73,4.5952,-11.19,4.5802,
1181,20重庆农村商行CD270,99.27,2.7500,-34.99,2.7500,
1182,17国开08,103.35,3.3100,2.11,3.3100,
1183,20扬州经开MTN002,98.06,4.1997,,4.1997,
1184,20黄石众邦MTN001,100.13,4.5215,-30.01,4.5215,
1185,19长交绿色债02,102.16,5.2717,-20.21,5.2717,
1186,20闽高速SCP003,99.79,3.1199,,3.1302,
1187,20晋交投SCP003,99.85,3.6200,-3.05,3.6200,
1188,20鲁黄金SCP013,99.87,3.1198,-147.86,3.1198,
1189,20洛阳农商银行CD041,99.16,3.4496,-0.04,3.4496,
1190,18中化工MTN002,100.48,3.2729,-3.73,3.2600,
1191,16上饶国资债,60.15,4.4080,,4.4040,
1192,19中远海发MTN001,100.26,3.3500,-23.0,3.3477,
1193,17宜春城投PPN001,101.33,4.4871,-98.63,4.4871,
1194,18农发06,107.82,3.4292,-14.84,3.5242,
1195,18鞍钢MTN002,100.05,4.2000,8.0,4.1549,
1196,17农发03,100.95,2.7600,-7.0,2.7600,
1197,20中信银行CD274,97.40,3.6500,67.01,3.1429,
1198,20津城建CP004,97.16,7.9823,-1.77,7.9835,
1199,20邯郸城投SCP003,100.00,3.9991,-0.05,3.9991,
1200,20电网SCP044,99.91,2.7498,-15.03,2.7498,
1201,20连云城建SCP003,99.80,3.9553,,3.9553,
1202,15国开18,101.88,3.3000,-4.09,3.2997,
1203,20鑫鸿文化PPN001,98.24,7.2629,36.27,7.2625,
1204,20中冶SCP004,100.00,1.8971,-40.58,1.8971,
1205,20涪陵国资PPN001B,98.93,4.1281,-7.01,4.1281,
1206,19华靖资产PPN001,102.00,6.2449,-21.48,6.2449,
1207,19广发银行永续债,98.38,4.9769,25.84,4.9769,
1208,20广州高新PPN001,99.26,4.4504,9.73,4.4504,
1209,16附息国债10,98.94,3.1158,0.08,3.1133,
1210,16广州地铁可续期债03,94.00,7.4260,3.55,7.4260,
1211,17嘉鱼债02,79.46,6.1100,,6.1100,
1212,20传化MTN001,97.41,6.2586,,6.2586,
1213,20富阳农商二级01,100.21,4.9695,,4.9682,
1214,20宁波15,98.18,3.3000,,3.3000,
1215,19兴业银行二级02,99.09,4.2445,-1.32,4.2445,
1216,17河钢集MTN003,100.47,4.6541,0.41,4.6522,
1217,17晋路桥MTN001,101.89,4.8241,22.08,4.8241,
1218,16温州铁投专项债,99.86,3.8642,-1.9,3.8638,
1219,19甬交投MTN002,100.57,3.9185,-8.0,3.9200,
1220,14余杭交通债,20.23,3.3706,,3.4231,
1221,17南岸城建MTN001,103.89,4.2526,-5.0,4.2499,
1222,18吴江城投PPN003,100.95,3.8022,-9.78,3.8011,
1223,15三峡MTN003,101.48,3.3469,-2.31,3.3485,
1224,19中电投MTN016B,99.71,3.8000,,3.7993,
1225,20陕高速MTN001,99.84,3.8581,-6.0,3.8600,
1226,20杭城投SCP002,100.07,3.1699,-22.02,3.1733,
1227,14襄高投债,20.21,4.2996,,4.3222,
1228,20湘高速CP003,99.41,3.3395,-35.05,3.3311,
1229,20中石化MTN003,97.15,3.4400,-5.88,3.4412,
1230,20华侨城MTN003,99.03,6.4223,,6.4226,
1231,20乌高新MTN003,98.47,4.3909,-16.35,4.3903,
1232,17嘉兴秀洲债,81.81,4.5000,,4.4985,
1233,19华发集团MTN005,99.46,4.3640,,4.3640,
1234,20平安银行CD003,97.18,2.7002,-14.97,2.7002,
1235,19宜昌城控MTN003,102.61,4.1316,-11.02,4.1300,
1236,20镇江交通SCP004,99.67,5.3083,5.84,5.3000,
1237,20农业银行CD008,97.56,2.6699,-0.99,2.6699,
1238,20海淀国资MTN001,85.04,11.1208,1.0,11.0806,
1239,20华电SCP015,99.75,2.7801,-21.99,2.7801,
1240,19华能MTN002,100.24,6.5176,3.42,6.5176,
1241,16秦城发债,60.11,4.5270,2.04,4.5270,
1242,18苏州高新PPN003,100.97,3.8000,3.12,3.7977,
1243,19中石油MTN002,100.35,3.4260,-8.16,3.4243,
1244,20四川投资(疫情防控债)MTN001,98.77,3.5013,-3.92,3.5020,
1245,18浦银租赁债,100.67,3.2500,-37.0,3.2535,
1246,20华润银行小微债01,98.00,3.7224,-1.76,3.7201,
1247,20柳州东通MTN001,100.13,6.7147,-0.01,6.7147,
1248,20杭州湾新SCP002,99.72,3.9460,0.62,3.9460,
1249,20苏州高新SCP028,99.67,3.4036,6.36,3.4036,
1250,20北部湾MTN004,100.00,8.1314,1.37,8.1314,
1251,20苏国资MTN002,100.53,3.8600,-4.7,3.8594,
1252,20常城建SCP007,99.67,3.3584,-29.18,3.3584,
1253,20渤海银行CD379,96.91,3.1900,-36.0,3.1900,
1254,18淮南矿MTN004,100.80,3.8200,1.62,3.8227,
1255,18津城建MTN001,99.80,7.9999,-100.02,8.3110,
1256,20厦钨SCP002,99.86,3.3800,-4.88,3.3800,
1257,20汇金MTN009A,99.36,3.4500,-7.0,3.4500,
1258,19苏州高技PPN002,100.47,4.3200,-3.0,4.3200,
1259,19榆林城投PPN001,99.97,4.9033,15.91,4.9017,
1260,16国开07,100.41,3.0381,-4.0,3.0368,
1261,18太钢MTN003,100.74,3.4900,-14.01,3.4900,
1262,19华润MTN005,100.38,3.3600,-5.17,3.3600,
1263,20伊宁国资SCP002,99.73,5.5090,17.71,5.5002,
1264,16渝开发MTN001,100.36,3.9945,-10.68,4.0009,
1265,20大庆城投MTN002,100.00,6.1858,-0.08,6.1858,
1266,20北京国资MTN001,99.53,3.8512,-19.76,3.8500,
1267,20昊华(疫情防控债)CP001,99.80,3.6001,-13.06,3.5924,
1268,20东莞银行CD085,98.35,1.2013,4.98,1.2013,
1269,19漳州交运MTN001,100.24,4.5902,-4.19,4.5902,
1270,19蓉轨可续期02,100.12,4.0470,,4.0500,
1271,20贵阳银行CD162,97.69,3.1345,24.38,3.1323,
1272,18锡产业MTN003,100.47,3.2118,-11.81,3.2059,
1273,20大庆城投MTN003,99.24,6.7895,-10.31,6.7895,
1274,20淮安交通PPN001,100.34,4.8808,3.17,4.8808,
1275,19中航租赁MTN001,100.95,3.6700,-17.18,3.6680,
1276,20浙商银行CD099,98.56,2.8300,,2.8300,
1277,20福州城投SCP004,99.99,2.9957,-12.47,2.9957,
1278,20沪港务MTN001,97.34,3.5300,-23.26,3.5300,
1279,20河钢集MTN004,93.39,5.3000,-15.17,5.4329,
1280,19京基投MTN001A,100.15,3.7778,-2.29,3.7769,
1281,18冀东水泥MTN001,102.70,8.8907,0.79,8.8907,
1282,20深能源CP001,99.94,2.8000,1.0,2.8000,
1283,14眉山资产债,20.08,5.1711,-19.85,5.2110,
1284,20蚌埠城投MTN001,99.83,4.7384,3.97,4.7373,
1285,18赣高速MTN005,100.96,7.7132,2.49,7.7135,
1286,20湘电广MTN001,98.20,4.7542,0.42,4.7542,
1287,20中油股MTN002,97.65,3.5026,0.49,3.5038,
1288,20新疆债01,100.68,3.2442,,3.2442,
1289,19常高新MTN001,100.68,4.1577,-0.9,4.1568,
1290,14虞交通债,20.23,3.5406,-16.98,3.5613,
1291,19鹰潭投资MTN001,100.49,4.6250,0.22,4.6242,
1292,15锡新区MTN001,102.20,4.3941,-15.89,4.3941,
1293,15黄石城投债,40.55,4.2651,6.52,4.2501,
1294,16赤壁债,58.98,5.4977,,5.4989,
1295,19京国资MTN001,100.68,3.3662,-0.38,3.3713,
1296,19武清经开MTN002,100.50,6.7200,12.8,6.7200,
1297,20深能源MTN001,98.37,3.8687,-2.13,3.8700,
1298,20鄂路桥(疫情防控债)PPN001,98.99,5.4806,-6.01,5.4806,
1299,20云水务绿色债01,98.29,6.5381,,6.5381,
1300,15山东债23,101.45,3.2650,,3.2625,
1301,16南京国投MTN001,100.01,3.2000,1.0,3.2000,
1302,20平安银行CD292,97.04,3.0200,-6.0,3.0200,
1303,20钦州开投PPN002,98.13,8.2302,-1.38,8.2298,
1304,17滇城投MTN001,101.40,5.9037,,5.9000,
1305,20汉口银行CD134,97.61,3.2199,1.0,3.2199,
1306,20江宁城建CP001,99.99,3.6700,0.04,3.6678,
1307,18福新能源MTN004,100.81,7.0987,0.62,7.0984,
1308,20镇江城建SCP002,100.00,3.4550,-44.55,3.4550,
1309,17观山湖债,80.16,6.3471,,6.3471,
1310,20鲁金SCP003,99.80,3.2203,-7.98,3.2203,
1311,19岳阳城投PPN001,101.37,4.1500,-1.47,4.1524,
1312,20盐城国投PPN001,97.75,7.3927,57.89,7.3923,
1313,20万华化学SCP003,100.00,2.3493,-15.06,2.3493,
1314,16新疆债38,99.95,2.7170,,2.7170,
1315,19广铁绿色债01,101.00,3.5500,-24.83,3.5400,
1316,20中化工(疫情防控债)MTN005A,98.47,3.7500,-35.24,3.7500,
1317,18南京银行03,100.74,3.1001,-0.34,3.0972,
1318,20上海银行CD188,98.60,2.6802,-5.0,2.6802,
1319,17运城专项债,80.00,6.2787,51.04,6.2775,
1320,19山东出版MTN001,100.88,4.1716,-0.84,4.1700,
1321,19合肥产投MTN001,99.64,4.5315,0.15,4.5308,
1322,18中粮地产MTN003,100.83,3.4446,-21.99,3.4423,
1323,19大悟城投债,100.00,7.4835,,7.4835,
1324,17荆门城投PPN003,103.09,5.3414,31.8,5.3414,
1325,20张江集MTN001,98.28,3.8000,1.0,3.8000,
1326,19宜春交通MTN001,100.99,4.6556,-12.5,4.6539,
1327,16鹰潭投资MTN001,39.84,4.2140,-3.8,4.2240,
1328,20中铁建MTN001,100.69,6.6587,-1.47,6.6585,
1329,20华侨城MTN001,99.26,6.3024,-0.93,6.3022,
1330,20新业国资MTN002,99.92,6.0144,-0.67,6.0164,
1331,20郑州银行CD042,97.65,2.7501,,2.7501,
1332,19兴化城投MTN001,100.16,5.2327,-135.28,5.2312,
1333,20长沙银行CD098,98.64,2.7294,,2.7294,
1334,18鲁国资MTN001,100.52,3.1401,-35.18,3.1401,
1335,17济宁高新MTN001,101.13,4.4553,-4.26,4.4518,
1336,20江阴公MTN001,99.78,4.1020,-29.8,4.1010,
1337,17农发05,102.03,3.4715,-4.35,3.4715,
1338,19河南债14,101.28,3.3152,,3.3152,
1339,20广州银行CD075,96.97,3.0900,,3.0900,
1340,16金融街PPN001,100.29,3.4729,-12.7,3.4729,
1341,20青岛银行CD055,97.76,2.9000,,2.9000,
1342,19太钢MTN002,100.72,3.6039,-19.61,3.6020,
1343,20远东租赁SCP007,99.79,3.0802,1.0,3.0802,
1344,19中石油MTN005,99.61,3.6886,-6.28,3.6900,
1345,20豫交投MTN001,99.10,4.0848,1.0,4.0848,
1346,20广晟MTN001,100.14,3.5589,1.0,3.5589,
1347,19余姚城投MTN002,103.25,4.0114,1.0,4.0114,
1348,19武水务MTN001,101.59,3.9852,1.0,3.9852,
1349,20渤海银行CD477,96.93,3.1300,-26.0,3.1300,
1350,18西安高新PPN001,100.84,4.1030,,4.1016,
1351,19中化工MTN003,99.57,3.8100,,3.8116,
1352,19国盛MTN002,100.18,3.4990,-3.94,3.4983,
1353,19金凤凰MTN002,100.01,4.8689,,4.8697,
1354,18安市淮阴MTN001,100.50,5.7218,145.25,5.7211,
1355,20新疆债12,93.69,3.6645,,3.6646,
1356,20厦门国际银行小微债01,100.00,3.5898,-0.01,3.5898,
1357,20中信银行CD326,97.09,3.0000,1.0,3.0000,
1358,18泉州台商MTN003,105.03,4.8288,20.32,4.8282,
1359,17联合农商二级02,100.43,4.9176,-7.72,4.9668,
1360,20重庆银行CD049,97.88,2.7900,-32.99,2.7900,
1361,19民生银行永续债,100.00,4.8409,23.42,4.8402,
1362,18贵阳经开债01,101.78,7.1560,-0.7,7.1537,
1363,20贴现国债52,98.70,2.5901,-0.01,2.5901,
1364,17农发12,101.97,2.9700,1.0,2.8764,
1365,15江苏债03,100.76,2.8400,,2.8400,
1366,19中国人寿,101.51,4.6155,11.47,4.6155,
1367,19长城债01(品种一),100.31,3.3841,-8.19,3.3841,
1368,20国金证券CP009,100.00,3.0504,-49.98,3.0504,
1369,19海通证券金融债01,99.97,3.4031,0.31,3.4031,
1370,20渝城投MTN001,95.29,4.1288,2.88,4.1288,
1371,20南京地铁SCP007,100.05,3.0367,-12.46,3.0367,
1372,20海南债07,97.80,3.3000,7.0,3.3000,
1373,20江苏银行CD214,96.97,3.0928,-5.61,3.0928,
1374,17附息国债20,102.58,2.9500,-5.0,2.9500,
1375,14农发42,101.43,2.6800,-22.0,2.6800,
1376,11附息国债16,112.50,3.6300,-2.0,3.6300,
1377,15农发05,102.57,3.3000,-4.4,3.3000,
1378,20建德国资MTN002,97.83,4.7177,-0.46,4.7177,
1379,20中建材MTN001,99.02,3.6000,-10.1,3.6000,
1380,20徐州交通SCP001,99.91,3.6459,19.72,3.6459,
1381,20苏广播MTN001,97.25,4.0477,-0.46,4.0477,
1382,20大唐新能SCP005,99.94,3.0998,-10.06,3.0998,
1383,20东航股SCP027,99.87,2.8998,-15.03,2.8998,
1384,20华发集团SCP017,99.67,3.3906,,3.3906,
1385,17宿州城投MTN001,102.47,3.9191,-7.57,3.9191,
1386,20京城投PPN001,100.22,4.0624,-1.76,4.0624,
1387,20湖北银行CD079,97.17,3.8956,23.28,3.8956,
1388,18中兴国资PPN001,100.15,4.4008,-4.92,4.4008,
1389,20瀚瑞投资SCP008,99.75,6.6736,-48.05,6.6736,
1390,20华电MTN004A,98.25,5.7810,-0.27,5.7810,
1391,20福建债25,95.81,3.8300,,3.8300,
1392,20宁波银行CD238,99.77,2.6997,-0.02,2.6997,
1393,20洛阳银行CD169,99.19,3.1998,,3.1998,
1394,20金隅MTN001,97.60,6.1051,-2.0,6.1061,
1395,20粤珠江MTN004,100.00,4.6793,-0.07,4.6793,
1396,20中电投MTN005,98.50,5.9832,0.88,5.9832,
1397,20胶州湾MTN001,98.67,4.3205,,4.3205,
1398,20长三角科创集合CP001,99.47,3.9237,,3.9237,
1399,18天府投资MTN001,100.87,3.4200,-3.01,3.4223,
1400,20贵阳银行CD026,97.34,2.9598,-22.03,2.9598,
1401,20广发银行CD084,97.89,2.8101,1.0,2.8101,
1402,19中铁建MTN002A,100.05,6.4812,-3.02,6.4812,
1403,20津渤海CP001,99.26,4.5730,,4.5730,
1404,20渤海银行CD486,99.30,2.8000,,2.8000,
1405,20长沙农商银行CD004,96.87,3.0198,1.0,3.0198,
1406,19伊泰MTN001,100.77,5.4200,,5.4200,
1407,16河北债14,100.09,2.6501,-19.98,2.6501,
1408,20华发集团MTN006,100.00,4.4594,-0.05,4.4594,
1409,20鲁国资SCP008,99.98,3.2998,-1.03,3.2998,
1410,20上海农商银行CD141,96.97,3.0800,,3.0800,
1411,19云能投MTN001,101.01,8.3537,0.7,8.3537,
1412,19沐风ABN005优先,100.12,,,,
1413,19广东债05,100.02,3.1800,-6.0,3.1800,
1414,19孝感城投PPN001,100.07,4.9672,0.22,4.9672,
1415,20渤海银行CD336,98.56,2.8003,-82.97,2.8003,
1416,20光大证券CP014BC,100.05,2.8002,-162.21,2.8002,
1417,20京热力SCP001,99.94,2.9999,-30.06,2.9999,
1418,20民生银行CD178,97.98,2.7700,-17.99,2.7700,
1419,20人民财险,98.87,4.2312,-0.02,4.2312,
1420,20广州银行CD065,99.35,1.0001,-79.94,1.0001,
1421,20招商银行CD131,98.61,2.6500,1.0,2.6500,
1422,20杭州银行CD190,97.79,2.9499,,2.9499,
1423,19中油股MTN004,100.20,3.5900,-3.17,3.5727,
1424,20中国银行CD101,97.07,2.9800,,2.9800,
1425,20北京银行CD044,97.87,2.8301,-1.98,2.8301,
1426,19吉利MTN001,100.11,4.0000,-10.47,3.9984,
1427,13铁道11,106.32,3.4000,,3.4000,
1428,18太仓资产MTN002,104.19,4.1000,24.73,3.9022,
1429,20东营银行CD052,96.47,3.7500,,3.7500,
1430,16陕延油MTN001,100.09,2.9212,2.12,2.9212,
1431,16鑫城债,59.47,4.7200,-8.01,4.7200,
1432,17进出绿色债01,100.07,2.5003,1.0,2.5003,
1433,20粤电发SCP002,99.88,2.9696,-1.03,2.9696,
1434,20宁沪高SCP028,99.75,3.0061,-40.4,3.0061,
1435,20农业银行CD170,98.63,2.7901,-2.98,2.7901,
1436,20贵阳银行CD064,97.73,2.9300,-24.01,2.9300,
1437,20中国银行CD053,97.16,2.9100,-41.0,2.9100,
1438,20中铝集SCP006,99.71,3.1038,-2.57,3.1064,
1439,19苏交通MTN003,100.86,3.7236,-7.64,3.7236,
1440,19靖江农商双创债,99.65,4.3914,-12.86,4.3914,
1441,15附息国债28,100.32,3.8750,1.0,3.8750,
1442,20中铝集SCP005,99.66,3.0299,-8.54,3.0299,
1443,20苏沙钢MTN003,97.82,4.5266,,4.5266,
1444,20闽投MTN003A,98.21,3.8624,,3.8624,
1445,20广州银行CD048,97.82,2.8701,,2.8701,
1446,16欧亚MTN001,98.20,8.9402,,8.9402,
1447,20浦发银行CD128,98.46,1.0976,-0.26,1.0976,
1448,18光明MTN004,100.68,3.2001,-10.62,3.2001,
1449,20长沙银行二级,96.95,4.9958,10.14,4.9958,
1450,20中信银行CD159,98.62,2.6901,-0.97,2.6901,
1451,20广东债48,94.30,3.6000,1.0,3.6000,
1452,19宇培ABN001优先,100.71,,,,
1453,20乌鲁木齐银行CD116,97.48,3.4497,,3.4497,
1454,20天津农村商业银行CD530,98.35,3.3974,,3.3974,
1455,20桂林银行CD148,96.61,3.5157,,3.5157,
1456,19赣州高速MTN001,99.70,8.3817,-6.38,8.3816,
1457,19晋交投MTN001,98.31,5.9965,165.68,5.8148,
1458,19附息国债13,99.82,2.9888,1.88,2.9768,
1459,20银海租赁SCP001,99.86,5.5428,-29.65,5.5428,
1460,19工元至诚7C,59.30,,,,
1461,20粤建筑MTN001,96.06,4.6317,,4.6309,
1462,20中信海直ABN001优先,92.63,,,,
1463,20驻马店投PPN001,99.74,5.2103,10.47,5.2103,
1464,18舟山旅游MTN002,102.84,4.4621,-8.79,4.4611,
1465,19建发地产PPN001,100.79,4.1040,-11.86,4.1020,
1466,19中建材MTN002,100.38,3.4300,-9.0,3.4283,
1467,20中电科CP001,99.73,2.8001,-17.0,2.7977,
1468,20江岸国资SCP001,99.73,3.6098,-2.85,3.6197,
1469,16黄冈城投PPN002,100.09,4.3572,0.18,4.3562,
1470,18齐鲁银行绿色金融01,100.60,3.3847,-22.53,3.3800,
1471,19交通银行01,100.05,3.3200,-4.0,3.3200,
1472,18洪山城投MTN003,100.55,5.6786,-25.27,5.6786,
1473,20济南城建MTN001,100.11,6.9128,-2.17,6.9124,
1474,19淮南城投MTN002,100.90,5.0423,2.19,5.0476,
1475,20贵州债68,103.13,3.9800,-2.0,3.9799,
1476,20金龙湖MTN001,99.04,5.2580,-11.44,5.2600,
1477,16渝惠通MTN001,99.22,4.4551,52.21,4.4500,
1478,16京汽集MTN003,100.24,3.5411,-5.11,3.5411,
1479,20苏州银行CD213,97.88,2.8501,,2.8501,
1480,19咸宁高新MTN001,100.90,5.7243,-2.33,5.7609,
1481,14苏城投MTN001,101.19,3.1507,,3.1507,
1482,20广汽商贸SCP001,99.80,3.4001,,3.4001,
1483,19苏新国资MTN002,102.01,4.0798,9.82,4.0798,
1484,20合川投资CP001,99.35,6.0114,48.23,6.0000,
1485,19福特汽车01,100.20,3.7137,-5.06,3.7100,
1486,18附息国债11,103.34,3.1800,-2.0,3.1800,
1487,10附息国债23,102.89,3.7500,,3.7500,
1488,20川铁投MTN002,99.85,3.9913,-1.18,3.9902,
1489,20厦钨SCP003,99.90,3.4102,-30.99,3.4102,
1490,19中油股MTN002,100.25,3.3605,-2.01,3.3589,
1491,20龙湖拓展MTN001B,99.58,4.5988,,4.6000,
1492,19渝惠通MTN001,99.89,4.3004,-14.1,4.3004,
1493,19盐城交通MTN002,100.32,4.0213,-33.79,4.0213,
1494,20富和建设MTN001,98.10,5.3938,-8.72,5.3952,
1495,17河北18,101.78,2.8200,,2.8200,
1496,19中金集MTN001,100.32,3.4467,-25.13,3.4501,
1497,19上饶城投MTN002,100.51,3.8600,-2.0,3.8600,
1498,18城发投资PPN002,100.33,4.2017,-2.69,4.2017,
1499,20芙蓉债,99.01,4.5800,2.48,4.5811,
1500,20昆明轨道SCP005,99.78,4.0000,1.99,3.9941,
1501,20福州城投MTN003,99.86,4.0500,,4.0500,
1502,14粤广业MTN001,101.26,3.2857,,3.2857,
1503,20川高速MTN002,97.09,3.8123,-1.0,3.8112,
1504,20浪潮电子SCP002,99.85,3.7366,,3.7185,
1505,19中文天地MTN001,100.43,3.5466,-13.77,3.5483,
1506,14镇江新城债01,20.03,6.0815,,6.0815,
1507,20潍坊滨投MTN001,97.61,5.4079,-10.63,5.4065,
1508,20潍坊滨投MTN002A,97.68,5.3786,,5.3764,
1509,20穗自来水MTN002,97.35,3.8028,0.56,3.8003,
1510,18鞍钢MTN001,100.43,4.1400,-19.99,4.1376,
1511,19简阳现代MTN001,100.10,5.4687,0.46,5.4681,
1512,18中信银行二级02,101.69,4.5369,-1.47,4.5369,
1513,19包钢MTN002,83.00,12.6814,609.81,12.6814,
1514,16新港专项债,59.14,4.2549,-19.51,4.2500,
1515,18附息国债09,100.79,2.8100,-9.0,2.8100,
1516,20九鼎租赁债,100.67,3.9500,-9.0,3.9500,
1517,18电网MTN003,100.69,2.9900,-20.99,2.9865,
1518,18河钢集MTN003,100.29,3.9900,8.01,3.9949,
1519,16大连万达MTN002,99.74,4.6499,-8.73,4.6499,
1520,14国开03,100.18,2.6120,1.27,2.6136,
1521,18宜昌高新PPN001,102.89,4.9025,-12.53,4.9000,
1522,19惠临投资PPN001,100.89,6.6542,15.81,6.6527,
1523,18张家公资MTN001,104.21,3.8277,-0.45,3.8277,
1524,19建设银行CD243,97.05,0.5075,-34.77,0.5075,
1525,20孝感城投CP001,99.54,3.8499,-7.87,3.8558,
1526,17景国资MTN002,102.78,4.7217,-1.83,4.7195,
1527,20汇金MTN004,97.41,3.6913,-7.87,3.6900,
1528,18光大嘉宝PPN001,100.09,4.1634,-9.67,4.2004,
1529,15铁道05,103.66,3.4000,,3.4000,
1530,14中山交通债,20.27,3.7334,-16.77,3.7499,
1531,18越秀集团MTN002,102.64,3.5722,-3.0,3.5711,
1532,20南京银行CD095,98.61,2.7001,-0.02,2.7001,
1533,20深地铁债02,97.47,3.5277,-30.23,3.5289,
1534,20恒丰银行CD412,96.75,3.3500,,3.3500,
1535,19宁河西PPN001,100.18,3.9100,,3.9100,
1536,20首开SCP005,99.93,3.2198,,3.2198,
1537,20桂林银行CD109,96.95,3.1142,-0.03,3.1142,
1538,20建邺高科MTN001,97.24,4.0500,-2.55,4.0489,
1539,19德源投资MTN001,100.00,5.6780,,5.6767,
1540,17河钢集MTN007,95.16,3.9265,,3.9274,
1541,20民生银行CD195,97.96,2.7999,-0.02,2.7999,
1542,20浦东开发MTN001,99.52,3.6493,-0.31,3.6510,
1543,20金融街MTN003,100.33,3.8944,-0.84,3.8956,
1544,20娄底城投MTN001,99.98,5.0003,,5.0003,
1545,19深圳债22,100.28,3.2100,,3.2100,
1546,20首旅MTN003,97.23,6.0732,0.41,6.0732,
1547,19柯桥国投债02,101.34,4.5518,-1.63,4.5518,
1548,20大唐山东SCP001,99.84,3.4999,-16.99,3.4999,
1549,17津旅游MTN001,97.98,8.3500,,8.3500,
1550,20西江SCP008,99.16,5.6627,1.27,5.6627,
1551,20丰台国资MTN001,97.84,3.9500,-5.0,3.9500,
1552,20丽水城投MTN001,99.32,4.1039,-9.32,4.1028,
1553,18中建MTN001,102.72,3.5980,-7.96,3.6000,
1554,18余姚城投MTN002,103.28,4.1019,,4.1000,
1555,20民生银行CD336,98.64,2.6903,,2.6903,
1556,18首钢MTN002,100.78,3.2031,-34.69,3.2100,
1557,18华商银行,100.46,3.4000,,3.4000,
1558,20保利久联CP001,100.00,4.7994,,4.7994,
1559,19粤垦投资MTN002,100.83,4.2940,,4.2940,
1560,20中信银行CD284,97.80,2.9600,0.99,2.9600,
1561,19南京银行02,100.67,3.5200,-8.0,3.5192,
1562,19鄂州城投PPN001,100.71,5.2783,,5.2797,
1563,18中航资本MTN002,100.80,3.2572,-147.29,3.2500,
1564,15铁道15,101.68,3.5289,,3.5295,
1565,19大横琴MTN001,100.17,4.0500,-7.0,4.0493,
1566,20厦门市政MTN001,97.82,3.6200,1.0,3.6200,
1567,20高速地产SCP005,99.89,3.9551,0.49,3.9551,
1568,20京电子城SCP001,99.83,4.2389,0.4,4.2389,
1569,20浏阳现代CP002,99.65,5.3224,0.24,5.3224,
1570,19鲁黄金MTN008,100.03,3.5271,-9.29,3.5300,
1571,20蓝星MTN001,97.16,4.4262,-16.14,4.4262,
1572,16余杭创新MTN001,100.23,3.4079,-11.21,3.4000,
1573,18皖投集MTN001,100.38,4.3958,0.14,4.3958,
1574,19渝水投MTN001,99.88,3.9800,-5.0,3.9791,
1575,20中油股MTN001,97.65,3.5000,1.0,3.5012,
1576,19淄博高新MTN001,100.16,5.4418,-25.95,5.4418,
1577,19兴泸PPN001,99.83,4.2454,-2.9,4.2462,
1578,18闽投MTN003,100.68,3.2346,,3.2300,
1579,20晋能MTN016,99.93,5.3680,1.0,5.3680,
1580,20华润控股MTN002B,96.39,3.8616,1.0,3.8616,
1581,16华谊MTN001,99.94,3.2653,-3.08,3.2707,
1582,18皖交控MTN001,103.16,3.5277,-7.35,3.5300,
1583,20淮北矿SCP001,99.78,3.9907,-34.83,4.0000,
1584,19太仓城投MTN001,101.71,4.0438,1.0,4.0438,
1585,18郑州公宅PPN001,101.80,3.5812,1.0,3.5812,
1586,20义乌国资SCP005,100.08,3.6570,-1.12,3.6535,
1587,20冀交投PPN002,98.71,4.0733,1.0,4.0733,
1588,18国新控股MTN003,100.71,3.2334,-2.0,3.2334,
1589,20泉州台商MTN001,98.85,4.7224,,4.7200,
1590,18无锡建投MTN002,103.63,3.6231,1.0,3.6231,
1591,20龙源电力SCP005,99.78,2.8465,-10.33,2.8700,
1592,19中电投MTN007,100.71,3.3237,-24.8,3.3219,
1593,17九江置地MTN001,100.75,4.4760,2.21,4.4800,
1594,20武侯产业SCP001,99.78,3.7501,-10.21,3.7563,
1595,20通用MTN001A,97.72,3.7023,-2.0,3.7000,
1596,19汇金MTN018,100.06,3.7000,-2.14,3.7007,
1597,20中粮SCP004,99.90,2.9000,-47.02,2.9000,
1598,19汇金MTN012,100.14,3.6500,-4.0,3.6500,
1599,16中航国际MTN001,100.06,2.9141,-51.51,2.9141,
1600,19渝经开MTN001,99.88,4.9575,,4.9591,
1601,18长沙高新PPN003,102.76,4.1518,-36.98,4.1518,
1602,20中铝集SCP007,99.70,3.0891,-2.18,3.0891,
1603,13邯郸交通债,100.74,3.9600,-12.86,3.9661,
1604,16今世缘PPN001,99.76,4.7941,4.87,4.7941,
1605,18附息国债24,104.60,3.8100,-0.02,3.8101,
1606,18江宁滨江PPN002,101.48,6.5634,,6.5634,
1607,18上饶投资PPN003,101.24,4.1600,21.0,4.1600,
1608,18台州金融MTN001,100.45,5.1565,0.23,5.1565,
1609,20光大银行CD052,97.34,2.6802,-20.0,2.6802,
1610,16附息国债15,99.98,2.6600,-14.0,2.6600,
1611,19尧都农商二级01,99.67,6.2469,41.2,6.2462,
1612,19江苏银行二级,99.10,4.3031,-5.25,4.3031,
1613,20金霞经开SCP003,100.00,5.4983,-0.09,5.4983,
1614,20大宁MTN001,98.91,4.0613,-6.87,4.0613,
1615,20川铁投MTN003,99.81,3.9810,-0.24,3.9809,
1616,19山西路桥PPN003,100.61,5.5628,-0.17,5.5628,
1617,18市北高新MTN002,100.54,4.3751,-1.59,4.3751,
1618,19南电MTN002,100.74,3.5000,-9.9,3.5000,
1619,16海淀国资MTN001,99.21,6.9999,-40.02,7.1000,
1620,18成都金融MTN001,100.80,4.3372,-0.92,4.3372,
1621,17京文投MTN001,62.30,49.4798,-412.01,50.0180,
1622,18渤海银行02,100.51,3.4548,-3.08,3.4548,
1623,20广晟SCP002,99.84,3.5005,1.0,3.4334,
1624,20中信银行CD201,98.62,2.6399,-36.01,2.6399,
1625,20杭金投SCP009,99.85,3.4201,22.12,3.4201,
1626,20中电投MTN002,99.14,3.4050,-9.5,3.4017,
1627,20东南资产MTN001,98.44,4.0828,2.44,4.0828,
1628,20大同煤矿MTN005,95.17,6.8210,15.44,6.8210,
1629,19西南水泥MTN003,99.76,3.6905,-21.58,3.6905,
1630,20鄞城MTN002,99.20,4.0175,-3.11,4.0175,
1631,20国联MTN002,98.81,3.9294,-12.13,3.9294,
1632,20苏州高新MTN001,98.66,3.8529,-3.22,3.8529,
1633,20长江出版(疫情防控债)MTN001,98.31,3.8757,-3.95,3.8757,
1634,20青岛农商永续债01,97.00,5.5039,70.41,5.5039,
1635,20青岛城乡PPN001,97.00,4.3481,-3.5,4.3481,
1636,20江阴城投PPN002,98.26,4.1831,,4.1831,
1637,20三峡平湖MTN001,99.00,4.3161,-0.24,4.3161,
1638,17吉林城建MTN001,39.90,112.1066,38.84,111.1267,
1639,18广州地铁MTN002,103.04,3.5200,-16.0,3.5200,
1640,20南电MTN002,99.77,3.4175,-3.25,3.4175,
1641,19铁道05,99.75,3.4100,,3.4100,
1642,20兴业资产PPN001,98.52,4.2982,-20.18,4.2982,
1643,20古井SCP002,99.82,3.1499,,3.1499,
1644,20晋煤CP008,99.80,3.9002,-2.23,3.9002,
1645,20阳煤CP014,98.71,5.4569,,5.4569,
1646,19厦门债02,100.44,3.2238,-7.11,3.2238,
1647,19甘公投MTN001,100.06,4.4045,,4.4045,
1648,16附息国债19,91.51,3.7903,1.03,3.7903,
1649,20中铝宁夏SCP002,99.90,3.7809,,3.7809,
1650,20民生银行CD167,98.03,2.7699,-23.0,2.7699,
1651,19深圳债18,100.41,3.2100,,3.2100,
1652,20陕交建MTN002,98.48,6.4982,0.5,6.4982,
1653,20大唐新能MTN001,99.22,6.3661,0.48,6.3661,
1654,19河南债15,101.28,3.3152,,3.3152,
1655,20建设银行CD016,97.47,2.8000,-21.01,2.8000,
1656,20安徽债35,100.16,3.2900,-6.0,3.2900,
1657,19兰州城投PPN001,100.95,4.2638,-28.62,4.2638,
1658,18六合经开PPN001,100.37,5.4680,75.8,5.4680,
1659,18黄石城投PPN003,100.80,5.2961,-4.61,5.2961,
1660,20渤海银行CD520,96.95,3.1497,,3.1497,
1661,20珠海华润银行CD063,96.91,3.1500,-6.0,3.1500,
1662,15任丘建投债,40.72,4.3193,-14.07,4.3193,
1663,20贴现国债40,98.78,2.5137,-4.61,2.5137,
1664,15四川债15,101.30,3.2650,0.37,3.2650,
1665,20粤高速MTN001,96.65,3.8700,1.0,3.8689,
1666,20深圳特发SCP003,99.85,3.1200,-22.48,3.1200,
1667,20建设银行CD012,98.20,2.6402,,2.6402,
1668,16聊城农商二级,98.83,4.6293,,4.6290,
1669,18铁道02,108.89,3.6500,2.0,3.6500,
1670,18津保投MTN002,99.61,6.1403,-195.96,6.1403,
1671,20汉江国资SCP007,100.00,3.4893,-0.04,3.4893,
1672,19柳州城投PPN001,99.86,6.6289,,6.6289,
1673,20扬城建PPN001,100.31,4.0953,-23.63,4.0953,
1674,20余杭创新PPN006,100.34,4.1207,-3.38,4.1207,
1675,20航天电子SCP003,99.94,3.2996,-30.07,3.2996,
1676,19西基投MTN002,100.08,3.7028,-15.68,3.7028,
1677,20中石化MTN002,98.31,3.4816,-4.08,3.4477,
1678,19南通国投MTN001,99.09,4.4815,0.27,4.4815,
1679,20滨建投MTN001,86.50,11.5277,119.32,11.5277,
1680,15京首钢MTN001,100.04,2.0018,-34.75,2.0018,
1681,20江苏01,99.70,3.2300,1.0,3.2300,
1682,20上虞国投MTN001,97.92,4.1125,18.39,4.1125,
1683,18张江高科MTN001,100.65,3.2500,-5.73,3.2500,
1684,20京能洁能GN001,98.04,6.0427,-2.75,6.0427,
1685,18川铁投MTN002,103.55,7.8997,-0.41,7.8997,
1686,20富邦华一银行CD124,99.19,3.1001,,3.1001,
1687,17中山火炬债,81.38,4.7038,3.0,4.7038,
1688,20新疆债02,98.48,3.6386,,3.6386,
1689,20新疆债03,98.62,3.8579,,3.8579,
1690,19新疆债17,99.91,3.3723,,3.3723,
1691,19兵团债06,99.38,3.4387,,3.4387,
1692,20新疆债17,96.89,3.4363,,3.4364,
1693,20新疆债18,94.65,3.6667,,3.6667,
1694,20新疆债20,95.90,3.8737,,3.8737,
1695,20首钢SCP007,99.75,3.1999,-1.01,3.1538,
1696,16神华MTN001,100.03,2.9196,1.93,2.9196,
1697,19工元至诚5C,5.94,,,,
1698,18附息国债28,100.83,3.0355,-2.45,3.0231,
1699,18冀中能源PPN001,77.00,397.7314,-1371.86,400.5648,
1700,18新海连MTN001,100.39,6.5860,-0.05,6.5860,
1701,20兰州投控PPN001,99.84,5.0770,-3.35,5.0765,
1702,20南电MTN001,99.91,3.3469,-13.31,3.3500,
1703,19烟台港MTN003,102.08,8.6384,0.54,8.6384,
1704,20华夏幸福MTN002,80.40,11.1030,-76.01,11.1733,
1705,20天成租赁SCP006,99.87,3.6499,-5.02,3.6499,
1706,18大同煤矿PPN003,99.65,7.2935,46.11,7.2866,
1707,20阳煤PPN004,98.01,6.1391,-14.09,6.1391,
1708,14建行二级01,105.75,5.1348,-0.82,5.1348,
1709,18湖州城投MTN001,103.38,3.9273,,3.9300,
1710,18武汉地铁GN001,102.22,4.3843,0.55,4.3839,
1711,20浙能源MTN002,96.79,3.8784,-2.16,3.8784,
1712,19淮北矿MTN002,99.01,4.6009,0.09,4.6009,
1713,18津城建MTN014,96.33,8.5000,-218.14,8.5024,
1714,20宝龙SCP001,99.86,6.0000,-20.0,6.0000,
1715,18威海开投PPN002,101.37,4.0500,4.36,4.0500,
1716,19阳煤PPN005,99.39,6.0679,,6.0679,
1717,18恒信租赁MTN001,100.46,3.7398,-0.02,3.7398,
1718,20老河口PPN001,100.00,7.4801,0.93,7.4801,
1719,20大唐集MTN005B,100.61,6.5270,-5.06,6.5275,
1720,20珠海华润银行CD011,97.18,2.8397,-2.03,2.8397,
1721,15邗城建债,40.67,4.0457,12.36,4.0301,
1722,19连云港MTN001,99.81,5.3097,-29.03,5.3097,
1723,20乐清国投CP003,99.96,3.8166,3.7,3.8166,
1724,20晋陵投资CP002,100.02,3.7602,-9.37,3.7602,
1725,19江津城建MTN001,101.05,5.3045,-86.29,5.3045,
1726,19温公用MTN001,101.44,4.2600,,4.2590,
1727,20汇金MTN008B,98.23,3.7215,-11.12,3.7200,
1728,20扬州化工SCP002,99.47,5.1190,7.57,5.1145,
1729,18国电MTN001,100.47,3.0363,,3.0299,
1730,20浦发银行CD387,98.61,2.6801,-1.01,2.6801,
1731,18安徽债14,102.02,3.1200,,3.1200,
1732,20进出01,99.88,2.4504,-22.94,2.4504,
1733,20招银和信1优先C,100.00,,,,
1734,20首旅MTN002,96.07,4.0000,-3.5,4.0000,
1735,14萧山经开债,20.24,3.5794,-11.77,3.5794,
1736,18滨海新城MTN002,102.26,4.3043,0.22,4.3022,
1737,14汉车都债,20.12,3.5211,-27.74,3.5211,
1738,18海淀国资MTN003,95.98,5.6255,10.43,5.6198,
1739,17龙湖地产MTN001B,101.21,4.1760,,4.1800,
1740,19南国置业MTN001,101.28,4.5700,,4.5679,
1741,19浙小商MTN002,100.25,3.8200,-13.0,3.8218,
1742,19福州城投MTN001,99.98,3.9200,-14.15,3.9200,
1743,19中电投MTN006,100.89,3.2985,-6.15,3.2985,
1744,20龙岩交通MTN001,98.28,4.1530,,4.1530,
1745,20沛县城投MTN001,99.70,5.1172,13.09,5.1172,
1746,20中债增金融永续债01,98.53,4.5030,-27.7,4.5030,
1747,19汇金MTN017,99.91,3.2900,-4.0,3.2900,
1748,19滁州城投MTN001,100.20,4.4200,,4.4191,
1749,18交通银行小微债,100.67,3.0454,-10.46,3.0427,
1750,19河北债38,100.02,3.2311,,3.2300,
1751,20汇金01,99.69,3.7600,1.0,3.7600,
1752,20珠海港SCP023A,99.94,3.7498,-4.05,3.7498,
1753,20豫能化MTN002,25.56,84.0921,3301.73,83.5834,
1754,18京国资MTN004,101.89,3.5981,-0.37,3.5981,
1755,20宁经开MTN001,101.43,6.0685,12.97,6.0681,
1756,20红狮SCP007,99.83,3.8699,-18.01,3.8800,
1757,18天津港MTN001,100.24,3.8900,1.0,3.8900,
1758,16天津港MTN003,98.89,4.0600,1.0,4.0600,
1759,20巨石SCP008,99.86,3.3105,-8.94,3.3105,
1760,18上海电气MTN001,100.68,3.2000,-22.5,3.2000,
1761,16邳新城项目NPB,32.80,8.3264,30.68,8.3133,
1762,20金华城投MTN001,99.08,3.9682,-1.82,3.9668,
1763,19云能投MTN002,98.52,5.2042,93.35,5.2021,
1764,20普陀城投MTN002,97.72,3.6768,-4.06,3.6768,
1765,16禹州债,59.77,5.0534,-35.47,5.0534,
1766,20恒逸SCP002,99.63,7.5000,,7.5000,
1767,20云工投SCP003,99.50,6.3479,,6.3479,
1768,20海沧投资SCP002,99.72,4.0591,-12.09,4.0591,
1769,18泗阳佳鼎债01,101.88,6.5600,96.83,6.5608,
1770,18凌云工业MTN001,100.53,3.8301,-6.65,3.8277,
1771,20晋能MTN018,98.40,5.6866,0.04,5.6866,
1772,20北京农商银行CD098,97.78,2.8800,1.0,2.8800,
1773,20太仓水务SCP008,99.78,4.1541,2.4,4.1541,
1774,20三一SCP009,99.82,3.4798,,3.4798,
1775,20兴业银行永续债,99.58,4.8247,5.47,4.8247,
1776,19阳煤MTN004,99.83,9.0814,-0.63,9.0811,
1777,19吴中经发MTN001,100.52,4.1591,-0.92,4.1602,
1778,20广州城投MTN002,100.90,3.7851,-10.45,3.7864,
1779,19新希望MTN002,99.65,4.2039,,4.2001,
1780,17徐州经开MTN005,101.73,4.2339,3.2,4.2300,
1781,20河钢集MTN006,96.58,5.3000,-5.0,5.3000,
1782,18乌经开MTN001,100.80,4.7562,-1.14,4.7576,
1783,20成都香城MTN001,98.60,5.1307,4.74,5.1307,
1784,15九江银行二级,100.00,4.8996,-21.41,4.8996,
1785,17厦门银行二级01,100.19,4.6111,,4.6111,
1786,18咸宁城投MTN001,102.14,4.7427,-5.87,4.7414,
1787,17首发债01,100.53,3.8287,-2.39,3.8287,
1788,19常城建PPN002,101.06,4.4199,-2.61,4.4199,
1789,20青山湖科MTN001,99.36,4.3373,0.5,4.3366,
1790,20贵州银行CD035,97.54,3.0601,1.0,3.0601,
1791,19郑州发展PPN001,100.69,3.9005,-40.3,3.9005,
1792,15安邦人寿,100.00,5.4958,,5.4958,
1793,20盐城高新CP002,99.61,4.9576,-5.0,4.9538,
1794,16平湖债,60.43,4.5378,-7.48,4.5300,
1795,17武进经发PPN001,100.61,4.3567,-1.66,4.3567,
1796,16港闸棚改项目债,39.80,4.4821,-4.5,4.4821,
1797,20天心城投SCP001,99.85,3.9502,-37.65,3.9502,
1798,18兆润投资MTN001,100.50,3.2009,-0.91,3.2009,
1799,19东南资产PPN001,101.49,4.5049,0.49,4.5049,
1800,20桂林银行CD127,96.65,3.5310,0.1,3.5310,
1801,19顺义国资MTN001,102.34,4.0481,-3.03,4.0491,
1802,14吉高速MTN001,100.19,4.8952,-0.48,4.8952,
1803,20南航股MTN006,98.68,3.6276,-0.48,3.6276,
1804,18伊泰MTN001,100.99,5.3400,,5.3400,
1805,20汇金MTN002,99.44,3.7014,,3.7014,
1806,20滨江房产CP002,99.86,3.9037,,3.9037,
1807,16唐山金控债,99.34,4.6583,13.64,4.6559,
1808,15徐州新盛债,40.64,3.6501,-35.0,3.6501,
1809,18陕交建MTN002,103.01,3.8019,-10.81,3.7998,
1810,19齐鲁交通MTN001,100.21,3.4535,-32.37,3.4501,
1811,16宁德交投债01,99.66,3.7436,,3.7444,
1812,18复星高科MTN002,99.99,4.6847,27.43,4.7001,
1813,20锡产业CP001,99.65,3.1971,-29.42,3.1885,
1814,20东航股SCP031,99.90,3.0305,1.0,3.0305,
1815,17贵州债06,105.30,3.4000,,3.4000,
1816,20华银电力SCP002,99.79,3.6376,-1.23,3.6376,
1817,18顺丰泰森MTN001,100.73,3.4125,,3.4125,
1818,20平安银行CD266,99.28,2.7000,0.05,2.7000,
1819,18浏阳城建MTN001,100.43,3.9367,-3.82,3.9367,
1820,19建安投资MTN002,100.25,4.3043,5.43,4.3043,
1821,18恒逸MTN001,100.00,7.0832,,7.0832,
1822,18陕煤化MTN002,102.75,4.2572,-0.28,4.2572,
1823,18鲁宏桥MTN002,94.10,25.9499,291.17,26.1207,
1824,16西发债01,60.00,4.2472,6.12,4.2436,
1825,20长沙先导MTN001A,98.05,3.9027,-4.73,3.9014,
1826,20山东68,99.90,3.4349,5.49,3.4180,
1827,19中电投MTN008B,100.93,3.7481,-10.19,3.7499,
1828,20首钢SCP009,99.80,3.2109,0.43,3.1999,
1829,18远东租赁PPN001,100.23,3.6401,0.57,3.6401,
1830,20晋能MTN001,98.44,5.1500,1.0,5.1500,
1831,20三一SCP003,99.93,3.5317,0.75,3.5317,
1832,20中建海峡MTN001,99.62,7.1618,-0.72,7.1618,
1833,20国电江苏SCP002,99.93,2.9998,-25.99,2.9998,
1834,16华润MTN002,100.09,2.8199,-26.62,2.8100,
1835,20胶州湾CP001,99.98,3.5390,-21.06,3.5390,
1836,20公安城投绿色债,100.00,5.7893,,5.7893,
1837,20紫坪铺MTN001,96.72,5.3829,-11.99,5.3815,
1838,19金华融盛MTN001,101.73,6.3671,8.44,6.3660,
1839,20恒逸CP005,99.29,7.3048,-4.52,7.3048,
1840,20浦发银行CD020,97.15,2.6502,-5.03,2.6502,
1841,16潍柴控股MTN001,100.12,3.1219,-6.11,3.1021,
1842,20郫国投SCP002,99.61,5.0805,0.55,5.0805,
1843,20招商银行CD207,96.53,3.6000,10.0,3.6000,
1844,20天业SCP005,99.72,4.7591,1.42,4.7591,
1845,20天业SCP006,99.69,4.7843,0.92,4.7843,
1846,20南充投资CP001,99.57,4.1504,1.04,4.1452,
1847,20光大银行CD272,97.02,3.0359,-29.05,3.0359,
1848,18衢州国资MTN001,104.16,4.1024,-9.76,4.1000,
1849,20天成租赁SCP007,99.80,3.5602,,3.5602,
1850,20紫金投资SCP001,99.94,3.1992,,3.1992,
1851,19扬州化工PPN002,101.40,5.6605,-138.95,5.6605,
1852,18武汉地产MTN001,102.19,3.8324,-20.56,3.8300,
1853,18浏阳城建MTN003,100.72,4.0357,,4.0300,
1854,20珠海华润银行CD062,96.89,3.1900,-2.0,3.1900,
1855,20宁夏农垦(疫情防控债)MTN001,98.30,5.1326,,5.1326,
1856,18郫国投PPN001,103.56,6.5211,52.26,6.5211,
1857,20陕延油CP001,99.58,3.2500,-5.0,3.2500,
1858,20西塞山PPN001,99.50,5.6860,1.0,5.6860,
1859,17巴州国源债,81.29,5.1741,0.49,5.1701,
1860,18美好置业MTN001,99.20,18.8116,-62.7,18.6597,
1861,19汇金MTN001,100.21,3.1952,-0.48,3.1952,
1862,19中华企业MTN001,100.18,3.8095,1.0,3.8095,
1863,20云能投SCP003,99.55,6.9000,,6.9000,
1864,19厦门火炬MTN001,101.52,3.9783,1.0,3.9783,
1865,18津城建MTN006,100.19,4.4397,-251.78,4.4397,
1866,19甬开投MTN001,99.10,4.2409,4.09,4.2409,
1867,19重汽MTN001,100.27,3.5300,-22.48,3.5300,
1868,20南京地铁绿色债01,97.14,3.9095,-0.18,3.9095,
1869,17泉州银行二级02,99.42,5.1000,,5.1000,
1870,20深圳特发SCP004,100.08,3.1726,-0.74,3.1800,
1871,20张江集SCP007,99.98,3.1304,-5.99,3.1304,
1872,20民生银行CD471,99.29,2.6996,-25.05,2.6996,
1873,19深航技MTN002,100.31,3.4639,-45.48,3.4600,
1874,19桐庐国资MTN001,100.98,4.6918,6.93,4.6928,
1875,20深圳债31,98.03,3.3800,1.0,3.3800,
1876,20苏国信MTN004,98.00,3.8632,-3.81,3.8632,
1877,20中铁股MTN005,100.67,6.7088,,6.7089,
1878,16浏阳城建债,60.18,4.2137,-11.82,4.2137,
1879,16建安02,59.43,4.4325,-2.45,4.4325,
1880,20重庆农商绿色债01,99.99,3.6022,-2.78,3.6011,
1881,17津保税MTN001,95.68,9.5976,,9.5985,
1882,14河源润业债,20.27,4.7001,,4.7001,
1883,20浦发银行CD214,98.17,2.6899,-30.99,2.6899,
1884,20四川航空SCP007,99.88,3.1996,-10.04,3.1996,
1885,20桂林银行CD026,96.89,3.1001,,3.1001,
1886,20上海银行CD268,98.59,2.7801,,2.7801,
1887,20中石化MTN001,98.32,3.4800,1.0,3.4800,
1888,19长电MTN001,100.33,3.5373,0.33,3.5373,
1889,18国开06,105.43,3.3400,-1.95,3.3400,
1890,10附息国债40,107.29,3.7100,1.0,3.7100,
1891,20潼南城投CP001,99.56,6.0698,1.0,6.0660,
1892,18紫光PPN002,19.70,430.6191,-266.13,429.2955,
1893,20金阳投资CP001,99.74,4.6830,-61.7,4.6830,
1894,20中建二局MTN004B,100.00,7.1538,5.01,7.1538,
1895,20海淀国资CP001,97.89,7.3130,32.57,7.3001,
1896,20晋江开发绿色债,96.49,5.2018,0.35,5.2018,
1897,18宜兴城投PPN003,100.48,4.4800,40.14,4.2073,
1898,20淮北建投MTN002,96.51,5.8686,74.71,5.8202,
1899,20蓝光CP001,98.69,8.5811,-3.02,8.5725,
1900,20平顶发展MTN001,100.21,5.0400,,5.0400,
1901,20沪世茂MTN001,99.21,4.5326,0.26,4.5326,
1902,14国开投MTN003,103.51,3.9000,1.0,3.9000,
1903,18嘉定国资PPN002,100.86,4.4141,,4.4141,
1904,16桑德MTN003,58.10,15.8042,55.42,15.8198,
1905,19晋能PPN003,99.92,5.3944,19.66,5.3930,
1906,14芜湖宜居债,20.33,3.7302,1.0,3.7302,
1907,20江宁水MTN002,100.00,7.3668,1.68,7.3668,
1908,20兴银3C,101.15,,,,
1909,20武侯产业MTN001,99.42,4.4000,1.0,4.4000,
1910,20青岛国信MTN007,100.28,7.1011,0.84,7.1011,
1911,20浦发银行CD523,97.91,2.8497,,2.8497,
1912,16广州地铁专项债01,100.22,3.9395,-0.8,3.9395,
1913,18汇丰银行02,100.82,3.0354,-30.8,3.0354,
1914,18海南11,100.77,2.6800,-22.04,2.6800,
1915,18湖北债11,100.78,2.6800,-19.0,2.6800,
1916,20闽电子SCP007,99.73,4.5448,-17.14,4.5448,
1917,15进出19,99.77,3.9000,-4.5,3.9000,
1918,16华电股MTN001,100.00,3.1532,-0.62,3.1532,
1919,20西安哄SCP003,100.00,5.9951,-0.19,5.9951,
1920,20常德城投MTN003,100.00,4.6499,1.0,4.6499,
1921,20曲文投MTN003,100.00,5.1834,12.26,5.1834,
1922,20金地MTN004,99.89,3.9700,1.9,3.9700,
1923,14云工投MTN001,101.53,7.1544,-153.42,7.1544,
1924,18光明MTN005,100.65,3.2400,0.58,3.2400,
1925,20津城建CP002,98.45,6.9999,3.27,6.9999,
1926,20龙源电力MTN001,97.14,3.6706,0.29,3.6706,
1927,20国电CP001,99.39,2.8716,-112.85,2.8716,
1928,20启东城投MTN001,100.00,4.6994,-0.05,4.6994,
1929,20浙商银行CD047,97.34,2.9000,-10.0,2.9000,
1930,20中国航油SCP003,99.96,2.9998,1.0,2.9998,
1931,20金洲新城债,99.70,6.7497,0.18,6.7497,
1932,20河北高速SCP001,99.83,3.1001,5.99,3.1001,
1933,20和信立诚ABN001优先,99.51,,,,
1934,20津城建CP006,96.57,8.3000,1.0,8.1500,
1935,17石国投PPN003,98.75,3.7500,,3.7500,
1936,16蓉城交投PPN001,99.91,3.7457,-2.73,3.7457,
1937,16闽能源MTN001,100.02,6.9623,,6.9623,
1938,20河钢集CP002,99.77,3.9501,-4.99,3.9501,
1939,18黄冈城投MTN002,100.72,4.7866,0.22,4.7860,
1940,19汇金MTN009,100.37,3.1700,-17.37,3.1700,
1941,19深圳债21,100.28,3.2100,-2.5,3.2100,
1942,19云能投MTN004,99.69,4.3120,-0.84,4.3120,
1943,18淮安交通MTN001,100.67,4.0634,,4.0634,
1944,19湘潭建设PPN003,44.50,102.6494,4680.69,102.8261,
1945,20开封城投PPN001,99.81,6.3652,-0.6,6.3641,
1946,19海国鑫泰MTN002,54.90,69.7416,225.94,69.6189,
1947,17芜湖经开MTN001,102.05,4.6200,-10.54,4.6200,
1948,20鲁高速MTN003,100.27,6.6909,,6.6909,
1949,20青岛银行CD119,96.99,3.0997,,3.0997,
1950,20皖国贸MTN002,99.67,4.3236,-3.88,4.3236,
1951,18厦门银行01,100.56,2.9502,1.0,2.9502,
1952,16苏州恒澄债,59.69,4.8499,-5.76,4.8499,
1953,19兴业消费金融债02,100.18,3.6859,,3.6859,
1954,19沪世茂MTN001,99.88,4.3000,-11.0,4.3000,
1955,19成都高新MTN001,100.62,3.5551,-6.06,3.5551,
1956,19达州投资PPN002,102.93,5.5500,-31.63,5.5500,
1957,20中电投MTN021,100.00,6.6658,1.67,6.6658,
1958,20银川通联MTN002,99.16,4.6036,-3.13,4.6036,
1959,17沪国旅项目NPB01,93.20,4.5346,6.18,4.5346,
1960,18江北建设PPN003,101.39,3.9500,,3.9500,
1961,19农业银行永续债01,99.61,4.5000,-5.4,4.5000,
1962,20远东租赁MTN006,100.36,3.7533,0.05,3.7533,
1963,20南昌工业MTN002,98.59,4.0243,-0.15,4.0243,
1964,18厦门市政MTN001,100.16,3.2496,5.0,3.2496,
1965,18武金控MTN001,100.58,3.7273,0.74,3.7273,
1966,20陕延油MTN003,99.99,3.8500,-3.19,3.8500,
1967,19宜兴城投PPN001,100.80,4.0134,-4.85,4.0134,
1968,18潞安MTN003,100.81,4.0628,-56.99,4.0697,
1969,20乌经建SCP001,99.66,4.1512,-0.33,4.1512,
1970,20南通城建MTN001,99.32,3.9486,,3.9486,
1971,19龙城发展PPN004,99.69,4.3147,-3.33,4.3141,
1972,19阳煤PPN009,100.03,5.5561,-48.75,5.5567,
1973,19晋能PPN002,101.51,4.6661,-72.46,4.6668,
1974,19大同煤矿PPN004,99.22,6.2948,-20.53,6.2956,
1975,19湘潭建设PPN001,50.10,101.1673,-5926.96,101.3480,
1976,19山西建投MTN002,100.06,4.7852,-3.48,4.7838,
1977,20中建六局MTN002,100.00,7.2743,0.37,7.2743,
1978,19龙城发展PPN003,99.89,4.3284,-2.19,4.3279,
1979,20阜阳投资PPN002,97.70,4.8406,-3.64,4.8397,
1980,14徐州开发债,20.21,3.9600,1.04,3.9600,
1981,17桑德MTN001,60.10,17.0489,,17.0647,
1982,20开乾投资MTN001,99.13,6.7089,1.0,6.7089,
1983,18大横琴MTN001,100.78,3.5500,-0.54,3.5500,
1984,20山西文旅CP001,99.39,5.8170,-141.73,5.8121,
1985,17瑞丰农商二级03,99.63,5.0622,6.85,5.0622,
1986,20飞驰融信ABN001优先,99.73,,,,
1987,19晋能PPN006,100.70,4.8451,-3.18,4.8504,
1988,18上虞国资MTN001,102.48,4.3500,13.0,4.3500,
1989,17泰华信MTN001,98.10,8.9816,2.83,8.9816,
1990,20兖矿MTN005,100.28,4.3540,-1.2,4.3537,
1991,19华发集团MTN003,102.03,4.2550,-6.66,4.2550,
1992,19津城建MTN011A,99.13,4.4400,,4.4400,
