,predy,testy
0,0.08363247,-0.7921362704918052
1,-0.16397816,2.6599020158401205
2,0.37491342,2.14657848969908
3,0.403387,-0.03607090579831281
4,-0.19154568,-3.9065463376666827
5,-0.0122515885,1.4013008234276414
6,-0.6148463,0.867912270967586
7,0.05552804,-1.7649948125241237
8,0.07325503,3.4795086672023903
9,0.054229807,2.59765872971851
10,0.7906547,1.0484860207871085
11,0.17847244,0.0998727811002631
12,0.7716491,1.1155586701666393
13,0.008940346,-2.8960345447326623
14,-0.75489044,1.9569393502433918
15,0.77994454,0.4914424702636921
16,0.32494608,0.481836954686532
17,-0.06616919,-3.65596300091181
18,-0.6658791,-1.4188946915239529
19,-0.63191015,-2.2209575652604285
20,-0.58503187,3.7680869692844343
21,1.9921918,4.352120215234411
22,0.6430265,2.1904087532220506
23,-0.9672126,0.9061616706762757
24,1.1402551,-0.13076590975793467
25,0.5450127,-0.7999192138325895
26,-0.5084322,1.838179366319381
27,-0.5255499,2.4847252796621486
28,-0.47641063,1.6712640125898128
29,-0.31060547,3.6852197776730873
30,0.46891072,1.652420882358464
31,0.4401976,2.678619823545714
32,0.16560513,3.3215837706634046
33,0.1511383,1.1930307569807181
34,0.19867808,-5.99123206450396
35,1.3369188,0.9974241063918975
36,1.9304758,5.23194389400863
37,1.2677848,3.7955590557487313
38,-0.8099088,0.8596965020576158
39,-0.18899243,-0.13278700618124545
40,-1.2219764,1.6334090562961194
41,0.3831163,-1.0193350633315725
42,-0.31828827,-0.15574403585557572
43,-0.2130647,1.7643416314530693
44,-0.56924826,1.4117518999720027
45,0.827417,1.5801110124763482
46,-0.07454542,-1.8448123098349314
47,0.761086,-3.9976563789112856
48,-0.9941832,2.028614391388106
49,-0.06947873,-3.3256910693614254
50,-0.031357598,-6.932659173377509
51,2.926845,0.5955497971946719
52,0.25995252,2.1970978083765145
53,1.8079662,-3.521065718184225
54,-1.320701,-8.358889976882944
55,1.4195513,-6.536859196788747
56,-5.6748934,4.966386316920946
57,1.8816075,-5.548045030215521
58,-4.565483,-6.857063377996198
59,2.1812716,-6.121300302484977
60,-2.375741,-1.6245008830139132
61,-0.98035485,-6.529436152570489
62,-2.939433,-2.382779406611635
63,-1.332509,4.452643520432819
64,-2.042489,5.052382782196373
65,-1.0090388,6.223239353023847
66,-2.0337875,2.1235400824362918
67,5.001602,-5.773845727097139
68,1.651725,2.3425146078006387
69,-1.6704932,5.488232903535662
70,0.89667666,1.5235093249277745
71,-1.388043,1.2808476560093536
72,-1.0510367,1.2138006875527694
73,0.78117657,2.7853763833735505
74,0.074070774,-1.4840990225666761
75,0.75301605,-7.4882463884572985
76,-0.80137885,-1.8521512205260882
77,-2.6877096,4.875670277209143
78,3.5720835,-2.769855910654639
79,-5.0332766,-0.9424940196754552
80,0.22276776,-2.4181253930990576
81,-0.75960374,5.329957653699303
82,2.160565,-1.2938643431837926
83,-0.95621693,-0.6034946819502678
84,1.7085859,2.839953131597284
85,-0.46778473,4.751713397193668
86,0.29187813,0.4912980442192133
87,0.30913445,-1.1735166259055687
88,1.6805408,2.37622265886468
89,-2.1525617,1.0640429413563568
90,0.6068297,2.2633573094777533
91,0.18806331,-7.473419753618282
92,4.22076,2.2019857203596787
93,-0.58470815,-3.4944335078132216
94,-1.4906437,-5.424056868057814
95,1.0585282,-7.969499139618286
96,-0.14788379,-7.4902336362559385
97,-0.8977701,-3.747332756298405
98,-0.6485779,3.48687912056207
99,0.73826987,5.991734897135403
100,1.6612962,-3.822653878697446
101,0.051265307,-6.261671308599659
102,1.2043353,-0.7563367108592516
103,-0.9040823,0.3431576712317643
104,-2.1181726,3.7649180605381796
105,-2.7534425,2.763197936895879
106,-3.2701871,-1.6898157688661761
107,-1.291939,0.8230970248326537
108,-0.6610626,-6.83055817363074
109,-0.13782388,-5.649121705050919
110,-2.039469,6.601401884713299
111,-0.5849241,-1.962746760802258
112,-1.7831696,1.1980735607443722
113,-0.10694064,3.537588953234105
114,1.842425,0.7277887636710555
115,-0.10667022,-1.1329541465676989
116,1.2279661,1.4540693377887557
117,-0.07244155,-3.2735771823451882
118,-1.5545254,1.822250744059795
119,0.062127482,-1.8663309586169128
120,-1.8381033,0.32964098295926747
121,0.8529418,4.062230046066694
122,1.0687559,1.530955717466798
123,0.7460839,3.843401519308198
124,-0.14443623,1.2407125166698396
125,1.1127375,-1.1405334838755161
126,-0.11324442,3.0446873373485066
127,-0.2808808,1.7075465707639075
128,-0.7285163,-0.0026959685337949353
129,-0.35770708,1.6276994112697458
130,-0.22895935,-6.27387574559346
131,-0.09648465,3.747501020447697
132,-0.38165537,2.497451287279407
133,1.1849381,0.6798604135759272
134,0.08768033,0.6216987905537367
135,0.70838356,-2.524255196751956
136,1.116125,0.8521897033579853
137,-1.2126179,-0.3376016497467323
138,-1.4421368,-2.096550867540725
139,-0.16445673,-0.23542369778113403
140,-0.5255106,5.027239490758806
141,2.3133097,0.1164008205845055
142,-0.43639544,2.3418012904644407
143,-0.32052624,1.3018927465975545
144,0.040509723,0.413717224740839
145,-0.05761847,1.4476548545810486
146,-0.09716014,-0.028888683573924812
147,1.7215009,-1.5013439723005062
148,-0.7195487,2.0053891115630718
149,0.9966125,-0.8871776402214814
150,0.03199884,-1.6135146228030588
151,-0.5675809,2.5465859964341364
152,0.36235413,1.1355656840212454
153,0.67154044,-0.7953862728294016
154,-0.44867313,0.7014299770924611
155,0.80968046,1.5885106110149494
156,-0.11494548,-0.6096652773535214
157,-1.060094,-6.324040395830366
158,1.3343335,0.43762845506851705
159,-1.0550301,0.47986069866639036
160,-0.2100497,-0.5116907018451247
161,0.05981378,2.223239434717916
162,0.13403408,-0.7770942776642471
163,-0.07117081,1.2054560364658689
164,0.35109472,-2.6056828062292148
165,-0.2864715,-0.4034229498631859
166,0.24185748,-0.3262695832943474
167,-1.0918996,-0.809636731467544
168,-0.30849937,2.0619419260153418
169,0.35739458,0.7680388333335612
170,-0.25404766,0.4163677052297925
171,-0.19156252,2.481605440008505
172,0.5872137,-0.21875911226307854
173,0.30535084,1.1584064670226333
174,0.5863845,0.8737173495485534
175,-0.5990257,-1.0606355667393434
176,-0.08493297,-0.26037914496840353
177,-0.21043682,0.5040603427816758
178,0.339699,-2.4224472929061713
179,-0.5659051,0.9341922518465662
180,0.08733474,0.8686032375211603
181,0.34300688,-1.593582265971682
182,-0.46108317,-8.326539935334731
183,0.50676703,-1.3411805137898416
184,-0.8404745,2.5526362388130774
185,0.8001205,-8.53953161864297
186,-1.6154749,1.6741872787145127
187,-0.48593307,-6.723608652706147
188,-1.679958,0.1305342440272477
189,0.9351613,-3.464751183868753
190,-0.57254267,3.389241125988351
191,0.36501902,-3.7738251899647524
192,-0.9923604,1.446125341043269
193,0.9716151,3.6493273857609596
194,1.9546833,-0.945603588775401
195,-1.7064697,-4.099046998452395
196,-1.0490226,1.5921846546897316
197,-0.8242309,1.015281049926342
198,0.43118456,-7.482127279920149
199,2.8489287,-1.3439941602809815
200,-2.4804623,-4.406086841403722
201,-0.026301,3.75434196572717
202,0.80618745,-1.2735115091431435
203,-1.6147081,3.466074510878835
204,-1.2662033,0.42136314737148917
205,1.6204395,1.9842535965933321
206,1.1515723,-1.0013125951456647
207,2.831898,0.0677942163059162
208,0.7116813,4.137056195792543
209,-1.0366658,1.166957220039543
210,-1.5798173,-0.23913949971614584
211,1.1852971,0.375852130136489
212,0.7156647,2.0770897998501514
213,0.02125616,-0.5442582556211661
214,-0.18947154,0.667819784202294
215,-0.17294629,-7.936292349583695
216,-0.9459309,0.406857386621162
217,1.3127528,-5.284354232829513
218,-3.3354344,2.3028055688981914
219,1.0548433,5.106473936904865
220,2.519014,0.4142078687327852
221,0.4821646,-2.6903330113657864
222,1.9979906,2.330136118799752
223,1.4972365,0.2047787502933437
224,-1.0959991,-2.555197221533123
225,-1.3208205,-1.6928845085667943
226,-0.028738692,-0.2348807939224427
227,-0.36337128,3.2966175226630146
228,-0.6275436,-0.8925260825327407
229,-0.5755055,-1.365296641724889
230,-1.217863,3.2929459984180505
231,0.57760096,3.5377777158987813
232,1.2312391,2.5250199184436277
233,-1.733443,-0.3933122167791293
234,1.5571752,0.7156624403957594
235,-0.70761776,-1.6432504163282458
236,-1.617764,0.9804898960192208
237,0.6623328,-0.652413931546736
238,-0.5855233,-1.9197453368622222
239,-0.45904383,3.6412484569907875
240,1.3136528,0.29832993890019976
241,0.12667836,-0.5081378405116577
242,-0.24252066,2.6459173193698056
243,0.66980577,0.5861692685052985
244,0.53687435,-1.4938095305870422
245,-0.06558796,-0.9669335379685615
246,0.7443851,2.197531424569687
247,0.5139887,-0.8173786145963873
248,-1.1943915,1.4627117261629456
249,0.3935409,0.9082268454958524
250,-0.4663227,-0.2733584823137015
251,0.12506539,-1.6156695669880319
252,-0.05830742,0.430331783735594
253,-0.10707529,-4.534076912224183
254,-0.50392544,-0.855665943233464
255,0.56525373,0.6806594893713944
256,0.41470477,-0.5529567549223733
257,-0.42310005,1.1490311270508253
258,0.09712758,-0.49729028886497106
259,0.00091587735,-0.43828012033174696
260,-0.31288272,-0.07912752719799718
261,0.24525511,3.038296976572053
262,0.025437547,0.03777898483166023
263,-0.9871344,0.5517214552220643
264,0.21377325,-3.9061416997914202
265,-0.41846144,-3.6541200270402197
266,-0.3421945,-0.08270002524527467
267,-0.36523053,-0.26991235254142365
268,-0.07811584,0.053289909337261555
269,-0.7279289,-0.21217296549700443
270,0.26718143,1.7190176941747954
271,0.2574722,-0.3819328555158324
272,-0.549147,-2.7485432634353213
273,0.42615098,0.6311277012496443
274,-0.75691915,1.1676928316683544
275,-0.700464,1.33579863594342
276,-0.32762894,-1.141238114254617
277,-0.06765817,-0.4875347803829918
278,-0.016434658,0.511095013630358
279,-0.5263707,-0.08355978615658408
280,0.05345951,-0.49254389250801234
281,-0.45591998,4.132144583038588
282,0.015401772,0.44490627711304453
283,-0.46096537,0.6714341673111688
284,0.18724309,0.3111131064918118
285,0.6314243,0.3192653250671193
286,-0.0063495114,-0.10740499614994038
287,-0.49701515,-0.355313827464365
288,0.27630216,-4.605669435646131
289,0.09079295,0.28400192118946915
290,0.63210654,3.298593035281705
291,1.420303,-0.37461048069412595
292,-0.52842575,0.5685813288818014
293,-0.1879747,0.35712668943557196
294,0.02770805,-1.148929842938928
295,-0.57863945,1.5564156300703178
296,-0.065524,-0.5112425090158077
297,0.058521155,-1.247037136782669
298,-0.55430627,2.3815896009567137
299,0.3463209,1.0471160877664873
300,0.117558196,0.2077769827638408
301,-0.52109027,0.053756413189121395
302,0.1084902,-0.19515015130260305
303,-0.7393706,1.969061807662231
304,-0.09912488,0.6036701605294019
305,0.51461256,0.44501156392056124
306,-0.22968534,0.35554355765872203
307,-0.11572868,-0.3155168130586584
308,-0.056106485,0.20079843170868233
309,-0.28561425,1.3093069306930656
310,0.04839281,0.803890448230304
311,-0.05850771,0.13991958501897736
312,-0.096972756,-0.22554131464561672
313,0.25609204,-0.44946297325579876
314,-0.09661033,0.3098843275260551
315,-0.14028402,-0.21797467016171396
316,-0.11066928,0.38626221579576286
317,-0.16733427,-0.8036990645240882
318,-0.12595801,0.2793020734071389
319,0.057647064,1.3370719544125504
320,0.105641834,-4.083166139808181
321,-0.026396936,0.22474471408460123
322,-0.4631478,-0.6470947208923498
323,-0.41788357,-1.509135257920113
324,-0.17744635,0.9695086818741318
325,-0.04052994,0.48439574548797515
326,0.20904149,0.6427475521869167
327,-0.20864432,-0.5600947704717415
328,0.15771419,1.4100582110460722
329,-0.043562327,0.8073746256414207
330,-0.485629,-0.36710267994417534
331,-0.016879557,-1.4554617007503599
332,-0.1992902,1.1689106388856227
333,-0.086344525,2.277154319115927
334,0.330479,0.4091560303172814
335,-0.32035345,0.3011335793312142
336,-0.13334514,0.03144087035726868
337,-0.07838065,0.14097722640018526
338,-0.26997656,-1.2186978810873383
339,-0.3064297,0.13005521505835557
340,-0.18708995,0.09893135470624403
341,-0.15585496,-0.8156878102146828
342,-0.16883448,0.441201584941497
343,0.12545979,0.26206063895999354
344,-0.030805541,-0.027693375215665447
345,-0.04697061,0.13165778313815063
346,-0.034898285,-0.8195256294090565
347,-0.040207904,-0.38439358894801723
348,-0.019672945,0.5480615704071871
349,-0.21802649,1.5829681513316325
350,0.05436109,0.02079171781170811
351,-0.16942525,0.3643183581960804
352,0.012392386,-0.7200083461440412
353,-0.35691378,-2.7725021441651676
354,-0.19288094,0.4512337005931679
355,-0.14186837,-0.6624968552364493
356,-0.3832111,1.0515819921760536
357,-0.028210199,-0.03388932848690281
358,-0.06768678,0.027120653796975057
359,0.012769401,0.6603349753694585
360,-0.01309314,-0.23584166974649518
361,0.065992445,-2.0258751950371745
362,-0.41972545,0.7272267011881666
363,-0.099185474,-0.08955114674776828
364,-0.34284642,0.27876483774007527
365,-0.3339069,0.4651687070056365
366,-0.0066973525,1.8899857618965394
367,0.1901526,0.6008353379272308
368,-0.007941165,-0.056887995399634794
369,0.21523474,0.03223945430481697
370,-0.24528489,-0.2365520761531178
371,-0.27201533,-0.8708568990755121
372,-0.40595993,1.4989513733500766
373,0.077258006,-0.21538480446376934
374,-0.23857155,0.04587961066992974
375,0.10791458,-0.35332643915890777
376,-0.17221582,0.9913084839574534
377,0.17582268,0.3651672077400694
378,-0.2147579,-0.5021825744474965
379,-0.09864464,-0.19952866520990234
380,-0.19544655,-0.9439404912418462
381,-0.15635765,-0.05622815931002288
382,-0.21238361,0.8638900469761569
383,-0.044646807,-0.8116227076114596
384,-0.19973566,0.443058466676893
385,-0.0413771,-0.32604688967614576
386,-0.2511477,0.09640097855503299
387,-0.03532018,0.5311633342711677
388,-0.20375715,-0.7628575558419225
389,-0.15874316,1.2923079783747624
390,-0.14362665,0.7177637345742842
391,-0.053985216,0.4726688933138314
392,-0.074094914,0.3847310888418942
393,-0.0514802,0.05617080744406669
394,0.035014957,-0.11619174045293088
395,-0.2938289,-0.514430111188635
396,-0.16851805,0.13949620815680844
397,-0.029841123,0.7518671897923879
398,-0.14506178,-0.4515668981047047
399,-0.09142413,-0.12245199565084047
400,-0.06386222,0.44949079351657173
401,-0.014431206,0.27026133278820175
402,0.037100323,-0.7495352881213608
403,-0.23712015,-0.531959884001942
404,-0.063508764,0.5905326486049801
405,-0.1278571,-1.5623891420747602
406,-0.47922534,-0.5359632079276474
407,-0.11550482,0.07508456649840713
408,-0.13941441,1.0343727901720667
409,0.12079536,-0.46660353795270304
410,-0.27393463,-0.2069727289300772
411,-0.04562693,-4.065754568677537
412,-0.36338586,0.4656685464100357
413,0.117726505,-0.616102118766903
414,-0.4988228,0.6555012420867097
415,-0.27449793,0.6069677090631221
416,-0.23149018,0.03497654514030831
417,0.054775134,-0.31784303395334695
418,-0.15635988,0.7454798242717997
419,0.22630675,-0.091688052668637
420,-0.44016168,-0.9427937538139867
421,-0.45096943,0.20296084049664628
422,-0.16310969,-0.0935700385241714
423,-0.21373065,-0.29607909859656867
424,-0.47672987,-0.2811694608180867
425,-0.03291503,0.17624639950357637
426,-0.3567954,0.9120909121388183
427,0.04631418,1.1693214107164396
428,0.09977959,0.07209128852621013
429,-0.24583974,-0.4322361265642337
430,-0.1120814,0.6874232926634022
431,-0.12868744,-0.33497417160528503
432,-0.31148237,-0.9692004760765376
433,-0.14440311,-0.9335182155288392
434,-0.29152977,-1.2464828586687182
435,-0.3824094,-2.638078603184036
436,-0.45463577,0.8427785994256541
437,0.10768119,-0.22163506832376656
438,-0.14020322,-0.4104742617313081
439,-0.14710227,1.2958991872501486
440,0.22956075,0.8195034302515446
441,0.0072196545,-0.11195414254630036
442,-0.27762905,0.23210699954259195
443,-0.012938855,0.7142891819333695
444,-0.20054804,-0.26704329089883805
445,-0.37237364,0.8403293652903265
446,-0.07547113,-0.053041498582095455
447,-0.26081204,0.5701790141513727
448,-0.113109775,0.62909275859877
449,0.023062129,0.09366342451169157
450,-0.20083866,0.5134832754994036
451,-0.112859555,0.0822651166076713
452,0.10635042,-0.9912327898991324
453,-0.38277295,0.7547887256998947
454,0.006615421,-0.8205254004346467
455,-0.2244924,1.2351042307472861
456,0.04409361,0.7733678305293704
457,-0.008350158,0.6183910332523185
458,0.15195797,-0.003707004539532319
459,-0.11191421,0.03367320616807218
460,0.16428839,-0.8015540049133963
461,-0.38792774,0.4157677304467808
462,-0.060133584,0.25841075063131036
463,-0.11890133,-0.5103870963751869
464,-0.19189802,0.2829999549313728
465,-0.029807461,0.9992499426608956
466,0.16731404,0.09006769653783173
467,-0.15952691,-0.40011098864205535
468,0.009483426,-0.88824381376893
469,-0.30439204,0.13262146355705876
470,-0.13239194,0.9302224593357166
471,-0.13551635,-0.2215768527481952
472,-0.21065618,-0.11426846621532862
473,-0.17190781,0.8831247321178014
474,0.13100618,-0.9183383409695931
475,-0.25896624,0.2327536343654786
476,-0.10647779,0.27099228418334664
477,-0.15234625,-0.24800681404860714
478,-0.21552709,0.19077539428196097
479,-0.14078838,0.5287007903639125
480,0.104163505,-0.4672640232669671
481,-0.27778053,-0.2661129552810504
482,-0.04688084,-0.2792870563144254
483,-0.18665852,-1.6171491881849402
484,-0.3325172,0.40638420010854487
485,0.050167922,2.160692946349774
486,0.2442761,0.30091881155416245
487,-0.3446389,0.2908691774713643
488,0.16569601,-0.18529412211778457
489,-0.12551536,0.9537747428630678
490,-0.051902656,-0.7948204677207032
491,-0.28296727,0.5963676617278583
492,-0.117665365,-1.3232159862146096
493,-0.46965745,-1.0961741133795668
494,0.10871405,-0.5945853854970155
495,-0.39798483,-1.052629938877048
496,-0.18907489,-0.04534968861453784
497,-0.24362591,-0.7413627147801585
498,-0.12863919,-2.5743130536082464
499,-0.41003808,0.357578630644895
500,0.163021,0.25874691175658004
501,-0.29335257,0.25743151350301485
502,-0.41589695,0.31587616879027475
503,-0.13690378,0.0685784933981189
504,-0.059655022,-0.2998655109618272
505,-0.45192543,-0.3415904528937471
506,-0.14368051,-1.4026174204338824
507,-0.42464066,-1.8743185191997027
508,-0.5727811,0.6101540613902667
509,0.0038074462,-2.0984697272122377
510,-0.63172615,-0.22426705449009046
511,-0.23955841,-0.1508691150828298
512,-0.07446576,0.5070108360136331
513,0.014786879,2.056838793859671
514,0.014681404,0.21480598464103062
515,0.040495697,-0.8519074597894584
516,-0.17971236,-0.022087244616242115
517,-0.13988568,-1.4421805596001813
518,-0.374335,-2.104499890470235
519,-0.4101037,0.5961962781532372
520,-0.106023915,0.8889080484545399
521,0.036278967,-0.23706159841389038
522,-0.42360836,-0.21980733022325424
523,0.11081737,-1.9591009769749919
524,-0.41265473,1.0949211908931833
525,0.053108864,0.7497592039525047
526,-0.28505602,0.44224354345059325
527,-0.32947585,1.942987441624778
528,-0.09058538,0.06649851721738376
529,-0.06510266,0.17268055942460922
530,-0.10063238,-1.1125313480543022
531,0.04286887,1.3078406060790913
532,-0.3678646,-0.2279241345404583
533,-0.54967046,0.917466558729419
534,0.3028189,-0.13568791447509093
535,-0.06671451,0.738566439381327
536,0.11277258,0.15683270572737193
537,-0.145597,0.18592660843823555
538,-0.022712065,-1.412427054764654
539,-0.30499178,0.29988285043907087
540,0.3503508,1.6859363327349055
541,0.0023571735,0.025034197040407456
542,-0.32924864,-0.4410150543825874
543,-0.05989795,0.5057334531670682
544,0.11672618,0.3460852478097911
545,-0.13267359,0.6392795235054199
546,-0.03810515,-0.4945446304270294
547,-0.18381801,0.7664088110170165
548,-0.040781282,0.12415320731808939
549,-0.21128792,0.3927986906710372
550,0.03355795,-0.31239911275439125
551,-0.19180264,-1.24980665618315
552,-0.12604329,0.0652636078701367
553,-0.2751936,0.2762111139917197
554,-0.09174841,-0.34455676731280943
555,-0.11204549,-4.116343653018395
556,-0.30332887,1.0545464446282355
557,0.20246786,2.0363968254235356
558,0.27388635,0.6588154524570293
559,-0.46877778,0.43988798677876373
560,-0.055917416,0.6695929390755352
561,0.03149671,-0.21938892158912512
562,-0.31349424,-0.11212948517941258
563,0.027547594,0.6071550588120583
564,-0.07715087,0.5084071526288765
565,-0.42607635,1.327978942829655
566,0.11293696,-0.18196252778659439
567,-0.08511474,-0.5516548053460242
568,0.017246451,0.161711874546144
569,0.03912397,-0.5884729565935336
570,-0.2351268,1.2578070784177606
571,-0.117014006,0.0047593211304426215
572,0.13511126,0.5758504502103586
573,-0.105683364,-0.801259302021129
574,-0.3309441,-2.0357055405916924
575,-0.04806238,2.133516414848447
576,-0.08627496,0.3515217778229827
577,-0.1861059,0.06397709493313244
578,-0.12531619,0.7474520478571774
579,0.09475048,-0.2869920499903313
580,0.035659023,0.8825160371532577
581,-0.1773476,-0.43411859870264813
582,-0.077992976,-0.8343815382105936
583,-0.33525562,-0.6989014325976763
584,-0.35626692,1.0820900871055361
585,0.39595836,1.2298058939294467
586,-0.19399796,-0.2555809095691865
587,-0.19272217,0.7069111882350037
588,-0.09532556,0.262959714633704
589,-0.0014292444,0.8665575549074765
590,0.15230863,0.5849996169462903
591,-0.06172131,0.10937319107708858
592,-0.21550968,0.5365299930308886
593,-0.08922376,-0.73435929724297
594,-0.08584464,0.23755069679505197
595,-0.07385816,1.1476716487835772
596,-0.042932287,-0.08451598058839536
597,-0.015136425,0.6076149795078541
598,-0.0361679,-0.1823654549861109
599,0.023303373,-0.7516272768011704
600,-0.08154096,0.7159425192236882
601,-0.11404109,-0.5012407319943785
602,-0.08676699,0.8506604862553067
603,-0.14024867,-1.2016490174778576
604,-0.26183873,-0.6055610589756562
605,-0.02525411,-1.2503024188946783
606,-0.36488608,0.4758206673816329
607,0.23553969,0.95725625391061
608,-0.17789012,-0.23317140452733218
609,-0.24790491,0.5400598983828611
610,-0.008206534,1.1374684625472753
611,0.09989685,0.4059373769347956
612,-0.18653509,-0.5817629759539807
613,-0.07767992,-0.11055326132121172
614,-0.27680826,0.7616644891952359
615,-0.05779856,-1.3504088038129187
616,-0.39153013,-0.09472429489320004
617,-0.03242861,-0.7485324227953116
618,-0.32241243,-0.9452360347622537
619,-0.09550397,1.0769988002584228
620,0.015502198,0.6290877770710255
621,-0.05278853,-0.1475934405603788
622,-0.16944769,0.6798424958352375
623,0.14923416,0.3616184985010261
624,-0.029033795,-0.6163134205544702
625,-0.18540348,-1.7954065943678095
626,-0.19336736,0.7440384780765797
627,-0.14141618,-0.1106671890076743
628,-0.4068817,-1.0380057836546825
629,-0.040960815,-0.8936102625625941
630,-0.40406588,1.3088573482413333
631,0.28641424,0.6272365652500997
632,-0.08163016,0.14881088654659047
633,-0.1739309,0.7568172223924031
634,-0.071550064,0.45179880054753174
635,-0.05278741,0.45157365664743077
636,-0.27706352,-0.8499207789891218
637,-0.02045727,-1.1618396525215129
638,-0.2267831,0.3158622504076503
639,-0.12390462,-2.994216497847779
640,-0.6164576,1.119627032005965
641,0.08058325,0.36032002885046893
642,-0.16010647,-0.26191269060693545
643,-0.03753907,-2.5612475618997816
644,-0.11477773,0.056099998246872076
645,0.18252367,-1.3297164874968683
646,-0.89470404,1.6911640070707454
647,-0.027936975,0.3025728214677508
648,-0.04197011,-0.8696863273280896
649,-0.07260817,0.8460234185157621
650,-0.097115815,-0.5824511075120162
651,-0.15349749,-2.336287864552311
652,-0.23357105,0.6504253282699554
653,-0.021646101,-0.604749870399168
654,-0.62697136,1.10293098980192
655,-0.2575216,1.3385156549747366
656,-0.08867507,-0.8424843744283097
657,-0.08146634,0.7095862324548501
658,-0.11904775,0.10577560279350078
659,0.1756914,-0.7689271937976523
660,-0.342838,-0.5736269516466436
661,-0.3741936,0.8266142364745647
662,0.15976757,-0.8299153447955955
663,-0.43922585,0.6313554947607657
664,0.10708537,0.0703694798429134
665,-0.17718771,-0.9178441394930845
666,-0.31750506,0.5587179234317169
667,0.11790379,-0.7556087875694288
668,-0.1597749,0.5041186428322851
669,-0.32717505,0.7502897198219842
670,-0.076531485,1.302389126546589
671,0.06441931,0.8846804364339258
672,-0.12512319,0.4584980237154034
673,0.18395878,-0.004518865484282111
674,-0.25100014,0.45081615956992244
675,-0.102942154,-0.006670617326853846
676,-0.07845303,-0.6176162587751663
677,-0.25596192,0.312210229880394
678,-0.04429111,-0.4134803624061158
679,-0.06383417,-2.2813183172718516
680,-0.38864025,0.7635870521222061
681,0.18040745,-0.5343486009652284
682,-0.18279524,0.30857795662038195
683,-0.097689755,-0.22936947254564805
684,-0.09549107,1.199863528676515
685,0.18813905,0.1159486045207327
686,-0.35756683,0.6184107002360283
687,0.11779944,-0.18109879111083435
688,-0.20328139,0.014257244560300359
689,-0.09240033,-1.1552987876803584
690,-0.4306443,0.056419456471434676
691,-0.14393578,-1.965647887680877
692,-0.42617452,-3.3056836431671233
693,-0.2579564,0.33602128079082183
694,-0.25830254,-0.11041075130936451
695,0.046819113,-4.900787233545955
696,-0.32213023,0.12394245704088232
697,0.092567496,0.96562446925672
698,0.23775016,-3.6691361107642826
699,-0.948712,2.5959063169454164
700,0.28357372,0.6641399519222274
701,0.28069732,0.3116638632025825
702,-0.5325404,2.100843986703338
703,0.27988267,0.3735706031420929
704,0.14763297,2.2381682288628695
705,-0.48860863,-0.3170980881240794
706,-0.11829597,0.21828248948516624
707,-0.4071813,1.104640352741181
708,-0.4906665,-0.5563017427941856
709,0.59140015,0.12813019084134705
710,-0.58320343,1.343645388433568
711,0.093329385,-0.9615040403021413
712,0.14784,0.73967097621126
713,-0.17354771,1.2308550422326587
714,0.37430695,1.4306474324067513
715,-0.18484133,-0.6612365743402734
716,-0.2856322,-1.0365917031091347
717,0.33503458,-0.14880471521912
718,-0.45518056,-0.5469158315952181
719,-0.087225355,0.1223498326638154
720,-0.20301098,0.32288834758191776
721,-0.123667866,-0.7207995205468328
722,0.0027397987,-0.45634014226979525
723,-0.1349598,-5.147814457084888
724,-0.37673566,2.001157737400971
725,0.086917326,2.2331169447192605
726,0.18618554,-1.0180984228091108
727,-0.7434347,1.0299095648330643
728,0.45355636,1.323642967691053
729,0.29094794,0.11807533926218067
730,-0.62203705,-1.0168312109193782
731,0.11512667,-0.6934325239986833
732,-0.3992006,0.132276670948484
733,-0.65589154,0.6321309734219621
734,-0.17985879,0.3771599705792108
735,0.09579232,-0.5796329976785027
736,-0.11818713,-0.39892056787517155
737,0.23129378,-0.24522206865885665
738,-0.41556817,-2.0216518833546027
739,-0.37449265,1.3546409183039503
740,0.5540487,0.5706236831439109
741,-0.31019986,-2.0632068386088886
742,-0.660924,-0.9678889410356325
743,0.22814469,2.288321268149284
744,0.31360364,0.03743375651943374
745,-0.50420314,-1.8699806356994526
746,0.013823584,0.22229898187067204
747,-0.50713456,-0.09657088063770264
748,-0.40467122,0.9442694848445617
749,-0.28804407,-0.02233272031143592
750,0.00038513925,1.8589373681102246
751,-0.23561938,0.3766318776436514
752,0.055703085,-0.20821574991601907
753,-0.07050823,0.1880837188165118
754,0.040893473,-0.8149893139223539
755,-0.0741527,-0.39707310885377367
756,-0.46273318,0.8884718184179351
757,-0.007249971,-0.2740604294942162
758,0.055062942,-0.5044911201901426
759,-0.026413206,0.35772994653300266
760,0.12714851,1.2852055411457735
761,0.1229026,0.3410625473469158
762,-0.09008831,-1.2975737373438931
763,-0.12153482,-0.3530184490800443
764,-0.23397388,-1.2485356989096588
765,-0.42993402,-0.44847747473723026
766,-0.2085136,-0.9473355445185015
767,-0.29518658,-2.6195066361634494
768,-0.33735165,1.2649161737869459
769,0.029344587,-1.2051500833265336
770,-0.49742192,-0.03465186310931439
771,-0.21604547,1.6879723392836823
772,0.11196412,-0.08340427888176062
773,-0.03960872,-0.627612888924289
774,-0.14464885,-1.1976256618136616
775,0.12851293,-0.6515795600867906
776,-0.48543036,1.0828498178383716
777,-0.4157438,-1.5163304557070933
778,-0.2548707,-0.35830084429875336
779,-0.46540764,-1.8432305398492614
780,-0.55126715,-6.240757118500352
781,-0.7087774,1.1023569979637275
782,-0.19955444,-2.0994961901665725
783,-0.3946882,1.3925431055656463
784,-0.1132764,-0.6800229452028292
785,-0.14056677,0.6878008518974571
786,0.35959047,-0.9840551287914612
787,0.2433246,-1.0644877189548985
788,0.011186164,3.217536314738955
789,-0.4178729,-1.5136763668700874
790,-1.3195425,1.1354835194345767
791,0.10338087,-1.4583048721121037
792,-0.20163083,-2.705932431746383
793,-0.098676614,0.27835978453707494
794,-0.5283433,2.2198962100455693
795,0.5282737,0.5673953265264094
796,-0.5665194,-1.954042904451059
797,0.7203706,2.707221375015889
798,0.60803366,0.6126631222812983
799,-1.025936,-0.1727454224384584
800,-0.3016222,0.019248537111171908
801,-0.24508572,-0.7613255840806634
802,-0.34958723,-0.8786729343138284
803,0.09281099,1.2505551392690382
804,-0.097570255,0.7487560987391899
805,0.1418633,1.7383966244725713
806,0.022489313,0.07578271098509454
807,0.08288742,-0.6626907731894779
808,-0.020507203,-0.45871037720821534
809,0.03965134,-1.2218795303745922
810,-0.18224767,0.06885046719962158
811,-0.4159149,-1.6063692008819181
812,-0.21370596,-2.1420582641414776
813,-0.29205492,-1.326258354166632
814,-0.4581602,-2.119782950453874
815,-0.2258905,2.727734314284235
816,0.22087426,-1.5392778103924476
817,-0.59717375,2.544784728013339
818,0.21765842,0.5143093488811709
819,-0.043809183,0.4923954032493687
820,0.097000785,-0.3441945846718636
821,-0.20366402,-2.0855994982016175
822,0.044576097,-0.9009063799335527
823,-0.9748337,-1.7457761994284398
824,-0.6164671,0.6166940452172925
825,0.05991869,1.2276908114595482
826,-0.09254676,-1.1234714778065145
827,-0.09639209,0.5509590615709653
828,-0.02947084,-0.23397969023392068
829,0.05602175,2.221219259360008
830,0.19101828,0.28507662190251337
831,-0.49856025,-0.6483441591730198
832,-0.07954143,-1.5143789103918335
833,-0.3488405,-1.074557438485191
834,-0.24300316,0.49949946207750123
835,-0.24269852,1.0624381312165805
836,-0.1988554,-1.5387666963854845
837,-0.47236276,-0.4502568000614663
838,-0.19018012,-0.03275371087028186
839,-0.14230654,-1.8135223236459
840,-0.37183502,-0.042083963884320924
841,-0.37732026,-0.1898828382487233
842,-0.026562441,0.5803190050213342
843,-0.21990259,-1.0829850822140936
844,-0.39452773,-1.4494398382897007
845,-0.14770818,1.7625624947038345
846,0.113956355,1.1397434829860436
847,0.03761423,-0.07198816100860662
848,-0.2958172,1.5155868409711508
849,-0.17596017,-0.2636715904786869
850,-0.15390816,0.4815807868462591
851,-0.23114009,-1.251134327180448
852,-0.05264715,0.9536567004108978
853,-0.19792408,-3.2128447131998574
854,-0.8149592,-0.24965081168795103
855,0.46362355,-0.10787742535421926
856,-0.17887978,-6.964960290633259
857,-0.24868867,-0.6820788314118471
858,-0.70258754,-1.8440687791605572
859,-0.03248696,-2.368812735910819
860,-0.44116986,0.8220153768099028
861,0.24346709,-2.7802911902607526
862,-0.26009953,2.7256710282048235
863,0.10047415,4.969731031325186
864,0.25278306,-1.8365434765551076
865,0.08531221,-0.1897234316666662
866,0.8104929,-0.26074728712115486
867,-0.7265369,-0.010863353186508152
868,-0.9648125,-1.6870730946915045
869,-1.0311576,1.0092419754332167
870,0.36129433,1.6175372335618161
871,-0.34731898,0.6186001334097753
872,0.2626017,3.2326272743767195
873,-0.00017477256,0.06489482756677448
874,0.03757159,-0.06147499453930145
875,0.4399468,-0.5173385007097635
876,-0.58646584,-0.7431247933248007
877,-0.30490312,-0.313075464421897
878,0.038653824,2.5884663542866
879,0.25506142,1.8263199819710914
880,0.61284286,-0.395088023771017
881,0.3433603,1.6345800581232917
882,-0.19748479,0.8504678763845192
883,0.06412645,0.249833658861132
884,-0.2867021,-2.8537233928670793
885,0.35585734,0.379508314141219
886,-0.14965777,-0.07333132806548423
887,-0.5156684,-3.87952532556417
888,-0.3738009,-0.16686629666542463
889,-0.19125114,0.462282425025062
890,0.33665764,1.2355133157840867
891,0.5112284,-2.164858865430242
892,-0.36874992,0.7121982649515466
893,0.13570203,3.164977779808775
894,0.107319884,0.46598466945873074
895,-0.86036205,-0.7387224136448769
896,0.49865788,-2.034557043551643
897,0.03375431,-0.002947117379148816
898,-0.29805404,-1.170946914050453
899,-0.9666415,0.8317830115316179
900,-0.019296492,-0.05118790054532434
901,-0.5368985,1.1344495734433309
902,0.3370352,-2.3870398545179468
903,-0.3834933,-0.1487168845542116
904,0.33984882,-0.5398727673674666
905,-0.51961976,-1.3783672720772306
906,-0.31998205,0.27919677958521083
907,-0.06103573,-0.6718688376809885
908,0.062645875,1.0299824633550168
909,-0.22859804,-1.1511865104614993
910,-0.3143442,-0.40468487827505273
911,-0.23872696,-1.1201380093669446
912,-0.5195699,0.1626907170166674
913,-0.062006317,-0.8656346868072263
914,-0.5739054,-0.4634604400816974
915,-0.24831502,2.384501107515291
916,0.3317211,1.8390455201762859
917,-0.09105497,-0.2569770912618346
918,-0.015164477,0.2681598204474782
919,0.1031155,-0.16111845587430995
920,-0.35722515,0.7711601967369528
921,-0.11433788,-0.656565188371405
922,-0.18660466,1.4186233684431386
923,0.073612966,-0.24106584225828098
924,-0.3571382,-0.7643743889616642
925,0.06129491,1.0242278209832139
926,-0.07814558,0.5938621972901186
927,0.017481524,-1.4948681072701637
928,-0.25016475,0.17245981547031564
929,0.003457922,0.5211229748266718
930,0.018128958,-0.4548000654653993
931,-0.28976083,-0.25981604468279207
932,-0.21232638,-1.2288668793328463
933,-0.0734789,-1.0029875725444228
934,-0.34347644,-0.8345957137633416
935,-0.15055375,2.820563777544205
936,0.24577631,2.5289513700815114
937,-0.20930746,0.8317302123387768
938,0.122975536,1.6425310114450025
939,0.40845317,0.4379034706509356
940,0.13030994,-0.6493578131447021
941,-0.014954089,3.5147487973989264
942,0.044921134,0.1347350354001126
943,-0.22889091,0.007284756860537196
944,0.40318337,-0.1816771716634972
945,-0.21510854,2.5360903514382476
946,0.65805095,5.589977602411401
947,0.57583034,-0.1151783678769442
948,0.18211074,-0.4100394161800855
949,-0.29858926,0.14767192519549202
950,0.14640431,0.8345787009306884
951,0.01635609,1.7962476540437364
952,-0.9279436,2.65671497116271
953,0.035394777,1.78913713885358
954,0.12094403,1.272534661217106
955,0.58751106,-3.900619570514163
956,0.44137856,4.016241874297055
957,-0.47074363,1.7341167587301423
958,0.5380593,-2.2723833543505707
959,0.48824283,-2.3292767002282
960,0.39431566,1.1420213267905996
961,1.2586153,2.652915370562848
962,-0.21056922,0.3817362820340401
963,-0.6836941,-0.11571517045805291
964,-0.97405726,1.3359826969482134
965,-0.064128146,0.5843119574629575
966,0.109091066,-1.289010946009883
967,-0.09452104,-2.7891748518380384
968,0.29175022,0.9824129545050083
969,0.11784656,-1.4273442146302768
970,-0.8801744,3.3060713727067537
971,0.204087,3.7886243929873276
972,-0.03601474,0.30758062051046187
973,0.40945068,1.0473461401944382
974,0.28530902,0.6086318805217377
975,0.63007784,-0.4075577870276456
976,-0.05091636,0.178191848663478
977,-0.3041407,-0.12444414096840532
978,0.16893655,-2.1122042264594687
979,-0.17870025,-0.223670287995148
980,0.16173849,-1.021809928303563
981,-0.24568266,2.1398590518354244
982,0.19754983,0.5317629708101462
983,0.3777113,-0.5606321230497872
984,-0.06242036,0.606215920916609
985,0.029223964,-1.4997814181316291
986,-0.25311467,-1.6596074813385764
987,-0.7795838,0.9180783431590904
988,-0.12577343,-3.896488037283452
989,-0.26999843,-0.9231609146969304
990,-0.43366995,-2.6336762185120937
991,-0.9348763,0.7968702522029861
992,0.16327459,-7.513056847214161
993,-0.51515675,1.316003911342878
994,0.51887864,-0.5159448264768555
995,-0.46699986,-1.1991333416873189
996,-0.71503067,3.598511581475373
997,0.50502336,-1.153560596486791
998,-0.16602145,-0.8048502766735297
999,-0.6615282,2.2343679829869956
1000,0.45309126,0.6264084340577004
1001,0.14806104,-3.2452685401968444
1002,0.002300509,-0.38481926443273423
1003,-0.9752579,1.7529998618885492
1004,0.39323512,-0.6682808136737936
1005,-1.0189041,-2.0792180677157597
1006,-0.17367844,-0.6394523201694204
1007,-1.1814209,2.5030154324047427
1008,0.94815487,-0.15031382544655764
1009,0.2841948,0.027646105632328614
1010,-0.14683689,-0.6145019225880953
1011,-0.33675584,-0.2923026956804136
1012,-0.6159134,-1.184446254071669
1013,-0.9232994,-1.2033820784454259
1014,0.366816,-0.24168944886881996
1015,-0.6809344,-2.1957347893524433
1016,-0.66065526,0.9934213619789976
1017,0.32360744,3.729106969775197
1018,0.25662783,-0.7748695799423497
1019,-0.4392741,0.29114894859452156
1020,0.13084348,-1.683597634106582
1021,0.17235269,0.1520165654265599
1022,0.108132824,-0.11805564231014368
1023,-0.93845236,1.2876395359744823
1024,0.15113606,1.9718373630353891
1025,-0.23550606,1.3437664615428169
1026,0.3795414,0.057554701860662215
1027,-0.26183426,-0.9794594164245107
1028,0.16666436,-0.2492467321542288
1029,-0.29565448,0.9045679776084494
1030,-0.24104346,-1.1382971075271415
1031,-0.55086935,3.025565197718216
1032,0.9122442,-0.3107684706269991
1033,-0.3134606,-0.8592934086747435
1034,-0.0011173094,-0.3114634417305421
1035,-0.32400632,0.3510433789318149
1036,0.035236564,-3.408518519987469
1037,-0.63509965,0.22255162417519356
1038,0.31560934,-0.7735137106124607
1039,-0.23361537,0.01424483779466378
1040,-0.17621656,0.3513226202640055
1041,-0.024913562,1.311304784256938
1042,0.20269452,0.13664086800453437
1043,-0.17108534,-0.060015612169384065
1044,0.53299314,-1.724050483963579
1045,-0.31085458,0.7138566217530063
1046,-0.122195154,-2.093184850851348
1047,-0.8784043,0.9912971023140035
1048,-0.04085085,1.0180517089835694
1049,-0.29740322,0.3818979156705597
1050,0.24553001,0.13226647913582293
1051,-0.3951662,-0.0222534814448667
1052,0.15832683,0.528893081915128
1053,-0.44451866,-0.40057526833667834
1054,-0.35038614,-0.6675232501223594
1055,-0.13142192,-1.2432065077908279
1056,-0.23131514,-1.204593839398582
1057,-0.35094717,-2.134268241869686
1058,-0.48343253,-0.5203674396201952
1059,-0.25284424,0.6428379979076521
1060,0.15706956,-1.1973540087197423
1061,-0.39438692,1.8411642592411461
1062,0.22430834,-0.5690440870428252
1063,-0.22608517,0.5463260912031747
1064,-0.07543859,0.4848585775773636
1065,-0.323824,0.3422889377569404
1066,-0.026867643,3.2265714660805638
1067,-0.14263307,-0.049845744855436316
1068,-0.43427867,0.2074863368913378
1069,-0.14654627,0.10629321361863522
1070,-0.071675174,-0.0002045864183289983
1071,0.09140784,-0.6636796988481632
1072,-0.48494172,1.6612226236031087
1073,0.15713407,-0.16065249629264597
1074,-0.089446485,0.12154563845956384
1075,0.02464705,-0.9665233128909099
1076,-0.030911576,2.4927913492097655
1077,0.092211805,0.7164107581414829
1078,-0.13420914,0.9732007977510727
1079,0.4019087,0.8862675648453551
1080,0.1148181,0.3158564614345717
1081,0.36865172,2.111107662222778
1082,-0.14039734,-0.3448302067461276
1083,-0.14582591,-0.5341914967847524
1084,-0.24492021,0.48530942309128405
1085,-0.09926907,0.14744564253301715
1086,0.010632984,-2.093007310002793
1087,-0.2868833,0.011477594374031645
1088,-0.01830795,0.9848201920234159
1089,0.38888204,0.24693403086097868
1090,-0.09212318,-0.6342600331636807
1091,0.037466116,0.17905899278349843
1092,-0.026072659,-1.8092010021734222
1093,-0.4828788,-2.2954545007774825
1094,-0.21094231,0.7120380504764378
1095,-0.0493752,-1.2931439199461492
1096,-0.5293722,0.017405735797137965
1097,-0.14445193,0.833508709447628
1098,0.12573245,1.2725393592149203
1099,-0.01308809,0.1815169746114181
1100,0.005991551,1.4955929360382265
1101,0.017669471,-1.3667554710171113
1102,-0.18667367,-0.4473424224461625
1103,0.34728476,-0.16890416722900087
1104,-0.5159007,-1.3527242363092324
1105,-0.4138043,-0.21705788814969615
1106,-0.262204,1.1009808040330915
1107,0.13967302,-0.7663493522190538
1108,-0.3511542,-0.17998103555530992
1109,0.18392906,0.7325165128825539
1110,-0.121197075,1.799954750859435
1111,-0.028692687,-1.509695209136841
1112,-0.34014055,-1.194358299502174
1113,0.15592225,-0.6160189171163455
1114,-0.5189398,0.9136905125045381
1115,0.08100796,0.5136679194333239
1116,-0.37144062,0.751026496439344
1117,-0.28116074,-1.006308081109597
1118,-0.3291398,0.6500855322801432
1119,0.19599521,-0.3750696515127604
1120,-0.32719693,-2.247864498655849
1121,-0.02516098,0.11176827667671585
1122,-0.45268956,-0.12434422250036144
1123,-0.09220228,0.7500707613925744
1124,-0.18786418,-0.8890273222708741
1125,-0.09713433,0.49338186359491093
1126,-0.16893378,1.6893341999730136
1127,0.3002993,-0.5794846747107064
1128,0.07348169,-0.011321639696892535
1129,-0.14108798,-0.8419401017445429
1130,-0.34989917,-0.05260925596646226
1131,-0.20043975,-0.3945730898704533
1132,-0.4461827,0.4526684909957889
1133,0.024337359,-0.30585654104798815
1134,-0.3338508,0.11617299959501007
1135,-0.008038224,0.21409864063708373
1136,-0.03006666,0.4287094683024022
1137,-0.067341186,-0.1173258634513679
1138,-0.21302319,0.9537319104918626
1139,-0.007234262,0.8637974071986404
1140,-0.06364285,0.2812088988945363
1141,0.0867075,0.48660589897702244
1142,-0.1251563,-0.4311702201404314
1143,-0.11328425,-0.303941694116894
1144,-0.2197657,1.2308459696727772
1145,0.023260174,1.8201742715853848
1146,0.01985021,1.3553902021664612
1147,-0.037136246,-0.017761446583885527
1148,0.11821628,0.1262623850792457
1149,0.029937599,-1.0885698260501229
1150,-0.21262316,-1.9351242506769892
1151,-0.25032914,1.5286123103248177
1152,0.019244293,0.40739470793693716
1153,-0.10268913,0.6953367675715191
1154,0.09086027,-0.765451779411952
1155,0.057537664,1.211579416858611
1156,0.2363616,0.49065803881769193
1157,-0.13237849,1.8695208118975064
1158,0.16284877,0.27021285318682386
1159,-0.17655374,1.0075009664277876
1160,0.2729741,1.1958011720654582
1161,-0.13329633,-1.3825856752196386
1162,-0.0534887,1.3595634057302912
1163,-0.20901291,-0.31486810464317333
1164,-0.12737462,1.448844300330477
1165,0.032045405,-0.311171786611697
1166,-0.105108306,-0.22192832256470127
1167,0.18506403,-0.042676079514935975
1168,-0.17886913,-0.3187599838630035
1169,0.065025784,1.406339325414474
1170,-0.06591728,-1.1382468850334888
1171,-0.22723137,0.933572775953406
1172,0.20076007,-3.5471194563367336
1173,-0.48422357,-8.680970072930272
1174,0.4371579,1.742450467327794
1175,0.038764346,2.551601430609995
1176,1.3633682,3.1017025894035206
1177,-1.1923258,0.8357168140922687
1178,0.4215342,1.1526100798942682
1179,0.17992327,-0.5040419861778171
1180,-0.21435003,1.8404187059806614
1181,0.20582621,-0.8628284141796062
1182,0.058969982,0.14705773678882503
1183,-0.979014,3.203217237308142
1184,0.23621461,1.1863564539078326
1185,-0.5388026,-1.0166389615620441
1186,0.19206573,1.8462466492720218
1187,-0.4200514,1.3548962537083495
1188,0.3896613,1.4080148270323665
1189,0.093980186,0.5498280615193751
1190,1.2312256,-2.616773939759775
1191,-0.5876446,0.18003304668496845
1192,-0.96391094,-5.256416272574482
1193,-1.1677306,3.762962528135549
1194,0.1828126,0.947595829164039
1195,-0.03626384,0.11365984707583102
