,债券简称,成交净价(元),最新收益率(%),涨跌(BP),加权收益率(%),交易量(亿),剩余期限,是否永续
0,20国开15,99.88,3.714,-0.1,3.7183,,9.8685,否
1,20附息国债17,99.97,3.285,,3.3115,,6.989,否
2,20附息国债14,99.57,3.0348,-0.27,3.0587,,2.9123,否
3,20国开10,94.86,3.74,-0.25,3.7479,,9.5288,否
4,20国开12,99.69,3.41,0.25,3.4108,,4.6,否
5,18国开05,108.49,3.5175,0.69,3.4728,,7.1749,否
6,20附息国债11,99.42,2.9925,0.33,2.992,,1.6822,否
7,20附息国债12,99.24,3.853,-2.2,3.8659,,29.7699,否
8,20附息国债16,99.96,3.275,0.5,3.2778,,9.9507,否
9,20附息国债13,99.54,3.1225,1.25,3.1278,,4.874,否
10,20平安银行CD312,99.77,2.7492,,2.7492,,0.0765,否
11,20国开07,99.39,3.2375,-0.5,3.2511,,2.6658,否
12,20国开02,96.96,3.23,-3.18,3.1973,,2.337,否
13,20附息国债08,97.52,3.279,1.9,3.2672,,6.4904,否
14,20附息国债06,95.04,3.295,1.0,3.2863,,9.4521,否
15,20农业银行CD162,99.79,2.4997,,2.4997,,0.0765,否
16,20华夏银行CD455,99.77,2.7492,,2.7492,,0.0765,否
17,16国开06,100.01,2.8598,-2.04,2.865,,0.1995,否
18,20附息国债15,100.03,2.85,-2.25,2.8589,,0.9507,否
19,20附息国债05,95.30,3.165,2.0,3.1634,,4.337,否
20,18附息国债21,100.28,2.815,-1.5,2.79,,0.8438,否
21,20建设银行CD168,99.79,2.4997,,2.4997,,0.0765,否
22,20进出05,98.05,3.43,-0.5,3.4757,,4.2329,否
23,20平安证券CP012,100.00,3.2291,,3.2291,,0.2384,否
24,18国开12,100.50,2.9699,1.0,2.9599,,0.7507,否
25,19农发06,100.12,3.7205,-0.95,3.6449,,8.5945,否
26,20农发10,100.32,3.75,-1.0,3.8592,,9.8849,否
27,19国开03,99.89,3.335,-0.5,3.3369,,3.153,否
28,20民生银行CD504,99.24,3.0001,-19.96,3.0001,,0.1557,否
29,20浦发银行CD072,97.25,3.0902,4.0,3.0902,,0.2158,否
30,20贴现国债56,99.29,2.8499,-0.03,2.8085,,0.2104,否
31,20国开16,99.80,2.94,-2.0,2.9537,,0.7918,否
32,20中国银行CD051,98.54,3.1002,1.0,3.0837,,0.1776,否
33,20贴现国债58,99.30,2.83,-2.11,2.8553,,0.2301,否
34,20贴现国债53,99.34,2.6998,-5.0,2.6997,,0.153,否
35,20国开08,97.78,3.425,0.5,3.3811,,4.5397,否
36,20国开03,99.26,3.4261,0.86,3.4348,,4.0929,否
37,20飞驰建普2A,99.86,,,,,2.1366,否
38,20太原国投MTN001,100.00,4.4998,,4.4998,,4.9918,否
39,20天津农村商业银行CD596,99.13,3.5689,11.98,3.5076,,0.2356,否
40,20附息国债10,99.58,2.83,-1.01,2.8319,,0.6055,否
41,20进出06,99.61,2.8712,1.13,2.8543,,0.3096,否
42,20农发06,99.50,2.9597,-3.03,2.9609,,0.5781,否
43,19进出05,99.78,3.35,-1.0,3.3512,,3.1803,否
44,20进出14,99.79,2.96,-1.0,2.9729,,0.9041,否
45,20北京银行CD043,97.57,3.4501,1.0,3.4501,,0.4247,否
46,15国开04,100.36,3.534,83.52,3.534,,1.1639,否
47,20广州地铁MTN004,100.00,3.8398,,3.8398,,2.9918,否
48,20平安银行CD056,97.25,3.1001,-4.23,3.0924,,0.2158,否
49,20济南轨交SCP003,99.74,3.6457,,3.6496,,0.726,否
50,20浦发银行CD456,99.23,3.1554,15.52,3.1176,,0.1393,否
51,19国开02,99.97,3.05,-2.01,3.0484,,1.1148,否
52,16国开10,98.84,3.4192,-3.08,3.4274,,5.326,否
53,20北京银行CD082,96.89,3.3199,6.98,3.3283,,0.6411,否
54,20农发04,93.87,3.7475,0.75,3.6968,,9.3589,否
55,20附息国债02,99.10,2.979,0.9,2.9773,,1.1858,否
56,20国开11,99.27,2.93,-2.01,2.9302,,0.4466,否
57,20进出10,96.25,3.7129,-3.46,3.7008,,9.2904,否
58,20国开20,98.77,3.99,-0.5,3.9749,,19.6548,否
59,19附息国债06,100.07,3.28,1.0,3.2758,,8.4575,否
60,20兴业银行CD159,97.67,3.2001,-10.99,3.1875,,0.4438,否
61,20浦发银行CD452,99.23,3.1445,6.85,3.1365,,0.1366,否
62,18国开03,100.41,2.8601,0.01,2.8535,,0.2521,否
63,17农发12,101.62,3.21,1.0,3.209,,1.7096,否
64,18附息国债16,100.95,2.9115,-0.04,2.9116,,2.5945,否
65,20兴业银行CD432,99.24,3.1142,5.12,3.1058,,0.123,否
66,20兴业银行CD424,99.25,3.0716,5.17,3.0803,,0.1175,否
67,17附息国债21,101.81,2.7172,0.5,2.7173,,1.8658,否
68,17附息国债14,100.98,2.8245,-0.55,2.8244,,1.5973,否
69,14附息国债13,100.81,2.5273,8.55,2.5275,,0.5699,否
70,13进出21,103.57,3.2997,0.12,3.2996,,2.7178,否
71,16进出03,99.61,3.41,1.0,3.4192,,5.2104,否
72,17国开10,102.72,3.5507,-0.4,3.5503,,6.3397,否
73,20农发01,99.95,2.9002,1.0,2.9004,,0.0929,否
74,20龙源电力SCP014,99.99,2.2014,-5.08,2.2017,,0.0109,否
75,20附息国债09,98.26,3.0717,0.92,3.0676,,2.5671,否
76,20交通银行CD029,97.25,3.1001,-0.01,3.1062,,0.2213,否
77,19交通银行02,99.84,3.4355,-2.45,3.4355,,2.0164,否
78,20威海商行CD145,97.95,4.2325,53.25,3.8902,,0.4849,否
79,20农发03,99.33,2.9544,5.45,2.9666,,0.3589,否
80,19中石油MTN004,99.97,3.52,0.68,3.5206,,1.5863,否
81,19国开08,100.13,3.3755,-0.45,3.3834,,3.5671,否
82,19附息国债15,98.69,3.3,1.2,3.2989,,8.9562,否
84,20中国银行CD100,97.63,3.2463,5.62,3.2183,,0.6822,否
85,20浦发银行CD478,96.86,4.4735,123.35,3.4405,,0.6603,否
86,20天津银行CD057,97.32,3.26,1.01,3.26,,0.3096,否
87,20进出12,99.61,3.19,-2.31,3.1983,,1.674,否
88,16重庆债16,99.37,3.1501,15.01,3.1501,,0.8849,否
89,20进出03,97.57,3.2681,-0.19,3.2725,,2.3315,否
90,20兴业银行CD131,97.78,3.18,-1.01,3.2495,,0.3836,否
91,19附息国债02,99.91,2.8298,-2.02,2.8376,,0.2077,否
92,20郑州银行CD265,98.32,3.4199,1.0,3.4249,,0.4877,否
93,18农发09,100.57,2.9701,1.0,2.9486,,0.4822,否
94,20贴现国债57,98.59,2.85,-2.0,2.8601,,0.4603,否
95,19国开09,99.90,3.5175,-1.25,3.5189,,5.6822,否
96,18农发12,100.17,3.1084,10.84,3.0685,,0.9562,否
97,17附息国债04,101.92,3.0555,-0.84,3.0555,,6.1749,否
98,20宁沪高SCP028,99.50,3.4301,,3.4285,,0.5479,否
99,20交通银行CD167,96.96,3.2,-3.99,3.2036,,0.6959,否
100,20民生银行CD027,97.15,3.1002,-0.97,3.0602,,0.1639,否
101,19招商银行小微债01,100.13,3.3523,-0.04,3.3522,,1.5863,否
102,20浦发银行CD482,97.63,3.24,1.0,3.2441,,0.663,否
103,18国开11,101.21,3.275,7.25,3.2788,,2.6849,否
104,20宁波银行CD044,97.26,3.11,-21.99,3.11,,0.2329,否
105,20兴业银行CD329,96.96,3.21,-14.0,3.2123,,0.6822,否
106,16附息国债14,99.76,3.045,-2.5,3.025,,2.5233,否
107,18民生银行01,100.52,3.27,1.0,3.3935,,0.9589,否
108,16国开13,97.65,3.51,-0.5,3.511,,5.7151,否
109,18国开08,100.41,2.9201,-1.5,2.9265,,0.3863,否
110,16贵州债26,99.34,3.17,,3.17,,0.9178,否
111,20农发清发01,98.89,3.155,-0.5,3.1582,,1.2603,否
112,13附息国债18,103.80,2.615,-6.39,2.615,,2.7068,否
113,17山东06,101.75,2.95,-1.0,2.941,,1.4548,否
114,20民生银行CD357,96.93,3.25,-4.99,3.25,,0.6932,否
115,20浦发银行CD469,97.63,3.2501,3.01,3.2501,,0.6438,否
116,19附息国债09,100.20,2.3634,0.73,2.3624,,0.5918,否
117,18附息国债13,102.10,3.1,10.0,3.1,,4.4986,否
118,20民生银行CD097,97.32,3.2501,,3.2501,,0.2438,否
119,07特别国债02,103.09,2.88,13.0,2.88,,1.7808,否
120,20进出08,99.65,2.9299,-0.02,2.9239,,0.5014,否
121,20中铝MTN002,100.00,6.9417,,6.9417,,1.9918,是
122,20泰山投资PPN001,100.00,4.9298,,4.9298,,4.9918,否
123,20广发银行CD233,99.24,3.1001,0.01,3.1054,,0.2329,否
124,20铁塔股份SCP005,99.83,3.0555,-33.47,3.0555,,0.1175,否
125,17国开15,104.13,3.5357,1.57,3.5327,,6.7123,否
126,20浦发银行CD366,97.70,3.1901,-132.09,3.3471,,0.4904,否
127,20交通银行CD046,97.90,3.1601,0.02,3.1601,,0.337,否
128,20浦发银行CD137,97.62,3.1601,1.0,3.14,,0.3315,否
129,20铁塔股份SCP007,99.65,3.2757,-0.42,3.2757,,0.3562,否
130,20铁塔股份SCP006,99.82,3.0803,-11.98,3.0803,,0.1257,否
131,15江苏债26,101.03,3.0224,-8.11,3.0223,,1.7616,否
132,20南航股SCP014,99.83,3.7636,18.38,3.7636,,0.0902,否
133,09附息国债11,102.19,3.0282,-1.65,3.0282,,3.5096,否
134,20兴业银行CD378,99.34,1.6969,4.67,1.6003,,0.0082,否
135,19附息国债11,99.62,2.985,-0.5,2.9939,,1.6685,否
136,19国开07,100.06,3.13,0.17,3.1429,,1.4411,否
137,20深能源SCP002,99.85,3.26,-17.01,3.2587,,0.4274,否
138,20浦发银行CD221,98.04,3.1101,1.0,3.1101,,0.2767,否
139,20农业银行CD083,98.55,3.0798,-2.02,3.0849,,0.1776,否
140,20江苏银行CD222,96.76,3.3488,-0.09,3.3591,,0.989,否
141,16农发03,100.01,2.7824,6.04,2.7621,,0.082,否
142,20华夏银行CD391,99.25,2.9897,-1.06,2.9899,,0.1393,否
143,20兴业银行CD173,97.64,3.18,-12.0,3.18,,0.463,否
144,20浦发银行CD056,97.28,3.0901,-23.77,3.1136,,0.1995,否
145,20重庆旅投GN001,100.00,5.1898,,5.1898,,4.9918,否
146,20中石化MTN003,96.90,3.53,-11.78,3.6357,,2.4712,否
147,20农业银行CD013,98.31,1.8494,4.88,1.8496,,0.0301,否
148,20华安证券CP003,100.00,3.2991,,3.2991,,0.224,否
149,20浙商资产PPN006,100.00,3.9987,,3.9985,,0.4849,否
150,20江苏银行CD062,97.64,3.2399,1.0,3.2399,,0.4274,否
151,16重庆农商二级,99.97,3.8055,17.5,3.8055,,6.0055,否
152,20抗疫国债03,95.33,3.345,1.45,3.345,,9.5452,否
153,20农发05,95.31,3.42,1.0,3.4274,,4.3726,否
154,18国开14,103.22,3.42,1.0,3.4118,,4.8849,否
155,20申迪MTN003,100.00,4.0498,,4.0498,,2.9918,否
156,19汇金MTN015,99.36,3.55,1.0,3.5514,,1.8027,否
157,20抗疫国债04,96.40,3.3,-0.15,3.3375,,9.6055,否
158,18国开10,102.79,3.61,-1.0,3.6057,,7.5781,否
159,19农发清发01,100.05,2.97,-2.0,3.0043,,0.5151,否
160,18中信银行二级01,101.98,4.6472,-0.75,4.6469,,7.7671,否
161,20中远海运SCP004,99.48,3.2827,0.26,3.2894,,0.4219,否
162,19农发08,99.71,3.6857,16.57,3.6857,,5.6137,否
163,20浦发银行CD384,98.33,3.7545,-0.76,3.4611,,0.2685,否
165,20青海银行CD034,99.76,2.7988,,2.7988,,0.0765,否
166,20华夏银行CD095,97.56,3.1,0.01,3.1,,0.3096,否
167,17农发15,105.14,3.52,-1.44,3.5192,,6.7534,否
168,20国开01,99.95,2.7796,-2.02,2.7851,,0.1038,否
169,18浙商银行01,100.72,3.3359,-0.41,3.3378,,0.726,否
170,17宁波银行二级,101.61,4.5272,6.92,4.5272,,7.0027,否
171,18汇金MTN004BC,100.48,3.1501,-10.0,3.1501,,0.3644,否
172,20贴现国债55,99.28,2.9401,3.5,2.9292,,0.1913,否
173,20建设银行CD056,97.02,3.2,10.0,3.2,,0.6247,否
174,16国开18,100.46,2.96,-3.0,2.9888,,1.0027,否
175,18进出09,102.59,3.28,19.6,3.4602,,2.5315,否
176,20附息国债04,91.65,3.869,-0.52,3.8738,,29.2712,否
177,19附息国债16,99.89,3.14,-1.0,3.1323,,5.9945,否
178,17内蒙02,102.13,2.92,-19.0,2.92,,1.4575,否
179,20江苏银行CD066,97.62,3.22,-27.99,3.4862,,0.4329,否
180,19中交房产MTN002,99.65,3.9112,10.81,3.9112,,1.6685,否
181,20中国银行CD057,98.54,3.07,-17.98,3.0767,,0.2022,否
182,16兴业银行二级,100.10,3.7165,-0.07,3.7165,,5.3479,否
183,20民生银行CD109,97.50,3.1098,-15.03,3.1098,,0.2575,否
184,18附息国债07,100.21,2.73,0.01,2.73,,0.3452,否
185,20北京农商银行CD279,98.44,3.1792,,3.1792,,0.4904,否
186,20平安银行CD061,97.25,3.1001,4.99,3.1001,,0.2213,否
187,20兴业银行CD448,99.25,3.0001,-172.25,3.2848,,0.1393,否
188,20常城建PPN003,100.00,4.4997,,4.4997,,2.9918,否
189,20粤科金融SCP002,99.69,3.4907,,3.4953,,0.3342,否
190,20潞安CP001,99.72,4.0879,37.84,4.0879,,0.2158,否
191,20厦门银行CD184,99.36,2.0495,,2.0785,,0.0492,否
192,20厦门国际银行CD118,99.36,2.0007,-64.96,2.0006,,0.0601,否
193,20中国银行CD031,97.17,3.1999,,3.1999,,0.5863,否
194,16山东债07,99.97,3.1019,-7.09,3.102,,2.2575,否
195,18农发08,102.53,3.2757,-1.6,3.2757,,2.463,否
196,19中电信MTN002,99.94,3.4527,-4.27,3.4527,,1.2822,否
197,18中建MTN002,102.33,3.7658,1.34,3.7658,,2.6932,否
198,19中国华融债01(品种一),100.05,3.6716,-2.88,3.6716,,1.937,否
199,19广发证券金融债01,100.08,3.5685,-8.34,3.5685,,1.6247,否
200,17附息国债22,107.78,3.8147,-3.56,3.8146,,26.8767,否
201,20中信建投CP013,100.01,2.1995,-40.08,2.1995,,0.0301,否
202,20首都机场MTN001A,96.93,3.73,3.23,3.73,,2.3918,否
203,17广西债12,103.88,3.2,1.0,3.2,,3.4603,否
204,20河北银行CD100,98.38,3.2987,,3.2987,,0.4877,否
205,20浙商资产PPN005,100.00,4.1686,,4.1683,,0.4849,否
206,19国开15,97.96,3.725,0.25,3.7303,,8.7863,否
207,20进出09,99.71,2.9669,-0.31,2.9678,,0.6356,否
208,18农发06,106.68,3.605,-1.5,3.6204,,7.4247,否
209,19进出03,99.86,3.0774,-1.0,3.0841,,1.1803,否
210,20贵州银行CD035,97.34,3.41,1.0,3.41,,0.463,否
211,20农业银行CD109,99.37,1.7495,-10.14,1.7845,,0.0246,否
212,20连云城建PPN004,100.00,4.8997,,4.8997,,2.9918,否
213,20汉江国资CP001,100.00,3.7888,,3.7888,,0.9918,否
214,20银川通联CP002,100.00,4.3784,,4.3782,,0.9918,否
215,14国开11,106.63,3.5216,29.87,3.5216,,3.3342,否
216,17国开06,101.12,3.1577,0.77,3.1561,,1.3589,否
217,20农业银行CD078,98.29,4.7408,-1.24,3.5612,,0.1639,否
218,19国开05,98.48,3.7,1.5,3.6917,,8.0874,否
219,19国开14,99.58,3.2017,-0.67,3.2013,,1.8822,否
220,19招商证券金融债01BC,99.73,3.6,-9.72,3.6078,,1.8438,否
221,20中国银行CD055,98.55,3.0201,-6.0,3.0201,,0.1995,否
222,16进出02,100.02,2.89,1.0,2.844,,0.2104,否
223,19陕煤化MTN001,99.88,4.4597,-3.84,4.4597,,3.4548,否
224,18附息国债24,103.47,3.875,7.5,3.8695,,27.874,否
225,19长城债02BC(品种一),100.54,3.4605,-3.8,3.4605,,1.3808,否
226,20桂林银行CD270,98.28,3.4987,,3.4987,,0.4877,否
227,20中色MTN003,100.00,7.4549,,7.4549,,1.9918,是
228,19首都机场GN001,99.31,3.8982,-2.27,3.8982,,3.7397,否
229,19中信银行永续债,98.20,4.7028,-2.72,4.7028,,4.0109,是
230,20成都农商银行CD050,99.34,1.8519,,1.8519,,0.0246,否
231,16附息国债15,99.86,2.85,-1.09,2.8696,,0.6,否
232,20华夏银行CD452,99.25,3.06,-3.98,3.068,,0.2329,否
233,20民生银行CD498,98.35,3.3999,21.99,3.3999,,0.3918,否
234,20中粮SCP005,99.61,3.2499,-132.14,3.2487,,0.2438,否
235,20重庆农村商行CD274,98.40,3.2701,1.0,3.774,,0.4685,否
236,20徽商银行CD046,98.87,1.8513,-14.87,1.8513,,0.0273,否
237,18附息国债11,103.15,3.21,-0.93,3.21,,7.4411,否
238,20建设银行CD088,98.10,4.977,-0.46,4.2283,,0.2213,否
239,20台州银行CD046,98.35,3.3901,6.0,3.3901,,0.4219,否
240,16进出16,100.30,2.9861,-3.3,2.9857,,0.9945,否
241,20浙商银行CD095,99.25,2.9897,-1.38,2.9897,,0.1366,否
242,20北京银行CD092,96.86,3.3399,3.99,3.3399,,0.6795,否
243,20平安银行CD299,99.22,3.0798,-3.0,3.0798,,0.1995,否
244,20民生银行CD134,97.54,3.0999,1.0,3.0999,,0.2959,否
245,20附息国债03,98.33,3.02,-0.03,3.0108,,2.2411,否
246,20国泰君安CP009,100.01,2.2026,19.96,2.2013,,0.0109,否
247,20农业银行二级01,94.88,3.7548,4.75,3.7546,,9.411,否
248,17武汉农商二级,100.81,4.8539,-5.68,4.8999,,6.8082,否
249,20民生银行CD070,97.25,3.1001,1.0,3.1034,,0.2186,否
250,20长沙农商银行CD063,98.32,3.419,,3.419,,0.4904,否
251,20中国银行CD012,97.79,3.1501,1.0,3.1501,,0.3836,否
252,13国开40,103.73,3.2679,-2.21,3.2679,,2.737,否
253,20中国银行CD009,97.73,3.3934,-80.78,3.7395,,0.3726,否
254,17进出04,101.19,3.0753,-1.47,3.0751,,1.2822,否
255,18国开04,103.14,3.235,1.08,3.2375,,2.2904,否
256,17进出09,101.34,3.22,0.5,3.2124,,1.589,否
257,18陕煤化PPN004,100.85,4.05,-4.55,4.0514,,0.8822,否
258,12中石油06,101.35,3.44,-5.62,3.4509,,1.3452,否
259,15进出14,101.92,3.425,-0.5,3.425,,4.7699,否
260,16黑龙江债02,99.94,2.9088,,2.9094,,0.3425,否
261,19青岛财富PPN001,100.00,4.8938,12.4,4.8938,,3.7644,否
262,17湖北债02,103.83,3.2,4.5,3.2,,3.4658,否
263,19国开04,101.10,3.4439,-3.03,3.4419,,5.2213,否
264,20贴现国债52,98.60,2.8854,2.53,2.8583,,0.3836,否
265,19进出10,100.22,3.827,11.7,3.8244,,8.4493,否
266,16甬城投MTN001,100.18,7.2938,0.51,7.2938,,0.3918,是
267,20山西债24,100.26,3.3848,1.53,3.3848,,6.7918,否
268,20广西债38,100.32,3.3837,,3.3837,,6.7562,否
269,20中国核建SCP003,100.00,2.0487,-45.29,2.0548,,0.0191,否
270,16神华MTN002,100.25,3.7066,1.81,3.7066,,2.2213,否
271,20交通银行CD040,96.96,4.9772,188.71,4.9772,,0.274,否
272,19国开绿债01,99.77,3.22,-1.5,3.22,,1.9562,否
273,20江北新区SCP001,99.47,3.7806,,3.7869,,0.4164,否
274,20华夏银行CD099,98.45,1.9496,-50.03,1.9496,,0.0656,否
275,20中国铜业SCP005,99.83,3.8,1.0,3.7982,,0.4247,否
276,20民生银行CD366,96.94,3.24,-0.99,3.24,,0.7014,否
277,20北京农商银行CD116,97.09,3.4413,-0.4,3.4413,,0.526,否
278,20华夏银行CD052,97.06,3.9253,-0.99,3.9253,,0.2049,否
279,20光大银行CD276,97.64,3.22,,3.22,,0.6521,否
280,20江苏银行CD199,99.80,1.4504,-28.2,1.4869,,0.0082,否
281,19紫金矿业MTN001A,100.01,3.78,1.0,3.78,,1.2575,否
282,20兴业银行CD150,97.70,3.1999,3.0,3.1999,,0.4247,否
283,20农业银行CD016,97.45,3.1,5.01,3.105,,0.2795,否
284,20宁沪高SCP024,99.65,3.2697,-1.02,3.2672,,0.2986,否
285,20杭州银行CD173,99.36,2.0494,-57.03,2.0494,,0.0546,否
286,12中信集MTN2,102.03,3.55,-2.0,3.551,,1.3068,否
287,20汉口银行CD093,96.69,3.48,,3.48,,0.7014,否
288,17云南10,102.56,3.23,,3.2325,,3.589,否
289,20招商银行CD127,97.75,3.2,,3.2,,0.4411,否
290,20浦发银行CD141,97.90,3.1801,0.01,3.1701,,0.337,否
291,20农业银行CD137,98.45,3.14,-1.01,3.155,,0.3918,否
292,20江苏银行CD117,97.60,3.5989,80.03,3.5989,,0.3945,否
293,19四川104,99.72,3.33,,3.3,,3.6411,否
294,18匈牙利债01,100.00,4.3,0.14,4.3,,1.0328,否
295,20兴业银行CD409,97.65,3.24,2.0,3.24,,0.5945,否
296,20民生银行CD138,97.61,3.0999,1.0,3.0999,,0.2986,否
297,20浦发银行CD444,99.25,2.9903,-2.0,2.9903,,0.1257,否
298,20光大银行CD121,98.05,3.1,0.01,3.1,,0.274,否
299,20中信银行CD284,97.64,3.2301,-5.84,3.2375,,0.663,否
300,17湖北债29,108.52,3.33,1.0,3.33,,6.9726,否
301,20民生银行CD547,97.62,3.26,1.0,3.26,,0.7205,否
302,20广州银行CD085,98.41,3.25,1.0,3.25,,0.4219,否
303,20贵州银行CD002,96.96,3.2201,-14.97,3.2201,,0.1639,否
304,20民生银行CD364,98.51,3.1657,-23.0,3.1657,,0.2049,否
305,20建设银行CD138,98.46,3.1381,3.82,3.1381,,0.3836,否
306,20民生银行CD361,98.52,3.1679,6.81,3.1679,,0.2022,否
307,20附息国债07,95.44,3.94,1.0,3.9477,,49.463,否
308,15国开18,101.33,3.4291,5.12,3.4296,,4.7589,否
309,20交通银行02,99.75,3.59,1.0,3.592,,2.9342,否
310,13附息国债11,100.80,3.04,,3.0267,,2.4575,否
311,17江苏债03,100.73,2.93,,2.93,,1.3397,否
312,20江苏银行CD221,96.76,3.35,-5.0,3.3868,,0.9863,否
313,20宁波银行CD173,99.34,1.9986,19.84,1.1368,,0.0191,否
314,20农发02,97.65,3.2682,-0.18,3.2701,,2.3151,否
315,16农发04,100.14,3.248,-0.1,3.2495,,2.082,否
316,20国开05,95.05,3.71,-1.0,3.7201,,9.2548,否
317,20深圳机场CP001,99.53,3.4073,1.27,3.3995,,0.5589,否
318,20曹妃国控PPN001,100.18,6.0971,,6.0974,,2.3945,否
319,19建设银行CD225,97.01,1.8004,-65.0,1.8151,,0.0273,否
320,20民生银行CD167,97.84,3.1599,1.0,3.1599,,0.3562,否
321,20浦东开发MTN001,99.34,3.6943,-5.47,3.6937,,4.0874,否
323,20万华化学SCP004,99.68,3.4302,-11.99,3.4302,,0.1776,否
324,20永煤PPN002,43.20,55.5189,,55.9331,,2.2932,否
325,20中交四局MTN002,100.00,7.3484,,7.3484,,1.9918,是
326,19长城债01(品种一),100.24,3.4506,-0.09,3.4506,,1.3151,否
327,20桐昆SCP004,99.36,4.3,,4.2983,,0.463,否
328,20大连05,94.98,3.9625,,3.9613,,19.4877,否
329,20农业银行CD059,98.62,3.0103,0.08,3.0103,,0.1257,否
330,14国开28,101.11,2.98,1.0,2.9765,,0.9534,否
331,20国开06,99.34,2.97,2.99,2.9548,,0.3589,否
332,20民生银行CD086,97.33,3.1201,-15.99,3.1201,,0.2356,否
333,20交通银行二级,95.43,3.8236,0.89,3.824,,9.4521,否
334,20农发09,99.73,2.98,-0.25,2.9796,,0.8849,否
335,19附息国债07,100.63,3.12,2.0,3.1071,,5.4959,否
336,20浦发银行CD100,97.33,3.2422,4.23,3.2422,,0.2438,否
337,20北坤投资PPN001,99.03,5.1648,-7.42,5.1648,,2.8,否
338,20江苏银行CD220,96.67,3.4481,-0.16,3.4481,,0.9836,否
339,19附息国债03,99.67,2.955,0.5,2.955,,1.2466,否
340,15建设银行二级01,100.07,3.9834,,3.9834,,5.0383,否
341,16邮储银行二级01,99.82,3.3322,-1.66,3.3322,,5.8904,否
342,17农业银行二级,101.22,4.2389,-0.61,4.2389,,6.8603,否
343,20湖北银行CD073,98.16,3.7587,,3.5523,,0.4904,否
344,20大连04,94.98,3.9625,,3.9613,,19.4877,否
345,20重庆农村商行CD269,98.16,3.8001,1.0,3.8001,,0.4603,否
346,20首钢股份SCP001,99.71,3.44,0.53,3.4345,,0.274,否
347,16昆东旭项目NPB,24.84,5.2188,-188.84,5.2095,,0.9041,否
348,20平安银行CD284,99.22,3.12,8.98,3.12,,0.1557,否
349,19华夏银行CD499,97.00,1.8501,1.0,1.8501,,0.0273,否
350,20民生银行CD420,98.50,3.1198,-17.01,3.1198,,0.2685,否
351,20中国银行CD010,97.79,3.1801,-10.0,3.1701,,0.3753,否
352,20江苏银行CD135,96.82,3.4,1.0,3.3399,,0.6932,否
353,20光穗南电ABN001优先,100.00,,,,,2.9918,否
354,20中国银行CD006,97.85,3.1499,0.98,3.1499,,0.3562,否
355,20农业银行CD043,97.99,3.1299,-0.01,3.1634,,0.3342,否
356,16农发11,100.04,2.8601,-1.0,2.8567,,0.2575,否
357,20广发银行CD062,97.83,3.16,2.01,3.16,,0.3671,否
358,20建元13A1_bc,100.00,,,,,1.8027,否
359,20国开09,99.00,3.56,4.0,3.56,,6.589,否
360,20厦门银行CD255,98.32,3.42,1.0,3.42,,0.4849,否
361,16黑龙江债04,99.38,3.3062,,3.3062,,5.3425,否
362,13国开31,102.23,3.2588,-6.28,3.2589,,2.611,否
363,19中旅银行二级,96.50,5.9204,7.72,5.9202,,8.7288,否
364,20浦发银行CD506,97.54,3.3582,-0.13,3.3582,,0.7342,否
365,20华夏银行CD338,99.38,1.801,-4.82,1.8342,,0.0301,否
366,16陕高速债02,101.12,4.6175,,4.618,,11.0628,否
367,20京能源SCP002,99.86,3.31,-14.04,3.31,,0.0956,否
368,18朝阳国资MTN001,100.48,3.3364,-8.92,3.3364,,0.2904,否
369,20农业银行CD029,97.82,3.0901,-24.0,3.0901,,0.3781,否
370,20平阳农商银行CD010,99.18,3.3366,,3.3366,,0.2466,否
371,20温州银行CD173,99.16,3.449,,3.449,,0.2384,否
372,20民生银行CD537,97.62,3.25,-10.0,3.25,,0.7096,否
373,18华润医药MTN002,100.48,3.48,0.44,3.48,,0.9123,否
374,20中信银行CD165,96.94,3.2501,-8.99,3.2501,,0.663,否
375,18冀交投PPN001,100.69,4.1035,18.34,4.1035,,0.6466,否
376,20威海产投CP001,100.00,3.4498,-39.06,3.4498,,0.6658,否
377,17四川债15,103.98,3.2,1.0,3.2,,3.4575,否
378,19农业银行CD218,97.00,1.7512,-9.97,1.7512,,0.0273,否
379,20兴业银行CD507,99.24,3.1201,-0.01,3.1201,,0.2329,否
380,20横琴人寿,100.00,5.9289,0.02,5.9289,,9.989,否
381,20大连银行CD276,98.26,3.5485,,3.5485,,0.4877,否
382,20广州农村商业银行CD066,98.86,1.8497,-10.1,1.8497,,0.0246,否
383,20浦发银行CD454,97.64,3.2401,4.01,3.2401,,0.6329,否
384,20中信银行CD059,97.69,3.2369,6.7,3.2369,,0.4247,否
385,20中电信SCP015,99.97,2.2494,-5.08,2.2778,,0.0273,否
386,20中车SCP023,99.96,2.3005,-19.92,2.3005,,0.0492,否
387,20附息国债01,99.95,2.7901,-0.97,2.756,,0.0902,否
388,20农发08,100.12,3.42,1.0,3.4257,,4.7945,否
389,20广州发展MTN001,97.29,3.2759,-0.15,3.2753,,4.3589,否
390,20宿迁城投SCP008,100.00,3.7788,,3.7788,,0.3205,否
391,15国开09,101.40,3.16,1.23,3.1639,,1.3479,否
392,20平安银行CD036,97.19,3.1098,-0.03,3.1319,,0.1776,否
393,20渤海银行CD237,98.85,0.9996,-69.79,0.9996,,0.0109,否
394,18七匹狼MTN002,99.26,7.3431,85.79,7.3334,,0.8795,否
395,20永煤MTN001,80.00,16.3104,6.25,16.151,,2.3507,否
396,19亦庄控股MTN001,99.77,3.79,-0.44,3.7894,,1.6411,否
397,18华融二级资本债01,101.33,4.7965,0.74,4.7965,,8.0492,否
398,17居融1B,102.60,,,,,12.3836,否
399,19国开10,99.63,3.7001,0.71,3.708,,8.4521,否
400,17附息国债06,100.57,3.01,-3.0,3.0015,,3.2712,否
401,20南平土地PPN001,100.00,5.4996,,5.4996,,2.9918,否
402,18黑龙江债15,101.75,3.21,,3.21,,2.7068,否
403,20建设银行双创债,99.88,3.5422,1.22,3.5354,,2.8932,否
404,16农发21,99.98,2.965,-0.83,2.9659,,0.6356,否
405,20中信银行CD039,97.59,3.0999,-0.01,3.1019,,0.2986,否
406,20招商证券CP016BC,100.01,2.2997,1.0,2.2392,,0.0246,否
407,19进出09,99.88,3.02,1.0,3.0234,,1.0437,否
408,20长沙农商银行CD062,99.18,3.3492,,3.3492,,0.2384,否
409,20民生银行CD137,97.62,3.0499,-5.0,3.0499,,0.2986,否
410,18中远海发MTN001,100.53,3.5533,0.33,3.5513,,0.9315,否
411,20农业银行CD030,97.81,3.1001,-2.99,3.152,,0.3836,否
412,19徽商银行CD127,96.89,1.8511,-9.81,1.8511,,0.0301,否
413,20青海银行CD035,99.17,3.3991,,3.3991,,0.2384,否
414,20陕高速MTN001,99.43,4.01,0.09,4.011,,2.8849,否
415,20甬交投SCP010,99.55,3.5499,0.98,3.5459,,0.3233,否
416,19瓯海经投债,100.63,5.2228,27.01,5.2201,,5.2575,否
417,20东方债01BC,99.64,3.4,1.0,3.4,,0.3014,否
418,16农发17,100.57,3.28,1.0,3.2711,,2.3726,否
419,18四川12,101.38,3.255,-4.5,3.2275,,2.7041,否
420,16开福城投债02,59.00,4.7654,0.54,4.7542,,2.7068,否
421,16京国资MTN003,100.02,3.4497,-0.54,3.4498,,0.9562,否
422,20浦发银行CD191,97.61,3.1799,,3.1832,,0.4685,否
423,20光大银行CD076,97.44,3.07,-17.98,3.07,,0.2548,否
424,20天津银行CD065,97.36,3.2698,1.99,3.2698,,0.3315,否
425,17京住房ABN001B,100.00,,,,,17.0765,否
426,17中国银行二级02,101.22,4.2406,-0.61,4.2406,,6.9041,否
427,18浦发银行二级02,101.99,4.6462,-0.75,4.6488,,7.7808,否
428,20南通沿海SCP002,99.36,4.0852,-0.49,4.0897,,0.6329,否
429,17株洲湘江债,80.93,5.7868,1.11,5.7891,,3.6712,否
430,19益阳城投PPN001,100.91,6.5652,-1.02,6.5652,,3.2268,否
431,19中铝集MTN009,99.32,6.7148,0.17,6.7147,,2.0164,是
432,18河钢集MTN003,100.35,3.9499,-30.02,3.9542,,0.3452,否
433,20西基投(疫情防控债)MTN001,97.35,4.05,5.0,4.0233,,2.3479,否
434,18进出02,100.26,2.6497,-5.04,2.65,,0.1257,否
435,20浦发银行CD121,98.33,1.9003,1.0,1.9003,,0.0437,否
436,19厦门债03,99.29,3.48,7.22,3.465,,8.1503,否
437,19农发01,100.70,3.6476,-5.24,3.6507,,8.1339,否
438,19附息国债04,100.49,3.0288,-1.12,3.0334,,3.3425,否
439,18华夏银行01,100.37,3.223,13.65,3.211,,0.3781,否
440,20华能SCP007,99.96,2.2999,,2.3013,,0.0437,否
441,19工商银行二级01,100.25,4.2212,0.02,4.2237,,8.2959,否
442,20兴业银行CD041,97.10,3.1337,12.39,3.1337,,0.1257,否
443,20山西债23,100.26,3.3848,1.48,3.3848,,6.7918,否
444,20武进经发SCP003,99.90,4.0986,18.05,4.0986,,0.112,否
445,20大唐陕西MTN001,99.49,7.3415,5.86,7.3415,,1.9288,是
446,17中国银行二级01,101.10,4.2576,1.72,4.2576,,6.8082,否
447,16鄂联投MTN002,99.84,6.719,,6.719,,0.6575,是
448,20五凌电力SCP001,99.53,3.58,,3.58,,0.4329,否
449,16金城投资PPN001,100.01,4.2558,,4.2558,,0.2466,否
450,20沪电力SCP017,100.00,2.2033,-7.49,2.2033,,0.0109,否
451,20广物控股SCP004,99.35,3.81,66.0,3.81,,0.3808,否
452,20汇金MTN008A,98.28,3.64,-0.79,3.6522,,2.5315,否
453,18四川债19,101.84,3.195,,3.1975,,2.7808,否
454,20首钢SCP008,99.52,3.5999,10.29,3.5964,,0.4329,否
455,20南京地铁SCP009,99.75,3.3999,-7.51,3.4025,,0.6055,否
456,20东莞农村商业银行CD180,98.41,3.24,-32.01,3.24,,0.4274,否
457,20交通银行永续债,99.52,4.7,11.38,4.6997,,4.8,是
458,20京能洁能SCP004,99.69,3.3724,-12.75,3.3804,,0.3945,否
459,15达州控股债01,40.30,5.2,,5.2107,,1.1038,否
460,20农业银行CD014,97.47,3.06,-16.99,3.06,,0.2767,否
461,20浦发银行CD160,97.77,3.16,-2.72,3.16,,0.3945,否
462,20中国银行CD083,99.25,3.0097,1.0,3.0097,,0.1393,否
463,20苏交通SCP033,98.98,4.2153,-0.46,4.2153,,0.4466,否
464,19兴业银行CD518,97.02,1.8509,-4.85,1.8509,,0.0437,否
465,18京科技园PPN001,100.61,4.6499,,4.6499,,0.3178,否
466,20齐鲁银行CD054,99.20,3.1702,0.04,3.1702,,0.1749,否
467,20苏交通SCP030,99.42,3.306,1.18,3.3,,0.5068,否
468,20重庆农村商行CD036,97.36,3.17,,3.17,,0.2795,否
469,20交通银行CD049,97.84,3.1599,-2.01,3.1599,,0.3562,否
470,20中信银行CD018,97.25,3.1001,-0.01,3.1001,,0.2186,否
471,20交通银行CD186,98.52,3.1001,-192.62,4.0591,,0.2521,否
472,20沪电力SCP021,99.97,2.4013,1.0,2.4013,,0.0301,否
473,15四川债03,100.75,3.02,,3.02,,1.526,否
474,20滨建投(疫情防控债)PPN002,98.30,5.3071,-72.71,5.3076,,2.2603,否
475,20华融湘江银行CD101,97.60,3.3001,-2.99,3.3001,,0.526,否
476,20昆仑银行CD188,98.05,4.0,67.03,4.0,,0.4849,否
477,19农业银行CD224,97.03,1.8511,-56.96,1.8511,,0.0437,否
478,20湖北银行CD057,96.11,4.1,30.0,4.1,,0.9123,否
479,20紫金矿业MTN002,98.16,3.98,,3.98,,2.2077,否
480,19厦门银行03,100.10,3.7435,2.35,3.7435,,1.9288,否
481,20农发清发03,100.07,3.2,-1.0,3.205,,1.7589,否
482,20华夏银行CD028,97.15,3.1002,-2.01,3.1002,,0.1639,否
483,20成都农商银行CD052,99.35,1.8486,,1.8486,,0.0273,否
484,19海淀国资MTN003,98.63,6.9272,-43.29,6.9272,,2.0492,是
485,20农业银行CD026,97.82,3.18,1.0,3.1701,,0.3671,否
486,20四川天府银行CD061,96.81,3.5499,,3.5499,,0.2575,否
487,20渤海银行CD431,98.38,3.3,-17.01,3.3,,0.3863,否
488,20兴业银行CD142,97.74,3.2099,1.0,3.2099,,0.411,否
489,19京能源MTN001,99.94,6.4887,0.72,6.4885,,1.0164,是
490,16昆明城投PPN001,100.08,4.0303,-186.94,4.0153,,0.0956,否
491,20华润控股MTN002B,95.82,3.9987,-10.05,3.9997,,4.411,否
492,20兴业银行CD472,99.24,3.0498,-1.04,3.0498,,0.1749,否
493,20民生银行CD368,97.75,3.16,1.0,3.16,,0.4521,否
494,20北京银行CD005,97.12,3.1,-21.02,3.1,,0.1639,否
495,20浦发银行CD124,97.16,4.4119,-0.69,4.4119,,0.2959,否
496,19中石油MTN003,99.98,3.5123,-9.1,3.5181,,1.5726,否
497,20交通银行CD263,97.62,3.25,3.0,3.25,,0.7288,否
498,20江苏银行CD114,96.87,3.3501,0.01,3.3259,,0.6411,否
499,20北京银行CD154,96.76,3.34,-7.97,3.34,,0.9699,否
500,20建设银行CD075,98.56,3.0698,-11.0,3.0698,,0.1776,否
501,20民生银行CD119,97.47,3.1098,1.0,3.1098,,0.2712,否
502,20上海银行CD286,98.43,3.21,-2.0,3.21,,0.4685,否
503,20江苏银行CD083,97.08,3.3499,-0.01,3.3499,,0.5671,否
504,19陕煤化MTN004,98.54,4.457,4.04,4.457,,3.7397,否
505,20建设银行CD048,98.66,3.0002,2.0,2.9802,,0.1202,否
506,19中金集MTN001,99.90,3.7223,1.1,3.7223,,1.6082,否
507,20四川天府银行CD241,99.16,3.449,,3.449,,0.2384,否
509,20江西银行CD003,97.03,3.0499,,3.0499,,0.1202,否
510,18内蒙古债27,102.18,3.0731,,3.0741,,2.8055,否
511,20中国银行CD011,97.82,3.0901,-18.0,3.0901,,0.3781,否
512,20兴业银行CD138,97.77,3.1701,-0.99,3.1701,,0.3918,否
513,20兴业银行CD246,97.17,3.23,1.0,3.23,,0.5781,否
514,17青海债37,108.46,3.33,1.0,3.33,,6.9726,否
515,20浦发银行CD142,97.90,3.1601,0.01,3.1601,,0.337,否
516,20农业银行CD019,98.33,1.8512,-4.82,1.8512,,0.0437,否
517,20民生银行CD213,97.67,3.1901,-12.99,3.1901,,0.4438,否
518,19附息国债13,99.47,3.085,2.5,3.085,,3.8603,否
519,20浙商银行CD076,98.48,3.14,,3.145,,0.3096,否
520,20华夏银行CD451,99.24,3.1201,2.01,3.1201,,0.2329,否
521,20交通银行CD261,98.44,3.2001,1.0,3.2001,,0.4685,否
522,17附息国债15,103.06,3.865,-5.0,3.8625,,26.6274,否
523,20农业银行CD007,98.29,1.599,-5.07,1.599,,0.0082,否
525,16都梁专项债,58.66,7.2986,,7.3038,,2.3479,否
526,18进出13,100.57,2.99,-0.97,3.016,,0.8,否
527,16金坛国发债,59.22,5.4085,,5.4109,,2.7068,否
528,20光大证券CP013BC,100.01,2.3495,9.95,2.3495,,0.0492,否
529,20昆仑银行CD190,98.42,3.2191,,3.2191,,0.4904,否
530,20中信银行CD016,97.23,3.178,6.79,3.178,,0.2158,否
531,20浦发银行CD388,97.66,3.2496,8.97,3.2496,,0.5233,否
532,20浦发银行CD341,98.50,3.1592,7.92,3.1592,,0.2213,否
533,20中信银行CD023,97.44,3.1678,-17.68,3.1678,,0.2712,否
534,16国开16,88.86,4.2145,8.98,4.2145,,25.9096,否
535,20浦发银行CD214,98.03,3.1673,10.74,3.1673,,0.2685,否
536,20富滇银行CD256,98.29,3.4789,,3.4789,,0.4904,否
537,20湖南债51,99.29,3.215,1.5,3.215,,2.6986,否
538,20泉州银行CD086,97.46,3.4743,,3.4743,,0.7425,否
539,20浦发银行CD486,97.64,3.2301,-0.99,3.2301,,0.6795,否
540,20首旅SCP026,100.00,2.5003,20.08,2.3257,,0.0437,否
541,20中信股SCP001,100.00,2.2401,-5.99,2.2403,,0.0191,否
542,20凤城河CP001,100.00,4.1686,,4.1686,,0.9918,否
543,20镇国投PPN001,100.40,4.8731,-57.08,4.9749,,4.7945,否
544,18江苏债13,101.92,3.17,2.5,3.17,,2.8,否
545,20农业银行CD161,96.86,3.2368,,3.2368,,0.9918,否
546,20招商蛇口SCP007,100.02,2.3997,-20.39,2.3997,,0.041,否
547,19武汉农商二级01,100.00,5.1452,-20.33,5.1454,,8.3644,否
548,20湘高速CP002,99.38,3.58,-1.0,3.5867,,0.3781,否
549,20青岛农商行CD025,97.22,3.1498,,3.1498,,0.2329,否
550,20进出02,98.62,3.12,-2.0,3.1212,,1.3315,否
551,18广核电力MTN002,100.48,3.3222,-1.86,3.3261,,0.3808,否
552,18海运集装MTN001,100.54,3.6152,62.21,3.6208,,0.8603,否
553,18中铁股MTN001A,100.75,7.0221,1.39,7.0217,,0.9753,是
554,20桂林银行CD272,98.28,3.4991,,3.4991,,0.4904,否
555,20蓝星SCP003,98.99,4.1566,21.85,4.1493,,0.463,否
556,16吉市城建债,59.39,4.7438,1.58,4.7438,,2.1393,否
557,20民生银行CD026,97.15,3.0999,-1.0,3.0999,,0.1639,否
558,19平安租赁MTN003,100.34,3.9146,,3.9146,,1.9397,否
559,17驻马店投PPN002,99.46,5.507,-0.45,5.5079,,1.5178,否
560,18浙江11,101.56,3.19,1.0,3.19,,2.7397,否
561,19顺义国资MTN001,102.13,4.1216,-0.84,4.1208,,3.4164,否
562,18农发02,100.22,2.9498,5.0,2.9367,,0.1311,否
563,20平安银行永续债01,96.68,4.7311,2.16,4.7311,,4.2186,是
564,20兴业银行CD127,97.78,3.19,1.0,3.19,,0.3753,否
565,19汇金MTN017,99.44,3.55,1.0,3.5606,,1.8795,否
566,20平安银行CD280,98.62,2.7001,-75.0,2.7001,,0.3863,否
567,19附息国债10,99.91,3.865,-2.5,3.8625,,28.6219,否
568,19附息国债14,99.80,2.9,-1.0,2.9,,0.937,否
569,20成都农商银行CD087,99.20,3.1902,-5.97,3.1902,,0.1995,否
570,18威高MTN001,99.90,6.8047,80.06,6.8009,,0.663,否
571,20鄂能源SCP005,100.00,3.2791,,3.2791,,0.4849,否
572,20渤海银行小微债,99.26,3.84,0.32,3.8402,,2.7014,否
573,20浦发银行CD039,97.19,3.1002,-1.97,3.1507,,0.1776,否
574,20浙能源MTN001,97.61,3.9213,13.3,3.9198,,4.2329,否
575,16溧水经开债,59.14,4.2,42.55,4.1977,,2.9233,否
576,14国开05,107.42,3.35,1.0,3.3442,,3.1202,否
578,18皖投集MTN001,100.35,4.4113,-0.08,4.4132,,2.3671,否
579,18宁波银行03,100.59,3.3001,0.24,3.3001,,0.6329,否
580,17宿州城投MTN001,102.39,4.003,,4.0,,1.7233,否
581,18陕投集团MTN006,100.84,4.27,21.88,4.2709,,2.9616,否
582,20深能源MTN002,99.99,3.95,-8.0,3.9494,,4.926,否
583,19王府井集MTN001,99.69,3.85,18.69,3.8496,,1.6521,否
584,20蓉城轨交GN001,97.90,4.0,-7.0,3.9994,,4.2077,否
585,20交通银行CD044,97.63,3.15,3.99,3.15,,0.3315,否
586,16陕高速债01,100.34,3.9611,,3.9616,,10.9836,否
587,20赣州城投(疫情防控债)CP001,99.29,3.8029,-6.17,3.8807,,0.389,否
588,20上海债23,99.57,3.23,3.5,3.23,,2.8082,否
589,16南川城投债,59.62,4.6098,,4.608,,2.5918,否
590,20泰州城投PPN002,98.50,4.8739,33.74,4.8739,,2.7753,否
591,19广核电力MTN002,99.91,3.6,-13.0,3.6,,1.6274,否
592,16广东债10,99.66,3.13,-0.5,3.13,,2.3288,否
593,20广西北部湾银行CD389,98.28,3.509,,3.509,,0.4904,否
594,20中信银行CD082,97.60,3.1999,2.0,3.1932,,0.4685,否
595,20江苏银行CD027,97.26,3.12,1.0,3.1133,,0.2329,否
596,20郑州地铁SCP001,99.81,3.5002,11.84,3.5002,,0.1175,否
597,20连云城建PPN003,100.75,4.7082,-23.41,4.7083,,4.6055,否
598,17昆银桥债,82.17,4.249,,4.2467,,3.863,否
599,17汴投绿色债,93.00,5.1466,32.79,5.1468,,6.7534,否
600,17进出绿色债01,100.20,2.0001,-64.99,2.0001,,0.0765,否
601,20北京银行CD038,97.79,3.2101,-3.0,3.2101,,0.3671,否
602,16安徽债03,99.70,3.13,,3.13,,2.3151,否
603,20东莞农村商业银行CD111,98.37,3.1298,,3.1298,,0.2186,否
604,20民生银行CD035,97.19,3.1201,1.0,3.1201,,0.1776,否
605,19中铝集MTN005,98.90,4.2036,-0.64,4.2036,,3.6877,否
606,19中石油MTN005,99.22,3.7987,-2.13,3.7987,,3.8603,否
607,20湖北银行CD075,96.55,3.5684,,3.5684,,0.9918,否
608,17上海农商二级02,101.10,4.6008,,4.6008,,6.6932,否
609,20三一SCP011,99.79,3.6,-14.98,3.6,,0.1339,否
610,16榆树农商二级,100.00,5.6966,,5.6958,,5.1038,否
611,20浙江建德农商银行CD002,99.22,3.1993,,3.1993,,0.2384,否
612,18建设银行二级02,101.62,4.45,0.46,4.45,,7.8932,否
613,17京住房ABN001A,100.00,,,,,17.0765,否
614,20泉州银行CD087,96.60,3.5181,,3.5181,,0.9918,否
615,18苏新国资MTN001,103.40,4.373,69.62,4.373,,2.2712,否
616,20长沙银行二级,100.00,4.5999,-0.01,4.5999,,9.989,否
617,18巴南园区PPN001,100.43,6.2977,0.03,6.2977,,2.6356,否
618,20招银和智2次级,100.15,,,,,3.9507,否
619,20进出04,99.79,2.9152,6.5,2.8777,,0.2158,否
620,20北京银行小微债03,99.53,3.582,-14.8,3.5793,,2.7014,否
621,14京保障房债,99.96,3.9948,-5.31,3.9947,,8.8548,否
622,20国信证券CP011,100.02,2.2509,-54.97,2.2509,,0.0492,否
623,20乌建发债,100.00,5.2996,-0.02,5.2996,,6.9863,否
624,18鲁钢铁MTN001,100.82,4.9951,-1.13,5.0,,0.6137,否
625,19荆门城投PPN002,100.03,5.1851,-10.56,5.1709,,3.7945,否
626,20大同煤矿MTN005,96.66,6.089,9.86,6.089,,2.4548,否
627,19深圳水务MTN002,99.92,3.8165,-15.35,3.8185,,1.5123,否
628,17农发03,100.69,3.04,-12.36,3.04,,1.082,否
629,20常城建SCP007,99.53,3.6502,-15.97,3.6496,,0.3096,否
630,18浙交投MTN001,100.38,3.4533,-3.09,3.4518,,0.9507,否
631,14粤路桥MTN001,101.19,5.8919,-0.18,5.8919,,3.4274,否
632,19华润MTN003A,100.11,3.48,30.99,3.3888,,1.2301,否
633,19农发09,99.50,3.3831,-3.19,3.3831,,3.6849,否
634,20武汉农商行CD070,99.16,3.449,,3.449,,0.2384,否
635,20中国银行CD095,97.64,3.2299,0.01,3.2299,,0.6521,否
636,18中建二局MTN001,102.26,4.0,-12.0,4.0,,2.3616,否
637,18柯桥轻纺MTN003,100.59,4.05,1.0,4.05,,0.9562,否
638,20苏州银行双创债,98.37,3.68,0.08,3.6812,,2.263,否
639,17晋路桥MTN002,104.10,4.2826,-33.27,4.28,,1.9781,否
640,20中国银行CD089,98.44,3.18,1.0,3.1571,,0.3918,否
641,19铁道07,99.20,3.58,1.63,3.58,,3.7068,否
642,20中建MTN003,97.68,5.7377,-0.85,5.7375,,2.3671,是
643,16西安高新MTN001,100.10,7.9151,4.88,7.915,,0.1448,是
644,18中铝集MTN002A,100.62,3.6699,2.81,3.6674,,0.5973,否
645,20中粮SCP006,99.62,3.34,-16.0,3.34,,0.7205,否
646,20上海农商银行CD090,98.53,3.224,-13.24,3.224,,0.1639,否
647,16营经开债02,78.67,7.9613,86.95,7.9536,,3.3644,否
648,17襄阳房投债,103.06,4.4471,1.0,4.4471,,4.0219,否
649,18长沙银行01,100.58,3.37,-3.0,3.37,,0.8658,否
650,20潞安SCP005,99.46,5.0001,-115.01,5.0056,,0.2712,否
651,20宁波银行CD225,99.01,4.126,97.67,4.126,,0.2329,否
652,20中油股MTN002,97.30,3.64,1.0,3.6366,,2.337,否
653,20农业银行CD076,98.57,3.0699,-0.03,3.0645,,0.1612,否
654,19稠州商行CD052,96.36,2.5116,,2.5116,,0.0519,否
655,20葛洲坝(疫情防控债)CP001,99.38,3.418,0.8,3.418,,0.3781,否
656,18附息国债28,100.50,3.111,5.1,3.114,,4.9973,否
657,17首钢MTN002,101.78,3.834,1.8,3.827,,1.2822,否
658,18潍坊滨投MTN002,101.37,6.215,,6.2156,,2.7863,否
659,18首钢MTN002,100.57,3.6449,-6.14,3.642,,0.6164,否
660,19中煤能源MTN001,100.14,4.1581,-2.68,4.1565,,5.6247,否
661,20青岛北城SCP001,99.82,3.6162,-20.41,3.6541,,0.1175,否
662,20深圳地铁SCP006,99.81,3.3415,-15.22,3.328,,0.4329,否
663,20苏交通MTN001,96.29,5.9302,-2.64,5.93,,4.3699,是
664,15江门高新债,40.56,4.3174,7.73,4.2977,,1.3726,否
665,20进出07,98.34,3.5607,-0.93,3.5603,,6.2158,否
666,18巨化MTN001,100.52,3.886,18.6,3.886,,0.6329,否
667,20洛阳银行CD178,99.17,3.3991,,3.3991,,0.2384,否
668,20中建MTN001,98.11,5.9072,0.99,5.9072,,2.3205,是
669,16潍柴控股MTN001,100.07,3.4301,-12.28,3.4301,,0.2658,否
670,20闽交运SCP003,99.88,3.7299,-0.61,3.7261,,0.337,否
671,16农发16,100.11,2.89,0.32,2.8895,,0.3726,否
672,20农发07,99.51,3.2525,-0.75,3.2525,,2.6603,否
673,20云投MTN008,99.62,4.9399,-3.61,4.9399,,2.8877,否
674,12进出06,101.35,3.1543,-0.57,3.1543,,1.3836,否
675,18桐建投专项债01,103.27,6.0639,,6.0632,,4.6247,否
676,20杭州湾新SCP003,99.96,3.4006,1.0,3.4006,,0.0464,否
677,17联合农商二级02,100.70,4.8693,-12.58,4.8693,,6.6466,否
678,19中航租赁MTN001,100.76,3.8418,-5.43,3.8418,,1.3397,否
679,19盐城交通MTN002,99.65,4.39,6.0,4.3642,,1.9726,否
680,18张保实业MTN001,100.47,6.3005,,6.3014,,2.2329,否
681,19淮安国投MTN002,100.96,4.514,0.21,4.5124,,3.3041,否
682,18汇金MTN006BC,100.57,3.1801,-7.99,3.1801,,0.4411,否
683,20沪打捞MTN001,98.34,4.14,2.23,4.14,,2.2822,否
684,18广核电力MTN003,100.60,3.3401,-1.0,3.3401,,0.7096,否
685,19乐清国投MTN001,101.25,4.3617,-6.83,4.3607,,3.1475,否
686,20北京农商银行CD080,97.62,3.4747,-0.52,3.4747,,0.3945,否
687,18科伦MTN001,100.29,3.842,-17.78,3.842,,0.1366,否
688,16瑞昌投资债02,59.57,5.9827,41.63,5.986,,2.526,否
689,18汇金MTN014,100.41,3.33,,3.33,,0.9205,否
690,20银建SCP002,100.00,6.1769,,6.1769,,0.4849,否
691,19农发07,99.89,3.1819,-1.81,3.1803,,1.6082,否
692,18南京新港MTN002,101.98,11.6444,,11.6447,,2.2685,是
693,19成都环境MTN001,99.65,3.78,23.3,3.7636,,1.6877,否
694,18国新控股MTN003,100.51,3.4967,-0.33,3.4965,,0.9397,否
695,20海淀国资SCP002,99.37,5.2002,60.04,5.2002,,0.194,否
696,18兴业绿色金融02,100.57,3.2732,-4.99,3.2732,,0.9699,否
697,16江苏债11,100.06,3.159,6.9,3.157,,2.5178,否
698,16青岛国信PPN001,99.57,4.2316,,4.2316,,1.937,否
699,18陕交建MTN004,100.91,7.739,-10.76,7.7386,,0.9041,是
700,20华能水电MTN001,99.44,6.5093,,6.5093,,2.5973,是
701,17京城投MTN001,100.13,9.3841,,9.3841,,0.0492,是
702,19青岛城投PPN001,101.19,4.4417,,4.4398,,3.2411,否
703,20兴业银行CD437,99.11,4.1919,109.19,4.1919,,0.1257,否
704,20江苏银行CD172,97.50,3.463,20.29,3.463,,0.6137,否
705,17九江置地MTN001,100.66,4.5661,4.61,4.5703,,1.3507,否
706,20交银租赁债01,99.37,3.88,-10.0,3.88,,2.9233,否
707,19中国银行永续债01,100.13,4.45,-3.71,4.4492,,3.1448,是
708,20光大银行CD069,97.33,3.1198,-15.0,3.1198,,0.2411,否
709,20北京银行CD143,96.71,3.4,15.03,3.4,,0.9233,否
710,18河北26,100.51,2.93,0.84,2.93,,0.7123,否
711,19日照港MTN001,99.91,4.1105,-3.36,4.109,,3.6712,否
712,19云南交投MTN001,100.07,4.3042,-4.99,4.3021,,1.2466,否
713,20苏国信SCP031,99.59,3.2201,-31.48,3.2244,,0.3507,否
714,20乌鲁木齐银行CD104,98.29,3.4789,,3.4789,,0.4904,否
715,17国开绿债02,101.34,3.188,-6.09,3.188,,1.4,否
716,20民生银行CD214,97.67,3.1901,,3.1901,,0.4438,否
717,16四川债07,100.01,3.15,-3.0,3.15,,2.4438,否
718,20平安租赁SCP011,99.82,3.5,-10.0,3.5,,0.3562,否
719,18诸暨国资MTN001,100.57,5.5913,0.79,5.5925,,2.2877,否
720,20汇金MTN007A,96.86,3.6378,-0.44,3.6393,,2.4548,否
721,16农发08,99.75,3.42,-1.0,3.4196,,5.2213,否
722,18川铁投MTN003,103.26,3.9778,-0.22,3.98,,2.3863,否
723,20闽交运SCP002,99.86,3.7205,,3.7272,,0.3178,否
724,19首农食品MTN001,100.08,3.7259,-10.41,3.73,,1.2658,否
725,20中原银行CD365,99.22,3.1503,,3.1503,,0.1421,否
726,20中石化MTN001,97.96,3.63,-0.23,3.6291,,2.3151,否
727,16鑫泰债,59.71,4.4568,,4.452,,2.2904,否
729,16南昌城投MTN001,100.00,7.0203,0.41,7.0201,,0.2213,是
730,20南京铁建SCP001,99.38,3.61,-0.48,3.6076,,0.6247,否
731,16十堰经开债,59.03,5.0201,26.75,5.0201,,2.6603,否
732,20融和融资SCP015,99.39,3.9851,3.9,3.9876,,0.6247,否
733,20融和融资SCP010,99.49,3.9222,-0.79,3.9261,,0.3945,否
734,20苏州高新MTN001,98.29,4.0,,4.0011,,2.5123,否
735,20徽商银行CD013,97.21,3.1402,-17.97,3.1402,,0.2329,否
736,19中铝集MTN008,99.83,6.8639,,6.8634,,1.9315,是
737,20华夏银行CD061,97.25,3.1001,-0.01,3.1001,,0.2213,否
738,20民生银行CD108,97.50,3.1201,2.01,3.1201,,0.2575,否
739,18大唐集MTN002,100.70,7.4766,,7.4762,,0.6438,是
740,17西安高新MTN002,101.61,5.0695,-7.8,5.0685,,6.2904,否
741,20农业银行CD093,98.54,3.0999,4.98,3.0999,,0.1995,否
742,19湘高速MTN003,99.80,3.8144,0.28,3.8152,,3.6301,否
743,20青岛农商行CD198,98.03,4.05,1.0,4.05,,0.4877,否
744,16商飞MTN002,98.52,3.8419,4.19,3.8419,,2.8822,否
745,20浦发银行CD297,96.96,3.2399,-0.01,3.2399,,0.6548,否
746,20中信银行CD147,96.98,3.2401,,3.2401,,0.6356,否
747,17安庆城投MTN002,102.25,4.2,4.0,4.1982,,1.4082,否
748,20江苏银行CD143,96.86,3.31,3.01,3.31,,0.7151,否
749,20广发银行CD065,97.82,3.16,1.0,3.16,,0.3726,否
750,14吉高速MTN002,100.95,4.995,24.02,4.85,,1.0519,否
751,20交通银行CD011,97.11,3.0498,4.01,3.0498,,0.1257,否
752,16滇建工MTN001,99.90,8.1464,2.87,8.1464,,0.1448,是
753,19武进经发PPN003,100.10,4.4973,-1.27,4.4987,,1.9781,否
754,20贴现国债54,98.60,2.8649,2.49,2.8649,,0.4219,否
755,20浦发银行CD108,97.50,3.1299,-7.0,3.1299,,0.2575,否
756,15华能集MTN001,100.09,3.9661,,3.9667,,9.4329,否
757,20浦发银行二级01,97.51,4.1867,1.03,4.1864,,9.6548,否
758,20首农食品MTN003,96.87,4.0,-0.23,4.0,,2.3753,否
759,20华夏银行CD316,98.50,3.1101,-18.47,3.1101,,0.2548,否
760,20致远ABN003优先,100.00,,,,,0.9507,否
761,20浦发银行CD375,98.50,3.1101,0.99,3.1101,,0.2548,否
762,20中信银行CD150,96.98,3.24,-7.99,3.24,,0.6384,否
763,16华润水泥MTN001,99.89,3.6254,-7.2,3.6199,,0.7479,否
764,18绍兴银行02,100.35,3.6557,,3.6557,,0.9616,否
765,20华融湘江银行CD034,97.49,3.3001,,3.3001,,0.4658,否
766,20深能源MTN001,97.85,4.0,4.0,4.0,,4.2213,否
767,18京城投MTN002A,100.83,7.6038,,7.6038,,0.9616,是
768,20南京银行CD001,97.12,3.0002,,3.0002,,0.1038,否
769,18申迪MTN001,100.50,3.58,-17.31,3.5776,,0.6247,否
770,20渤海银行CD430,99.21,3.2003,,3.2003,,0.1393,否
771,20农业银行CD149,99.23,3.0598,-4.02,3.0598,,0.1995,否
772,17鹿城农商二级,99.97,5.0502,1.0,5.0502,,6.3589,否
773,16镇江城建MTN001,99.87,4.7398,1.0,4.7398,,0.2521,否
774,20中国人寿财险,99.80,4.6741,,4.6741,,9.8849,否
775,14鹿城债,20.24,4.1803,13.38,4.1764,,0.9068,否
776,18淮南矿MTN002,100.51,3.8863,-8.38,3.8832,,0.6438,否
777,20陕延油MTN005,100.00,7.003,0.25,7.003,,2.9671,是
778,17芜湖建设MTN001,102.13,4.1,-2.27,4.0987,,1.8877,否
779,20北京农商银行CD196,99.36,1.9002,-67.02,1.9002,,0.0273,否
780,20邮储银行永续债,96.19,4.6886,-15.68,4.69,,4.2767,是
781,20建邺国资SCP002,99.48,3.75,-5.69,3.7505,,0.3836,否
782,20阜阳投资CP002,100.13,3.93,-3.26,3.9284,,0.9671,否
783,20昆仑银行CD027,97.21,3.1999,,3.1999,,0.2329,否
784,15交通银行债,100.05,1.9996,-79.99,1.9996,,0.041,否
785,18中外贸租赁债01,100.65,3.8652,12.51,3.8652,,0.4438,否
786,20中国旅游MTN002,97.86,3.9995,-4.99,3.9998,,4.2795,否
787,20中国旅游MTN001,97.49,3.9995,,3.9998,,4.263,否
788,18宁技发MTN001,100.22,3.9199,1.9,3.9199,,0.9534,否
789,20民生银行CD343,98.54,3.1201,1.0,3.1201,,0.1776,否
790,19鄂交投MTN005,99.75,4.0195,0.09,4.0198,,4.0109,否
791,16平安银行二级,100.29,3.7852,-7.0,3.7852,,5.3425,否
792,20长沙银行CD141,99.37,1.8015,-19.79,1.8015,,0.0273,否
793,20农业银行CD008,97.55,2.6529,-81.08,2.6529,,0.2548,否
794,20广州高新SCP003,100.00,3.7984,-0.12,3.7984,,0.7288,否
795,20中信银行CD068,97.38,3.8692,-0.47,3.8692,,0.4438,否
796,20民生银行CD063,97.22,3.1799,,3.1799,,0.2077,否
797,19齐鲁银行CD073,96.89,1.7984,-20.17,1.7984,,0.0246,否
798,20赣投SCP004,99.69,3.4389,-0.73,3.4389,,0.2767,否
799,19农业银行CD216,97.00,1.4984,-40.05,1.4984,,0.0246,否
800,19华润控股MTN001,99.91,3.6967,-6.14,3.7,,1.5863,否
801,19浙国贸MTN001,100.10,4.0708,-7.92,4.0708,,1.2301,否
802,18赣高速MTN008,100.90,7.1527,,7.1524,,1.0137,是
803,16海口农商二级,99.38,4.4193,-15.05,4.4192,,6.0164,否
804,20闽冶金SCP004,99.67,3.4188,-10.06,3.43,,0.2712,否
805,20鲁黄金SCP010,99.44,3.48,1.0,3.5436,,0.4356,否
806,20交通银行CD088,98.92,1.7981,-0.06,1.7981,,0.0219,否
807,18华信邮电PPN002,99.81,7.0,,7.0027,,1.0137,否
808,16伊犁财通MTN002,99.53,4.0963,,4.0986,,0.8521,否
809,20江苏银行CD060,97.67,3.2101,3.01,3.2101,,0.4247,否
810,20南京银行CD049,97.74,3.185,0.5,3.185,,0.3945,否
811,19农发04,100.37,3.385,1.4,3.385,,3.3205,否
812,19金圆投资MTN001,99.73,3.8428,,3.8226,,1.9288,否
813,20中信银行CD041,98.45,1.9506,,1.9506,,0.0628,否
814,20民生银行CD529,96.84,3.26,16.0,3.26,,0.9479,否
815,20盛京银行CD441,99.76,2.7995,,2.7995,,0.0519,否
816,18中国银行二级01,102.02,4.5415,0.48,4.5415,,7.7452,否
817,17宣城国资PPN001,100.36,4.4758,,4.48,,1.2438,否
818,17常熟城投MTN001,101.76,4.0166,,4.02,,1.5233,否
819,20中信银行CD043,98.45,1.8993,-5.04,1.8993,,0.0656,否
820,20招联消费金融债02,97.75,4.1,-18.0,4.1012,,2.2548,否
821,19陕煤化MTN003,98.36,4.4546,20.38,4.4546,,3.7014,否
822,13铁道02,104.00,3.505,,3.505,,2.6849,否
823,20渤海银行CD082,97.10,3.22,0.98,3.22,,0.2158,否
824,20稠州商行CD081,96.36,3.78,-2.0,3.78,,0.9479,否
825,20稠州商行CD060,96.45,3.7201,2.01,3.7201,,0.7534,否
826,20恒丰银行CD425,99.20,3.25,-4.93,3.25,,0.2329,否
827,20厦门银行CD031,97.15,3.1502,,3.1502,,0.2213,否
828,20江苏银行CD198,96.71,3.4,14.03,3.4,,0.9233,否
829,16苏国资PPN001,100.06,3.776,,3.776,,0.463,否
830,20华夏银行CD438,97.62,3.2501,1.01,3.2501,,0.7014,否
831,20招商银行永续债01,96.66,4.7728,1.31,4.7728,,4.5863,是
832,19四川天府银行CD159,96.38,1.9789,,1.9789,,0.0492,否
833,20上海医药SCP004,99.92,3.0697,-3.03,3.0697,,0.1148,否
834,18中远海控MTN001,100.33,3.6833,-122.93,3.6817,,0.9589,否
835,20温州银行CD057,97.02,3.4699,,3.4699,,0.2603,否
836,20中国银行CD097,97.64,3.2296,1.95,3.2296,,0.663,否
837,20南航股SCP020,99.67,3.2371,0.08,3.2203,,0.1776,否
838,20杭州银行CD143,96.82,3.4,,3.4,,0.6795,否
839,20中国银行CD088,99.24,2.9998,-24.0,2.9998,,0.1448,否
840,19中电投MTN018,99.85,3.63,-2.0,3.625,,1.874,否
841,12国开42,101.79,3.2283,,3.2292,,1.7781,否
842,16中铝业MTN001,100.28,8.5938,,8.5937,,0.1202,是
843,15华润MTN001,101.06,3.5736,0.36,3.5701,,1.4466,否
844,20建设银行CD101,98.53,3.0898,2.97,3.0898,,0.2301,否
845,20兴业银行CD186,97.53,3.1799,,3.1799,,0.4822,否
846,20民生银行CD373,98.53,3.0801,,3.0801,,0.2186,否
847,20华融湘江银行CD032,97.46,3.3075,-0.83,3.3075,,0.463,否
848,20乐清农商银行CD058,99.75,2.9994,,2.9994,,0.0847,否
849,20宝钢SCP020,100.00,2.2496,-5.07,2.2496,,0.0109,否
850,20民生银行CD522,97.62,3.25,-5.0,3.25,,0.6904,否
851,20光大银行CD111,97.83,3.16,0.01,3.16,,0.3671,否
852,20招商银行CD131,98.54,3.0501,-19.99,3.0501,,0.2022,否
853,19浙江民泰商行CD214,96.31,1.896,,1.896,,0.0109,否
854,20汇金MTN010A,99.56,3.66,-0.18,3.6591,,2.9068,否
855,20华菱集团MTN001,97.99,4.2576,,4.26,,2.2986,否
856,20江苏银行CD028,97.30,3.1098,,3.1098,,0.2356,否
857,20乐清农商银行CD059,99.18,3.3366,,3.3366,,0.2466,否
858,20贴现国债50,99.34,2.7196,0.96,2.7196,,0.1148,否
859,20粤交投SCP004,99.74,3.441,-9.9,3.4299,,0.2712,否
860,18附息国债20,103.14,2.88,-3.0,2.88,,4.7479,否
861,19中信银行CD275,96.98,0.9977,-70.41,0.9977,,0.0082,否
862,20浦发银行CD139,97.62,3.1599,-18.0,3.1599,,0.3342,否
863,16昌兴投资债,59.79,5.5093,-105.89,5.5124,,2.3425,否
864,19青山湖PPN001,100.14,4.958,-1.25,4.958,,3.9397,否
865,16兴安债,59.60,6.3362,,6.3398,,2.5397,否
866,20晋煤CP007,99.67,3.9566,-5.5,3.9566,,0.9123,否
867,16文山债,58.92,5.5996,,5.5972,,2.7671,否
868,20大唐发电SCP005,99.79,3.1818,-1.83,3.176,,0.2575,否
869,20蓝光CP001,99.51,7.134,77.11,7.1435,,0.6411,否
870,20郑州银行CD030,98.33,1.8996,,1.9093,,0.0464,否
871,19厦门农商行CD094,96.53,2.0007,,2.0007,,0.0328,否
872,20东吴证券CP012,100.01,2.3791,,2.3791,,0.041,否
873,20长沙银行CD065,97.50,3.3213,-13.55,3.3213,,0.4521,否
874,20农业银行CD022,97.47,3.1233,2.34,3.1233,,0.2932,否
875,20浦发银行CD128,98.45,1.9002,-13.95,1.9002,,0.0628,否
876,20华电江苏SCP015,99.79,3.4,-18.37,3.4,,0.1667,否
877,20东莞银行CD025,97.07,3.2003,,3.2003,,0.1694,否
878,20华发集团SCP011,99.82,3.4704,-10.94,3.4704,,0.1175,否
879,20江西银行CD017,97.15,3.1598,,3.1598,,0.2186,否
880,19江苏江南农村商业银行CD180,96.92,1.9997,,1.9997,,0.0628,否
881,18九江银行绿色金融02,100.49,3.56,-3.67,3.56,,0.9151,否
882,20大连建投MTN002,100.00,5.5994,,5.5994,,2.9918,否
883,20长沙银行CD201,96.73,3.3775,,3.3775,,0.9918,否
884,20中电信SCP014,99.99,1.9041,-39.4,1.9041,,0.0109,否
885,20渝水投MTN001,97.46,3.9091,,3.9084,,4.3753,否
886,17泰华信MTN001,99.60,8.7198,2.39,8.72,,1.2104,是
887,19招商局MTN006A,100.06,6.4787,,6.4787,,1.6137,是
888,20淮南建发PPN001,99.15,5.8216,,5.8215,,2.8932,否
889,16黄冈城投PPN002,100.00,4.3942,0.56,4.3942,,2.8027,否
890,20周口城投PPN002,99.36,4.8709,0.09,4.8706,,2.4548,否
891,20许昌建投PPN002,100.32,6.3568,6.43,6.3557,,2.7781,否
892,20兰州建投PPN003,99.47,5.1512,-48.85,5.15,,2.3589,否
893,19神木国资MTN001,100.00,4.793,,4.793,,3.2384,否
894,18晋江城投MTN001,100.89,9.8906,,9.8906,,0.3068,是
895,16闽漳龙MTN001,99.80,6.7846,4.85,6.7846,,0.7315,是
896,20东阳光SCP003,99.54,7.4264,34.69,7.4264,,0.3836,否
897,20无锡建投MTN002,99.68,3.8257,-0.38,3.8257,,1.7753,否
898,19丽水城建PPN003,99.90,4.9726,,4.9726,,3.6685,否
899,18中石油MTN001,100.33,3.27,-18.26,3.2817,,0.7863,否
900,20中石油MTN003,96.61,3.8587,-0.13,3.8587,,4.2904,否
901,19如皋沿江PPN002,101.00,5.6894,34.54,5.6894,,1.3945,否
902,20国电福建MTN001,97.69,4.3437,-0.63,4.3437,,2.4877,否
903,18兖矿MTN003,100.42,3.8353,17.31,3.8499,,0.2658,否
904,20恒健SCP003,99.79,3.2181,-2.2,3.224,,0.2603,否
905,16上海仪电MTN001,99.94,6.8966,0.96,6.8966,,0.2301,是
906,19润业投资PPN001,102.43,5.5264,23.62,5.5264,,1.8,否
907,20宝龙SCP002,99.43,6.2917,167.22,6.2979,,0.4986,否
908,18太钢MTN003,100.59,3.7045,-7.55,3.7024,,0.9123,否
909,20哈尔滨银行CD311,99.14,3.4989,,3.4989,,0.2384,否
910,20张江集SCP007,99.94,3.36,-0.02,3.36,,0.1257,否
911,20武汉航空SCP002,99.56,3.7999,-1.09,3.7925,,0.2685,否
912,20连云工投CP001,100.02,5.0048,1.0,5.0048,,0.1011,否
913,18陕煤化MTN004,100.89,4.45,5.19,4.4491,,2.8767,否
914,18胶州湾PPN001,101.27,4.1261,,4.123,,0.474,否
915,20西安航空SCP001,99.49,6.6359,1.39,6.6359,,0.6356,否
916,20成都银行CD249,99.25,3.0355,-6.46,3.0355,,0.1066,否
917,19国电MTN004,99.94,3.59,1.0,3.59,,1.8904,否
918,18农发13,100.75,3.28,-2.0,3.2925,,2.9562,否
919,20郑州银行CD186,98.46,3.1601,,3.1601,,0.2685,否
920,19青岛城投PPN002,101.62,4.44,,4.4392,,3.2795,否
921,20深圳地铁SCP007,99.89,3.32,-19.99,3.32,,0.3863,否
922,20瑞安国投PPN001,99.64,4.4701,,4.4673,,0.3671,否
923,18中节能MTN001,100.80,3.6158,-13.97,3.6129,,0.5123,否
924,16东航股MTN002,99.92,3.48,0.35,3.48,,0.6,否
925,20上饶城投PPN001,99.39,4.6521,-4.79,4.65,,2.5123,否
926,20闽投MTN004,97.96,4.2093,-8.18,4.2102,,9.224,否
927,20滇池投资CP001,99.57,4.3954,-0.93,4.3977,,0.8959,否
928,20贴现国债51,99.34,2.7202,1.0,2.7202,,0.1339,否
929,20平安银行CD081,97.62,3.1699,1.0,3.1699,,0.3315,否
930,18长沙高新PPN002,100.73,6.5091,1.87,6.5085,,2.3096,否
931,20阳煤CP018,98.97,5.2301,-0.62,5.2301,,0.8849,否
932,18汤山建设MTN001,100.43,3.945,-6.6,3.9501,,1.0355,否
933,19泸州窖MTN001,99.95,3.6864,-0.4,3.6847,,3.0929,否
934,18苏沙钢MTN002,100.81,4.2943,4.01,4.3,,0.7123,否
935,20徽商银行CD007,97.20,3.11,-2.99,3.11,,0.2186,否
936,18湘投MTN003,100.40,3.9029,0.65,3.9029,,0.6685,否
937,20光大银行CD099,98.45,1.9907,14.1,1.9907,,0.0656,否
938,18光明MTN001,100.56,3.32,-3.19,3.32,,0.6164,否
939,20华融湘江银行CD002,97.01,3.1596,,3.1596,,0.1175,否
940,20建德国资MTN003,99.13,4.6372,2.89,4.6224,,4.6219,否
941,18华侨城MTN003,100.99,7.4564,,7.4561,,0.863,是
942,20昌吉州CP002,99.43,4.2442,-3.14,4.2499,,0.7205,否
943,20民生银行CD549,99.24,3.09,-0.98,3.09,,0.2329,否
944,20首钢SCP007,99.61,3.5112,-3.07,3.5001,,0.3671,否
945,18河钢集MTN004,100.53,8.6091,,8.6085,,0.4164,是
946,20桂林银行CD144,96.54,3.61,1.0,3.61,,0.7534,否
947,20融和融资PPN002,98.28,4.8846,-1.56,4.8846,,2.7123,否
948,20渝兴永CP001,99.41,5.5537,0.37,5.5537,,0.8932,否
949,17海南债11,102.09,3.025,,3.025,,1.9397,否
950,20宝武集团MTN001,96.79,3.76,2.22,3.7614,,2.4548,否
951,20民生银行CD182,97.77,3.2,-0.01,3.2,,0.3836,否
952,15国开10,103.08,3.43,3.6,3.43,,4.3479,否
953,17邮储银行二级01,101.11,4.2918,0.28,4.2918,,6.2932,否
954,20华夏银行CD037,97.17,3.1872,12.74,3.1872,,0.1776,否
955,20航天电子SCP004,99.84,3.3401,-17.01,3.3401,,0.1175,否
956,20航天电子SCP005,99.73,3.5598,-24.04,3.5598,,0.1749,否
957,16冀中能源MTN001,69.30,351.5823,2175.59,373.4797,,0.1202,否
958,20滨海新城SCP003,99.74,4.1659,,4.1659,,0.2022,否
959,20国开04,99.35,3.55,4.0,3.5373,,6.1038,否
960,19金隅MTN001,100.73,4.1017,-5.66,4.0998,,3.2575,否
961,18朝阳国资MTN002,100.46,3.4843,-2.57,3.48,,0.9616,否
962,19奉化投资PPN001,99.28,4.6914,-2.89,4.6914,,3.9699,否
963,20兴业银行CD076,97.32,3.5,1.0,3.5,,0.2521,否
964,20电网SCP039,99.62,3.2099,-4.01,3.2401,,0.6247,否
965,19厦国贸MTN001,100.11,3.86,-3.57,3.8723,,1.6247,否
966,18海宁资产MTN002,101.92,4.28,,4.28,,2.9014,否
967,18东风日产汽车债01,100.41,3.6253,1.53,3.6253,,0.3562,否
968,19中信银行CD284,96.99,1.8484,-0.13,1.8484,,0.0246,否
969,19辽成大MTN002,99.56,5.14,-10.93,5.14,,1.2986,否
970,17邯郸银行二级,101.45,5.4227,-7.39,5.4225,,6.5123,否
971,19漳州交运MTN002,101.29,8.2258,-0.12,8.1861,,1.9151,是
972,20进出11,99.89,3.7525,0.5,3.7506,,9.9425,否
973,19农发03,100.05,3.1525,-0.51,3.1547,,1.3205,否
974,19九江城投PPN002,99.64,4.4004,-1.17,4.4004,,3.8575,否
975,20武汉商投MTN001,98.36,4.7237,-2.23,4.7237,,2.5233,否
976,20浏阳水利PPN001,99.54,5.4389,,5.4409,,2.2548,否
977,17孝感城投MTN001,79.17,4.2079,5.15,4.2008,,1.2548,否
978,16江门滨江PPN001,100.02,4.7489,22.82,4.7489,,0.2959,否
979,20广晟SCP005,99.71,3.6401,0.01,3.6456,,0.2767,否
980,20鲁信SCP001,100.00,2.4983,-47.21,2.4983,,0.0246,否
981,20孝感高创(疫情防控债)PPN001,99.30,6.285,-52.31,6.2857,,2.5452,否
982,19华能水电MTN004,100.21,6.4842,1.0,6.4842,,3.8959,是
983,18格力地产MTN002,100.51,5.2001,,5.2053,,0.3781,否
984,20连云港PPN006,99.44,5.2199,14.93,5.2199,,2.6548,否
985,18株洲城建MTN001,101.03,5.3055,-0.92,5.3043,,4.6247,否
986,18湘高速MTN002,100.46,3.75,-0.32,3.748,,0.9342,否
987,20余杭城建MTN001,96.61,4.15,-1.0,4.1507,,4.4301,否
988,16重庆地产MTN001,100.02,7.136,0.74,7.1354,,0.2466,是
989,20北银租赁债01,97.18,4.0,,4.0,,2.5068,否
990,20陕煤化SCP003,98.79,3.9062,0.62,3.9,,0.6712,否
991,19华融租赁债01,99.71,4.1,-10.41,4.1,,1.2438,否
992,16长沙银行二级,100.05,4.1647,1.84,4.1651,,5.4027,否
993,19株国投MTN001,100.59,4.687,0.85,4.6862,,3.0874,否
994,20阜阳投资MTN001,99.13,4.1784,-11.1,4.1776,,4.9123,否
995,20海安开投CP001,99.99,4.8617,1.0,4.8617,,0.1093,否
996,20昆山国创MTN001,96.75,4.2523,2.23,4.25,,2.389,否
997,20义乌国资MTN003,99.53,4.132,13.97,4.131,,2.6658,否
998,20滕州国资MTN001,97.95,4.2975,6.28,4.2984,,4.2158,否
999,19綦江城投MTN001,100.24,6.6291,-45.39,6.6283,,3.9918,否
1000,15神华MTN002,100.02,2.1997,,2.1997,,0.0109,否
1001,18义乌国资MTN002,100.53,3.7462,-13.97,3.7401,,0.6521,否
1002,20民生银行CD390,96.91,3.25,,3.25,,0.7342,否
1003,16东方电气MTN001,99.95,3.467,-0.84,3.467,,0.6548,否
1004,19青岛北城MTN001,100.46,3.9946,-2.54,3.9908,,1.3452,否
1005,18奥克斯MTN001,99.99,6.1501,,6.1501,,0.2822,否
1006,20建发SCP006,100.00,2.4003,-35.0,2.4003,,0.0301,否
1007,19青岛银行债03,100.22,3.53,-3.97,3.53,,1.4795,否
1008,20蓉城文化SCP002,99.74,3.795,,3.7983,,0.6164,否
1009,20北京债34,100.00,3.85,1.0,3.85,,14.8493,否
1010,19广安控股MTN001,99.47,4.0868,-4.06,4.0966,,2.0164,否
1011,18农发11,102.68,3.4,-2.0,3.4003,,4.9315,否
1012,19华侨城MTN003,99.76,6.5338,0.96,6.5336,,1.8767,是
1013,19江宁滨江PPN002,101.02,4.9732,-22.03,4.9733,,4.0328,否
1014,20淮南建发MTN003,98.50,5.3838,-0.12,5.3832,,4.9041,否
1015,14国开22,105.53,3.4,-1.11,3.4006,,3.7041,否
1016,17湖南环保PPN002,100.00,5.8254,-0.5,5.8254,,2.041,否
1017,20深圳地铁SCP005,99.86,3.3201,-4.98,3.3201,,0.3562,否
1018,20常城建SCP012,99.98,2.5491,-60.13,2.5491,,0.0273,否
1019,19豫水利MTN001,99.15,4.2785,7.85,4.2533,,3.6712,否
1020,20辽宁债32,99.77,3.42,2.8,3.42,,4.9534,否
1021,19深圳创投MTN004,99.76,3.9183,-3.48,3.9183,,1.7096,否
1022,20上海农商银行CD130,98.29,3.6199,1.0,3.6199,,0.3562,否
1023,20首钢SCP005,99.71,3.4159,-4.3,3.402,,0.2521,否
1024,20晋能CP004,98.82,5.0439,,5.049,,0.6795,否
1025,20中金集MTN001,99.38,3.7885,-12.85,3.7905,,2.1066,否
1026,17川铁投MTN001,101.87,8.0357,0.4,8.0357,,1.2822,是
1027,20交通银行CD038,97.51,3.0901,0.01,3.0901,,0.2575,否
1028,19南电MTN007,99.73,3.55,-2.0,3.55,,1.7945,否
1029,20徐州经开MTN001,96.77,4.7786,,4.78,,4.2268,否
1030,12国网债01,101.99,3.45,5.0,3.45,,1.3589,否
1031,20上饶城投PPN002,99.88,4.6221,2.0,4.6206,,2.5452,否
1032,16唐山实业MTN001,100.07,3.42,-10.02,3.4161,,0.2521,否
1033,18南通高新PPN005,100.47,4.3761,-2.41,4.3761,,2.9616,否
1034,19华电股MTN002A,100.49,6.7215,2.41,6.7215,,1.5507,是
1035,20成都香城MTN001,98.79,5.0833,-0.67,5.0845,,4.8932,否
1036,18浏阳城建MTN001,100.45,4.13,13.01,4.13,,0.2877,否
1037,18吴江城投PPN003,100.91,3.9,,3.8993,,0.9507,否
1038,18国开06,105.16,3.42,0.25,3.42,,4.3178,否
1039,12中石油05,101.64,3.44,-3.4,3.44,,1.2685,否
1040,18方洋PPN001,100.80,4.5472,,4.5472,,0.3096,否
1041,16贵州高速MTN001,100.36,3.788,-28.77,3.7843,,0.5014,否
1042,19川高速MTN001,100.43,3.72,-18.64,3.7182,,1.4164,否
1043,19甬开投MTN001,99.24,4.2,26.0,4.1993,,3.9781,否
1044,19义乌市场MTN001,100.30,3.8137,,3.8114,,1.1257,否
1045,20进出13,100.12,3.29,1.0,3.2908,,2.7425,否
1046,19中节能MTN003,99.45,3.92,1.0,3.9186,,1.8411,否
1047,20建德国资MTN002,97.83,4.7023,-0.04,4.7,,2.3918,否
1048,20民生银行CD423,99.38,1.8508,0.16,1.8508,,0.0301,否
1049,19大同煤矿MTN004,98.51,5.6964,97.38,5.6964,,1.9534,否
1050,19建发地产MTN001,100.55,3.7632,3.32,3.7632,,1.0765,否
1051,18云投MTN003,100.56,4.6001,24.01,4.6043,,0.4767,否
1052,17福建11,104.67,3.29,,3.2904,,6.6274,否
1053,17云工投MTN002,75.00,26.0683,,25.9657,,1.6575,否
1054,18陕煤化MTN003,101.22,4.4219,0.38,4.42,,2.7479,否
1055,16京汽集MTN001A,100.04,3.4766,,3.4766,,2.2356,否
1056,18河钢集MTN010,100.06,4.1736,-21.64,4.1718,,0.863,否
1057,16建安02,59.46,4.3923,0.33,4.3923,,2.7452,否
1058,20善庆ABN005优先,99.67,,,,,0.5288,否
1059,20光穗金隅ABN001优先,100.00,,,,,2.5452,否
1060,20陆金开SCP001,100.00,2.4012,1.0,2.4012,,0.0383,否
1061,16陕高速MTN001,100.04,3.4431,2.3,3.4315,,0.1257,否
1062,15济宁高新债,40.53,4.4856,-10.83,4.497,,1.3945,否
1063,20衡阳城投CP001,99.46,3.8108,-5.7,3.8023,,0.3726,否
1064,18湖北科投MTN002,100.80,9.592,4.65,9.592,,0.3233,是
1065,19铁道03,99.57,3.575,,3.575,,3.6301,否
1066,16泰州城投MTN001,99.94,3.5439,-28.71,3.5301,,0.2849,否
1067,19郑州公投MTN001,99.32,4.14,-9.0,4.14,,1.9918,否
1068,20哈尔滨投CP002,99.71,4.6208,,4.6206,,0.8904,否
1069,20兴业银行CD051,97.13,3.14,9.02,3.14,,0.1639,否
1070,19南昌水投PPN002,100.61,4.0726,,4.0726,,3.6795,否
1071,17舟山海洋MTN001,102.54,7.7923,,7.7923,,1.726,是
1072,20昆仑燃气MTN001,96.46,4.01,0.11,4.01,,2.3863,否
1073,20渤海银行CD253,98.86,1.9513,15.06,1.9513,,0.0273,否
1074,20南京银行CD095,98.55,3.1502,-10.0,3.1502,,0.1448,否
1075,19湖北科投MTN001,99.70,4.4518,,4.4509,,3.1148,否
1076,20江宁交通PPN002,100.09,4.4484,,4.4477,,2.2186,否
1077,20国药控股SCP009,99.96,3.1498,-0.04,3.1498,,0.1011,否
1078,17四川债11,103.98,3.2,1.0,3.2,,3.4575,否
1079,19福州城投MTN001,99.51,4.0615,-16.93,4.0608,,3.7041,否
1080,18阳光城MTN001,99.77,12.5683,0.74,12.5679,,0.5014,是
1081,20科学城SCP002,100.00,3.569,,3.569,,0.2932,否
1082,18越秀集团MTN006,100.83,7.0855,4.36,7.0855,,0.9589,是
1083,19红狮MTN001B,100.34,4.0506,-9.93,4.0605,,0.4164,否
1084,20锡交通SCP008,99.31,3.5818,2.7,3.5818,,0.3863,否
1085,11国开58,101.14,2.96,3.0,2.96,,0.8849,否
1086,20中石油MTN002,96.57,3.8687,-0.13,3.8687,,4.2904,否
1087,16姜堰发展债,59.63,5.5301,,5.5301,,2.4849,否
1088,19中电投MTN008A,100.19,3.58,-2.27,3.58,,1.4384,否
1089,17农发04,101.47,3.32,-3.05,3.32,,3.082,否
1090,15华能集MTN002,99.49,3.92,-12.79,3.92,,4.5096,否
1091,17泗阳专项债,80.91,6.7724,32.42,6.7724,,3.6466,否
1092,19长沙银行小微债01,100.11,3.58,-0.92,3.58,,1.9288,否
1093,17乌城投PPN001,102.07,4.0904,-15.09,4.0904,,1.6137,否
1094,16重庆债12,99.98,2.95,,2.95,,0.5014,否
1095,18山东15,100.62,2.9,5.65,2.9,,0.7644,否
1096,18宝马汽车02,100.50,3.7499,-0.48,3.7499,,0.6247,否
1097,19晋焦煤MTN003A,100.28,3.3694,-43.64,3.3681,,1.7068,否
1098,20浙小商SCP006,99.78,3.5261,-1.4,3.5261,,0.2186,否
1099,16中航租赁MTN001,99.58,3.6708,0.47,3.6708,,0.8712,否
1100,20安徽债17,95.48,3.86,1.0,3.86,,14.4822,否
1101,20中冶SCP004,99.97,2.4003,14.95,2.4003,,0.0492,否
1102,20昆山高新SCP006,99.50,3.78,-14.97,3.78,,0.3644,否
1103,20江苏银行CD202,96.74,3.37,3.0,3.37,,0.9288,否
1104,19中建材集MTN001,99.99,3.95,4.88,3.95,,3.8,否
1105,20东兴证券CP008,100.01,2.0962,9.98,2.0962,,0.0109,否
1106,20农业银行CD144,97.68,3.17,1.0,3.17,,0.663,否
1107,20交通银行CD064,97.68,3.1799,1.0,3.1799,,0.4438,否
1108,19中国银行二级01,99.26,4.0795,-0.95,4.0795,,8.7973,否
1109,16浙江债04,99.42,3.33,1.0,3.33,,5.2575,否
1110,20海宁资产MTN002,100.14,4.1988,-3.11,4.1988,,4.989,否
1111,20中国银行二级01,99.31,4.2863,0.34,4.2863,,9.789,否
1112,20桐乡城投SCP003,99.70,3.7864,-2.17,3.7907,,0.3726,否
1113,12中核债02,101.78,3.53,1.0,3.53,,1.4767,否
1114,20申万宏源CP009BC,99.90,3.8002,53.0,3.8002,,0.2104,否
1115,19中国银行CD121,97.00,1.7507,-9.9,1.7507,,0.0246,否
1116,20徽商银行CD008,97.20,3.1098,-41.03,3.1098,,0.2213,否
1117,20杭州银行CD053,97.27,3.11,-9.01,3.11,,0.2329,否
1118,20国网租赁SCP009,99.82,3.7497,-0.07,3.7497,,0.1011,否
1119,20银河证券CP011,100.01,2.2011,0.2,2.2011,,0.0219,否
1120,20交通银行CD058,97.72,3.1799,5.0,3.1799,,0.4247,否
1121,20宁河西MTN002,99.63,4.0,0.92,4.0,,2.7753,否
1122,20中信银行CD286,96.83,3.27,-6.0,3.27,,0.9233,否
1123,20河钢集CP001,99.72,4.0801,-1.01,4.0801,,0.2158,否
1124,20新滨江PPN002,100.00,6.1164,,6.1164,,2.9918,否
1125,20太湖新城SCP004,99.48,3.78,-16.99,3.78,,0.263,否
1126,20永业SCP004,99.63,3.9,0.21,3.9,,0.663,否
1127,16锦江国际MTN001,100.07,3.65,4.99,3.65,,0.4027,否
1128,20江苏紫金农商行CD150,99.19,3.3002,0.04,3.3002,,0.2301,否
1129,20江宁交通PPN001,101.22,4.668,,4.668,,2.0902,否
1130,20广晟SCP004,99.49,3.5558,7.84,3.5558,,0.3479,否
1131,20灵山SCP004,99.18,3.9499,-0.01,3.9499,,0.674,否
1132,20江苏银行CD120,96.90,3.2999,,3.2999,,0.6575,否
1133,19阜阳投资MTN001,102.03,4.27,27.11,4.27,,3.1311,否
1134,18中联重科MTN001,100.57,4.2831,-2.76,4.2831,,3.0109,否
1135,19津城建MTN008A,99.46,4.28,,4.28,,1.7863,否
1136,20民生银行CD100,97.41,3.12,-0.02,3.12,,0.2521,否
1137,20厦翔业SCP011,99.98,2.3991,-68.12,2.3991,,0.0301,否
1138,20腾越建筑SCP003,99.68,4.3213,-37.87,4.3213,,0.4384,否
1139,20广州银行CD030,97.83,3.2499,1.0,3.2499,,0.3479,否
1140,20交通银行CD062,97.69,3.1801,1.0,3.1801,,0.4329,否
1141,18华电股MTN002,100.84,7.1527,8.35,7.1527,,0.9014,是
1142,20兴业银行CD077,98.29,1.751,-4.73,1.751,,0.0082,否
1143,20武控绿色债,97.85,4.1574,,4.1574,,4.2603,否
1144,20中信银行CD008,97.17,3.1872,16.73,3.1872,,0.1776,否
1145,20天恒置业PPN003,99.93,4.3305,20.14,4.3305,,1.5452,否
1146,17营口港MTN001,101.71,4.7703,-61.59,4.7741,,1.3863,否
1147,17农发09,101.27,3.1523,-7.27,3.1523,,1.3699,否
1148,20南新工CP001,99.73,3.4501,,3.4501,,0.2932,否
1149,20苏州高新SCP025,99.32,3.5951,-10.02,3.5951,,0.6356,否
1150,20惠民建投MTN002,100.00,6.6991,-0.07,6.6991,,2.989,否
1151,20沣东控股PPN001,98.88,5.4054,42.77,5.4054,,2.8767,否
1152,20石交投MTN001,98.56,4.6228,34.89,4.6228,,4.7041,否
1153,20山东核电SCP001,99.85,3.1897,-36.02,3.1897,,0.1175,否
1154,20南浦口PPN003,97.00,5.2988,68.09,5.2988,,2.3014,否
1155,20无锡城南PPN001,98.10,5.4391,,5.4391,,2.8137,否
1156,19南京浦口PPN002,100.00,5.2354,71.23,5.2354,,1.1339,否
1157,20华夏银行CD453,99.24,3.1001,1.0,3.1001,,0.2329,否
1158,17烟台银行二级02,100.00,4.9953,,4.9953,,6.6877,否
1159,16株汽博园项目NPB01,73.58,5.546,,5.5465,,2.9068,否
1160,11附息国债10,107.63,3.2775,,3.2775,,10.389,否
1161,20华远陆港MTN002,99.14,4.3974,-10.9,4.398,,4.9123,否
1162,17乌高新MTN002,100.09,3.1588,,3.1588,,0.0383,否
1163,16苏沙钢MTN003,99.56,4.3,-4.0,4.303,,0.8685,否
1164,20中远租赁MTN001,97.14,5.1845,-1.55,5.1857,,2.4274,否
1165,20中化股SCP024,99.97,2.5799,-1.95,2.5799,,0.0601,否
1166,20粤交投SCP001,99.99,2.5793,-36.99,2.5793,,0.0219,否
1167,17车都建投MTN001,102.10,4.137,-0.31,4.14,,1.7507,否
1168,18沛县国资PPN001,100.23,5.5001,,5.5085,,0.1694,否
1169,19苏交通MTN001,101.12,3.8384,-14.1,3.8392,,3.4164,否
1170,18成都开投MTN001,100.55,3.95,-5.01,3.95,,0.2466,否
1171,19鄂州城投MTN001,100.49,4.3346,0.46,4.3335,,1.1339,否
1172,20阳煤CP019,98.06,6.5,10.0,6.5,,0.8685,否
1173,20常城建SCP008,99.41,3.6219,-8.8,3.626,,0.3753,否
1174,20宣城国资PPN002,99.99,4.9997,-0.02,4.9997,,2.9425,否
1175,16泸州窖MTN001,99.73,3.5941,-1.17,3.5974,,0.6986,否
1176,20武夷投资MTN002,98.78,4.4082,-9.6,4.4082,,4.3507,否
1177,18河钢集MTN001,100.27,4.0,-6.0,4.0087,,0.1667,否
1178,20深业MTN002,97.40,3.3175,0.94,3.3185,,4.3589,否
1179,16开乾投资MTN001,99.68,5.6321,8.06,5.6321,,0.2904,否
1180,18甬开投MTN001,100.44,4.04,4.0,4.0391,,2.9945,否
1181,19大横琴MTN001,99.85,4.1414,-1.03,4.1403,,3.9726,否
1182,20临空港投MTN001,98.96,4.5519,-2.66,4.5531,,4.8,否
1183,20交通银行CD050,97.85,3.1299,-0.01,3.1299,,0.3671,否
1184,19华发实业MTN002,101.54,7.7634,1.0,7.7634,,1.7589,是
1185,18陕煤化PPN003,100.84,4.0458,-8.13,4.0429,,0.6904,否
1186,18临空投MTN001,104.33,4.55,-2.0,4.5511,,2.4137,否
1187,19泉州台商MTN001,101.26,4.7112,1.0,4.7112,,1.8959,否
1188,20中原高速SCP002,99.98,2.8001,-39.97,2.8001,,0.0246,否
1189,15兴泸债,73.42,4.277,0.89,4.2797,,4.3753,否
1190,19山西建投MTN002,100.04,4.8034,,4.8034,,1.5507,否
1191,18越秀金融MTN004,101.15,4.002,10.01,4.0,,2.6329,否
1192,16乐山国资MTN001,79.66,4.0599,-9.59,4.0571,,0.8986,否
1193,19四川路桥MTN001,100.32,4.1566,,4.16,,1.5288,否
1194,20鄂长投MTN001,98.84,4.0241,-19.59,4.0231,,2.6411,否
1195,20京能源SCP004,99.91,3.1497,2.98,3.1497,,0.0956,否
1196,20豫高管MTN005,97.94,3.8961,5.87,3.8949,,4.5863,否
1197,18锡产业MTN003,100.41,3.5405,-1.59,3.5405,,0.3753,否
1198,20鞍钢MTN002,95.91,4.6,38.51,4.6,,2.3781,否
1199,20平安租赁CP004,99.88,3.6053,-44.47,3.6026,,0.7616,否
1200,19宣城经开PPN001,100.33,6.0843,,6.0854,,1.8027,否
1201,18光明房产MTN001,101.34,11.4264,0.84,11.4261,,0.6438,是
1202,20洪市政SCP005,99.92,2.9996,-19.99,2.9996,,0.0765,否
1203,20京基投SCP001,100.00,2.2422,,2.2422,,0.0219,否
1204,15湖北债23,100.87,3.02,,3.02,,1.6164,否
1205,16邵阳城建MTN002,99.69,4.8629,13.68,4.8516,,0.3068,否
1206,20南京银行CD130,98.39,3.5501,25.01,3.5501,,0.2767,否
1207,20广州农村商业银行CD112,98.28,3.63,,3.63,,0.3671,否
1208,19襄阳高新PPN001,100.14,4.5498,54.99,4.5498,,0.2685,否
1209,20丰台国资MTN001,97.25,4.1978,4.0,4.2,,2.4548,否
1210,19新长宁MTN002,100.13,3.9536,-4.64,3.9544,,3.5096,否
1211,18晋江城投MTN002,100.46,3.7435,-5.14,3.7446,,0.3589,否
1212,14贵州高速MTN001(5+2年期),101.97,3.9,-60.0,3.9,,0.9863,否
1213,16湘轻盐MTN002,99.64,4.1243,36.25,4.1222,,0.7123,否
1214,20北京银行CD095,96.85,3.3499,,3.3499,,0.6932,否
1215,20中信银行CD159,98.56,3.1198,-13.04,3.1198,,0.1585,否
1216,19华能集MTN003A,100.47,6.7151,0.29,6.7151,,1.5123,是
1217,19襄阳高新PPN002,100.35,4.75,-114.75,4.75,,0.7616,否
1218,17苏州经济MTN001,102.80,3.85,,3.85,,1.9151,否
1219,20重庆银行CD053,97.66,3.2399,1.0,3.2399,,0.3863,否
1220,19江北国资MTN002,101.56,4.4683,,4.4692,,3.2493,否
1221,19贵阳经开债01,100.23,7.3975,-0.68,7.3975,,5.3945,否
1222,20咸宁高新PPN003,99.51,5.9194,53.1,5.9194,,1.8,否
1223,19青岛北城MTN002,99.62,4.12,-12.65,4.12,,1.7644,否
1224,19凤城河MTN001,101.75,4.55,-1.07,4.5516,,1.6712,否
1225,18淮安开发MTN005,100.49,4.55,8.57,4.5534,,0.5973,否
1226,16云能投PPN001,99.03,5.2048,,5.2,,0.8795,否
1227,18滨江房产MTN001,100.64,3.8002,1.0,3.8002,,0.2685,否
1228,18南京滨江MTN001,100.53,4.0099,1.0,4.0099,,0.2438,否
1229,18宣城国资PPN002,101.47,4.29,,4.29,,0.9041,否
1230,18恒健MTN001,100.46,3.3002,-1.56,3.3002,,0.2466,否
1231,17济宁城投MTN001,101.64,4.1677,-28.68,4.1681,,1.3671,否
1232,19北京国资MTN001,100.19,3.554,,3.552,,1.2849,否
1233,18太钢MTN002,100.45,3.7099,,3.705,,0.4,否
1234,19汇金MTN011,99.79,3.5334,0.74,3.5317,,1.5315,否
1235,19鲁信创业MTN001,102.15,4.6904,-19.41,4.6904,,8.726,否
1236,20西安高新MTN004,98.81,4.2895,-41.27,4.2895,,4.3726,否
1237,20电建地产PPN002,99.60,4.6702,-10.44,4.6702,,4.7753,否
1238,20扬州化工CP001,99.74,4.8701,31.08,4.87,,0.2575,否
1239,20大同煤矿PPN006,97.78,6.3605,-46.21,6.3605,,2.4712,否
1240,20孝感城投CP001,99.45,3.9286,-15.08,3.9286,,0.3863,否
1241,18郑州经开PPN001,101.60,4.0199,-89.96,4.0199,,0.8959,否
1242,20郑发投资债01,99.41,4.0787,,4.0773,,6.7781,否
1243,20华菱集团SCP004,99.44,3.85,-5.68,3.8466,,0.5945,否
1244,19徽商银行01,100.13,3.405,-14.5,3.405,,1.2493,否
1245,19南京地铁绿色债01,100.33,3.88,-15.0,3.8793,,3.7836,否
1246,17苏州高新MTN001,101.23,4.6322,-2.04,4.6322,,3.3014,否
1247,20浙商银行CD084,97.60,3.3,,3.3,,0.6055,否
1248,20芜湖宜居MTN003,98.87,4.1482,20.12,4.1488,,4.9123,否
1249,19中电投MTN001A,100.27,3.1498,-0.36,3.1507,,1.1995,否
1250,20青岛银行CD053,97.64,3.2799,1.0,3.2799,,0.3836,否
1251,18格力地产MTN001,100.54,5.0221,-5.34,5.0102,,0.3233,否
1252,16苏筑富债,58.53,6.1101,-0.2,6.1101,,2.6164,否
1253,18兖矿MTN004,100.23,1.9827,-3.74,1.9862,,0.2822,否
1254,16苏沙钢MTN004,99.71,4.3,,4.2977,,0.9041,否
1255,19闽冶金MTN001,100.23,3.85,,3.85,,1.2822,否
1256,20怀化城投MTN001,100.46,6.3376,32.16,6.3389,,4.5452,否
1257,15中电投MTN002,101.01,3.58,-2.42,3.58,,1.4493,否
1258,19浦口交通PPN001,99.19,5.1865,,5.1865,,1.9973,否
1259,18台州银行小微01,100.56,3.5099,11.99,3.5117,,0.8658,否
1260,20南京高科SCP006,99.81,3.9397,1.0,3.9397,,0.1694,否
1261,20南京滨江MTN001,98.66,4.4893,-5.77,4.4893,,2.6986,否
1262,20国联SCP007,100.00,2.4997,1.0,2.4997,,0.0492,否
1263,19南京滨江MTN001,100.80,4.2808,,4.2808,,1.3068,否
1264,17国开投MTN001,101.55,3.6132,-6.68,3.6116,,1.6192,否
1265,18金融街MTN001A,100.43,4.8453,,4.838,,2.3041,否
1266,15中电投MTN004,101.27,3.62,,3.62,,1.7507,否
1267,18余杭经开PPN002,100.70,6.2449,,6.2449,,2.2986,否
1268,18六合国资MTN001,100.58,3.9,,3.9,,0.937,否
1269,20中国银行CD102,96.86,3.24,1.0,3.24,,0.9507,否
1270,19渝兴建投MTN001,101.36,4.874,75.05,4.87,,1.3041,否
1271,16镇江城建MTN002,99.64,4.7199,-0.01,4.7169,,0.6685,否
1272,19兴业绿色金融01,100.29,3.35,-2.0,3.35,,1.611,否
1273,16余杭创新MTN001,100.18,3.5474,0.62,3.5474,,0.5452,否
1274,20包钢MTN001,95.90,6.4223,-7.96,6.4223,,4.2575,否
1275,19苏国信MTN005,99.66,3.67,-9.94,3.6713,,2.0164,否
1276,20民生银行CD034,97.19,3.1201,,3.1201,,0.1776,否
1277,19宝龙MTN001,100.13,6.2999,135.6,6.2999,,0.2466,否
1278,18诚通控股MTN001,100.42,3.5999,0.47,3.6,,0.6301,否
1279,17华能MTN001,101.67,3.58,1.0,3.5784,,1.5945,否
1280,20皖国贸MTN002,99.45,4.41,16.81,4.411,,2.7397,否
1281,20西宁城投CP002,99.10,4.9957,4.3,4.9979,,0.7315,否
1282,15农发12,101.31,3.2004,3.37,3.2004,,1.4055,否
1283,20岳阳城投SCP002,99.77,3.784,,3.7699,,0.2822,否
1284,17航天城投PPN001,98.36,7.55,,7.525,,1.8877,否
1285,20招商局港SCP004,99.62,3.4,0.01,3.3953,,0.4274,否
1286,19三一MTN002,100.31,3.4567,18.03,3.4567,,1.7425,否
1287,16当阳债,60.19,4.6889,,4.6913,,2.3068,否
1288,20福清核电SCP002,99.83,3.2399,-20.03,3.2399,,0.1257,否
1289,20咸阳金控PPN001,99.69,7.574,7.4,7.5728,,4.9452,否
1290,20交通银行CD211,96.84,3.28,10.0,3.28,,0.8658,否
1291,17朝阳银行二级,99.37,5.1079,-4.51,5.1073,,7.041,否
1292,20渝兴永SCP001,99.55,5.5906,,5.5906,,0.3781,否
1293,20海宁城投(疫情防控债)CP001,99.62,3.827,,3.827,,0.2959,否
1294,20滨海新城SCP002,99.87,4.2704,17.06,4.2704,,0.112,否
1295,20贾汪城投MTN001,99.55,6.3077,32.93,6.3077,,4.4164,否
1296,18润企投资MTN001,102.24,4.984,53.85,4.984,,1.071,否
1297,19岳阳城建PPN001,100.81,4.8178,,4.8178,,3.7096,否
1298,20闽冶金SCP003,99.94,2.8498,-39.97,2.8498,,0.0519,否
1299,20宁沪高SCP022,99.49,3.2999,-14.1,3.2952,,0.3562,否
1300,20川能投MTN003,99.91,7.1624,-1.1,7.1624,,2.9288,是
1301,20中油股MTN001,97.61,3.5,1.0,3.5473,,2.337,否
1302,19鞍钢集MTN001,99.84,4.3,44.45,4.3029,,1.2104,否
1303,18顺鑫MTN001,100.89,3.9655,5.47,3.9655,,0.7315,否
1304,20肥西建投PPN001,100.99,4.3723,17.41,4.372,,2.1038,否
1305,20许昌建投PPN001,101.08,6.4528,,6.4522,,2.5452,否
1306,19赣州城投MTN001,100.50,4.2462,-0.34,4.2462,,3.2384,否
1307,20盐城交通PPN001,99.23,5.1569,,5.1569,,2.7973,否
1308,18赣高速MTN004,100.97,7.7605,,7.7605,,0.6904,是
1309,20贵州花溪农商行CD073,98.24,3.6,,3.6,,0.4986,否
1310,20永州城投PPN001,100.00,7.4989,-0.08,7.4989,,2.989,否
1311,19江铜MTN003,99.75,3.7429,,3.7429,,1.8027,否
1312,20中债增金融永续债01,97.78,4.8523,15.31,4.8523,,2.2603,是
1313,14赣高速MTN003(7年期),101.26,3.3699,-10.68,3.3699,,0.4384,否
1314,19鄂联投MTN004,101.36,7.6631,7.66,7.6631,,2.0492,是
1315,18中交三航MTN001,100.75,3.6113,,3.6113,,0.5973,否
1316,19浙资运营MTN001,100.86,3.5166,,3.5166,,1.3781,否
1317,20中铝资本SCP003,99.67,4.0439,-1.21,4.0439,,0.5014,否
1318,14铁道09,101.41,3.25,-2.61,3.25,,0.7644,否
1319,18嘉湘绿色债,103.57,4.72,,4.72,,4.3644,否
1320,19高淳经开MTN003,101.39,4.8269,,4.8269,,1.3014,否
1321,20福建35,97.07,3.6195,1.95,3.6195,,9.7233,否
1322,14新昌债01,20.30,4.1301,,4.1301,,0.8959,否
1323,19中化工MTN002,99.86,3.93,0.34,3.93,,1.5452,否
1324,19华润MTN004,100.42,3.57,1.0,3.57,,1.3781,否
1325,19陕金控债转股债01,102.30,4.3015,-10.59,4.3015,,5.4384,否
1326,20银川房投PPN001,98.89,5.4075,-20.01,5.4069,,2.4712,否
1327,17湖州城建PPN001,100.70,6.6941,0.02,6.6941,,4.0383,否
1328,15睢宁润企债,40.01,5.39,,5.39,,1.9534,否
1329,20工商银行二级01,99.35,4.281,-0.54,4.281,,9.7973,否
1330,19建安投资MTN003,100.08,4.3132,1.0,4.3108,,1.6274,否
1331,20兖矿MTN005,100.00,4.4589,-0.02,4.4589,,2.9671,否
1332,18张家直属PPN001,101.07,3.85,-5.43,3.85,,0.6904,否
1333,18城发投资PPN002,100.32,4.2447,-14.69,4.2447,,0.8,否
1334,18交通银行小微债,100.49,3.2731,-12.17,3.2731,,0.9808,否
1335,18南电MTN001,102.73,3.6278,-0.44,3.6278,,2.3452,否
1336,16浙商银行债,100.06,3.2501,-5.74,3.2501,,0.2186,否
1337,20常城建MTN003,100.80,3.9173,-29.26,3.9173,,2.9699,否
1338,20海南债23,100.78,4.0248,-0.02,4.0248,,29.811,否
1339,20青岛农商小微债01,98.78,3.6,1.0,3.6,,2.2521,否
1340,20华能新能MTN003,99.66,6.7086,-1.25,6.7086,,2.9096,是
1341,16附息国债23,97.59,3.15,1.0,3.15,,5.9068,否
1342,18国电集MTN002,100.37,3.23,-1.32,3.23,,0.3644,否
1343,20兴银3C,101.96,,,,,1.1967,否
1344,16苏新国资PPN002,99.91,4.0683,-9.71,4.0683,,0.9096,否
1345,17幸福基业MTN001,80.00,23.4292,1666.48,15.6918,,1.4575,否
1346,20潼南城投CP001,99.59,6.0049,0.49,6.0049,,0.7178,否
1347,18附息国债27,99.92,3.262,-2.7,3.2587,,7.9589,否
1348,11中铁股MTN1,100.04,3.1984,2.39,3.1984,,0.2904,否
1349,18附息国债19,102.64,3.15,3.0,3.15,,7.6904,否
1350,18相城城建MTN001,100.00,6.1865,,6.1865,,2.1749,否
1351,18新水国资MTN001,101.34,4.7058,0.61,4.7058,,0.9014,否
1352,19安吉专项债,102.60,5.9,21.91,5.9,,5.3836,否
1353,18海安动迁债03,104.91,6.1417,24.47,6.1417,,5.0383,否
1354,18中建MTN001,102.39,3.742,0.2,3.741,,2.6932,否
1355,18建发地产PPN002,100.77,3.6578,,3.6578,,0.3479,否
1356,20日照城投PPN001,98.64,5.3247,-0.04,5.3231,,4.2986,否
1357,20高速地产SCP005,99.83,4.1026,-2.73,4.1026,,0.2795,否
1358,20贴现国债48,99.38,2.6697,-1.05,2.6697,,0.0956,否
1359,16高创投资PPN001,100.97,4.51,-4.0,4.505,,0.4658,否
1360,19招商银行小微债02,99.88,3.3935,-1.4,3.3918,,1.8027,否
1361,20桂林银行CD125,96.53,3.7001,5.02,3.7001,,0.7123,否
1362,18高速路桥MTN001,101.21,4.0366,,4.0413,,0.874,否
1363,19国开12,99.92,2.9501,-0.99,2.9501,,0.6822,否
1364,18首钢MTN003,100.50,3.68,4.0,3.6778,,0.674,否
1365,18常德文旅PPN001,99.70,7.6168,,7.6156,,2.3452,否
1366,15宁波债31,100.33,3.06,,3.06,,1.9288,否
1367,20中国银行CD048,98.54,3.13,2.06,3.13,,0.1694,否
1368,17常州投资MTN001,101.77,4.045,,4.0501,,1.2158,否
1369,18浙能源MTN003,102.33,3.7819,9.12,3.7819,,2.7699,否
1370,19晋中公用MTN001,100.68,4.3616,-0.84,4.3616,,1.1284,否
1371,18南昌城投MTN001,103.08,3.97,-3.0,3.97,,2.7288,否
1372,19吴江城投PPN001,100.87,4.0559,,4.0604,,1.2603,否
1373,19中电信MTN001,100.02,3.4,-1.0,3.4,,1.1284,否
1374,18华电租赁MTN002,100.48,3.92,0.51,3.92,,1.0082,否
1375,18清控MTN001,38.20,62.548,7.96,62.839,,2.2986,否
1376,18南岸城建MTN001,103.18,4.3826,1.0,4.3813,,2.3808,否
1377,20杭州湾新PPN001,100.00,4.4796,-0.03,4.4796,,2.989,否
1378,18托克集团PPN003,100.73,5.1984,,5.1984,,0.8082,否
1379,16苏南通一带债,59.93,4.7567,4.22,4.75,,2.6027,否
1380,20南电MTN004,98.45,3.6272,-5.28,3.6301,,2.2438,否
1381,18招金MTN001,100.50,3.66,,3.66,,0.874,否
1382,20复星高科SCP003,99.59,4.5301,-2.98,4.5251,,0.5014,否
1383,17国开01,101.49,3.3314,-1.34,3.3314,,3.0902,否
1384,17丹徒建投债,82.16,4.75,,4.7484,,3.9151,否
1385,16九龙江MTN001,99.96,3.6384,,3.6199,,0.2658,否
1386,12苏交通MTN2,103.49,3.65,,3.65,,1.9945,否
1387,20潞安MTN002,91.45,7.5026,264.26,7.4513,,2.337,否
1388,18兖矿MTN001,100.33,3.79,-9.51,3.79,,0.1749,否
1389,17吴中经发MTN002,102.50,4.7798,22.57,4.7784,,3.9041,否
1390,18汇金MTN002,100.49,3.12,-1.69,3.12,,0.2795,否
1391,20中交城投MTN002,98.67,4.3024,,4.3,,2.7151,否
1392,20邵阳城投MTN002,100.25,5.874,,5.874,,2.5589,否
1393,20吉林高速MTN006,99.22,4.8813,,4.8813,,4.9096,否
1394,20日照城投PPN002,99.65,5.5795,18.72,5.578,,4.6466,否
1395,20南电MTN003,98.68,3.6271,-0.53,3.6271,,2.2213,否
1396,20孝感城投MTN002,99.46,4.55,3.43,4.535,,2.8767,否
1397,20海州湾PPN002,99.95,7.499,0.02,7.4997,,4.3123,否
1398,19中国银行小微债01,99.98,3.2659,,3.2701,,0.9945,否
1399,20山煤CP002,97.20,8.0,265.57,8.25,,0.7151,否
1400,20中建材MTN002,96.02,4.0,-10.11,4.0,,4.3534,否
1401,15锡山债,40.57,4.4063,-9.83,4.4201,,1.6164,否
1402,20荆门城建CP001,99.64,4.0927,-9.3,4.0964,,0.6986,否
1403,16渝高速MTN001,100.03,3.1999,,3.1999,,0.1148,否
1404,19浦口交通MTN001,99.65,4.5528,-24.72,4.5528,,1.8822,否
1405,20海安开投SCP003,99.57,5.1,70.33,5.1,,0.6247,否
1406,16鄂联投MTN001,99.97,3.7,,3.7,,0.2329,否
1407,20大足国资CP001,99.82,4.6499,-1.23,4.6499,,0.2158,否
1408,15京首钢MTN002,100.14,2.6999,-24.97,2.6999,,0.0601,否
1409,14孝高创债02,20.23,5.289,-26.11,5.2794,,0.7918,否
1410,20大同煤矿CP004,98.20,7.5501,212.04,7.5909,,0.3781,否
1411,20荣盛地产MTN001,100.00,7.1947,,7.1947,,2.6247,否
1412,19常德城投MTN001,102.89,4.44,25.8,4.4391,,3.537,否
1413,19渝文资MTN001,101.26,4.5794,,4.5794,,3.3644,否
1414,20金华城投SCP001,100.08,3.8575,0.76,3.8538,,0.6877,否
1415,18青岛城投PPN001,100.56,3.74,-2.68,3.7489,,0.2712,否
1416,17泰州城投MTN003,104.33,3.93,-0.25,3.9285,,2.041,否
1417,19淄博城运PPN001,100.89,4.71,,4.7094,,3.5178,否
1418,19灵山MTN001,100.86,4.5814,-7.44,4.5825,,3.0738,否
1419,20华泰证券CP009,100.01,2.2014,20.04,2.2014,,0.0191,否
1420,16南充投资MTN001,99.79,4.157,1.0,4.1535,,0.7315,否
1421,18余姚城投MTN004,101.56,8.2826,0.57,8.2831,,1.0383,是
1422,19达州投资PPN001,102.28,5.7456,,5.7478,,1.4219,否
1423,20大同煤矿SCP011,98.79,7.5,224.99,7.5474,,0.3233,否
1424,20冀国资PPN001,99.02,6.6981,,6.6973,,2.6219,否
1425,19达州投资PPN002,102.50,5.8663,,5.8682,,1.6849,否
1426,20宁波建工MTN001,98.87,7.1202,-7.96,7.12,,2.2575,是
1427,20南电MTN008,95.39,3.84,1.0,3.8393,,4.4685,否
1428,20鲁西化工SCP007,99.91,3.6678,2.82,3.6517,,0.2795,否
1429,16南京国投MTN001,99.84,3.4562,-1.78,3.4562,,0.6685,否
1430,19荆门高新MTN002,101.52,5.3483,0.07,5.3477,,1.737,否
1431,20随州城建MTN001,99.00,5.0481,,5.0481,,4.3096,否
1432,16三明城投MTN001,99.87,3.98,1.0,3.98,,0.2959,否
1433,20灵山CP001,99.71,3.8499,1.0,3.8499,,0.2767,否
1434,18黄山城投MTN001,100.58,4.3,-48.72,4.297,,1.0464,否
1435,19鲁黄金MTN008,99.64,3.7534,7.4,3.75,,1.8438,否
1436,19湘潭建设PPN003,61.50,55.6117,,55.5161,,1.3178,否
1437,20鲁西CP001,99.96,3.5134,10.32,3.4917,,0.112,否
1438,18常城建MTN003,104.95,4.0,1.0,4.0,,2.3068,否
1439,20宁河西SCP001,99.34,3.5601,-12.0,3.5537,,0.3945,否
1440,14川交投MTN001,101.99,3.65,-9.0,3.65,,1.0055,否
1441,18蓉城文化MTN001,100.99,3.8541,,3.8521,,0.7452,否
1442,18新海连MTN001,100.44,6.5658,0.57,6.5658,,2.2603,否
1443,20民生银行CD370,98.53,3.1002,-4.96,3.1002,,0.2158,否
1444,20高淳国资CP001,99.45,4.3856,60.6,4.3828,,0.9288,否
1445,18进出04,100.46,2.8999,-8.0,2.8999,,0.3178,否
1446,18华润置地MTN001,100.48,3.31,-4.0,3.31,,0.2521,否
1447,18中交建MTN001,100.75,7.0418,4.39,7.0426,,0.9753,是
1448,20苏国泰SCP004,99.73,3.9593,,3.9497,,0.2603,否
1449,20桂交投02,100.00,4.2597,,4.2597,,4.9836,否
1450,20北辰科技CP003,99.81,6.82,15.48,6.8153,,0.3096,否
1451,20贴现国债46,99.49,1.6003,-4.94,1.6003,,0.0574,否
1452,20中航租赁SCP014,100.12,3.8079,0.02,3.804,,0.6521,否
1453,20碧水源(疫情防控债)CP001,100.20,5.5174,-12.78,5.5001,,0.2795,否
1454,18川交投MTN001,100.37,3.41,-6.98,3.41,,0.1749,否
1455,20江阴国联PPN001,99.67,4.6995,,4.6995,,2.5123,否
1456,19中核MTN001,100.60,3.6702,-0.11,3.6705,,3.1448,否
1457,18厦门市政MTN001,100.27,3.1067,-19.06,3.1067,,0.1175,否
1458,17仪新区债,79.85,6.84,,6.84,,3.7068,否
1459,16农发10,99.71,3.9746,-1.59,3.9748,,15.2213,否
1460,19湘江投资MTN002,101.75,5.1556,0.56,5.16,,1.4164,否
1461,19苏州国际MTN001,101.52,3.99,24.0,3.99,,3.2849,否
1462,20天业SCP007,99.42,5.1115,,5.0993,,0.4137,否
1463,18华侨城MTN004,101.02,7.4181,,7.4189,,0.9041,是
1464,15苍南国投债,40.39,4.8499,28.0,4.8546,,1.9288,否
1465,19国电MTN003,99.76,3.635,1.0,3.635,,1.8,否
1466,20大丰海港SCP002,99.84,6.3499,10.99,6.3446,,0.4795,否
1467,18温工投MTN001,100.52,4.6201,-17.36,4.629,,0.2712,否
1468,18海淀国资MTN003,98.19,4.7846,50.37,4.7846,,3.0383,否
1469,20川高速SCP006,99.50,3.5401,7.95,3.5333,,0.3671,否
1470,19陕有色MTN002,100.40,7.1302,1.0,7.1302,,1.7014,是
1471,16长江电力MTN002,99.83,3.3462,0.01,3.3431,,0.6521,否
1472,19江东控股MTN001,100.28,4.5018,13.79,4.5,,3.7479,否
1473,20中电信息SCP006,99.99,2.6475,,2.6475,,0.0191,否
1474,14汤山建投债,20.26,4.3004,,4.3179,,0.5616,否
1475,18渝保税MTN002,100.76,5.2873,0.27,5.2884,,2.4548,否
1476,16华夏银行02,100.01,3.112,-9.94,3.112,,0.2466,否
1477,16扬中交投债02,59.36,5.8,-67.35,5.8,,2.3315,否
1478,20大足国资MTN002,99.95,5.9038,6.85,5.9038,,4.7233,否
1479,19港荣投资MTN001,100.42,4.6422,,4.6432,,3.3452,否
1480,20三一MTN003,97.08,4.3172,,4.32,,2.3671,否
1481,20汇金MTN003,98.11,3.6328,0.05,3.6314,,2.263,否
1482,20闽高速MTN001,97.16,4.2611,,4.26,,9.389,否
1483,20光大嘉宝MTN003,99.78,4.5615,6.79,4.5615,,2.9836,否
1484,20华夏幸福MTN001,97.38,6.2049,11.13,6.2042,,4.2904,否
1485,20浦口康居MTN005,99.17,4.4346,-11.55,4.4339,,3.874,否
1486,20启东城投PPN001,98.31,4.6896,-3.07,4.7047,,4.7781,否
1487,16建安债,59.91,4.4085,,4.4001,,2.2493,否
1488,18远洋控股ABN001优先,95.85,,,,,17.3671,否
1489,20平安不动MTN002,98.14,4.55,1.0,4.55,,2.874,否
1490,20浙国贸MTN001,99.61,4.3352,-0.17,4.3352,,2.8849,否
1491,20华联投资(疫情防控债)PPN001,99.91,6.5066,-1.0,6.5138,,0.3397,否
1492,20电网SCP030,99.59,3.1386,,3.1386,,0.3562,否
1493,20青岛啤酒SCP006,100.00,3.3784,-0.13,3.3784,,0.4493,否
1494,20安徽债41,99.94,3.23,,3.23,,2.8521,否
1495,16农发18,100.75,3.4208,14.4,3.4208,,5.3726,否
1496,16中电路桥MTN001,100.10,7.2281,0.81,7.2281,,0.1257,是
1497,20川高速SCP008,100.00,3.5786,-0.1,3.5786,,0.5644,否
1498,20泉州金控MTN001,97.47,3.7893,-0.13,3.7893,,4.3479,否
1499,20天恒置业PPN007,100.00,4.7698,-0.01,4.7698,,5.989,否
1500,20广州国资SCP002,99.61,3.2883,-1.16,3.2883,,0.2603,否
1501,08国债20,101.94,3.76,1.0,3.76,,17.8767,否
1502,20兴业银行CD148,97.72,3.2199,1.0,3.2199,,0.4192,否
1503,20天津债85,100.00,3.3197,-0.02,3.3287,,2.9863,否
1504,18上饶国资MTN001,100.50,6.6871,1.18,6.6871,,2.1721,否
1505,16附息国债07,99.89,2.8499,0.99,2.8499,,0.3507,否
1506,20梅山岛MTN001,99.28,4.4798,-0.02,4.4798,,2.6164,否
1507,11附息国债16,112.21,3.65,-5.0,3.65,,20.5425,否
1508,20江北新城MTN001,98.88,4.991,-5.76,4.991,,2.7178,否
1509,20前海熙和ABN001优先,99.43,,,,,0.4822,否
1510,19包钢MTN002,99.69,6.5833,-125.47,6.5825,,3.6137,否
1511,19包钢MTN001,100.02,6.0778,-31.3,6.077,,3.3726,否
1512,12启东债,31.32,4.1069,-17.31,4.1035,,1.9534,否
1513,20银海租赁SCP001,99.72,5.8393,,5.8393,,0.4603,否
1514,17扬州经开MTN005,103.15,8.6979,-2.2,8.6971,,1.674,是
1515,20佛燃能源SCP003,99.76,3.6299,-0.01,3.6299,,0.5315,否
1516,20漳州交运MTN001,100.10,7.2619,-8.13,7.2619,,1.8082,是
1517,20闽电子MTN002,101.37,4.9661,-4.25,4.9661,,2.8521,否
1518,20太湖新城MTN002,99.55,3.9649,-4.05,3.9649,,2.9096,否
1519,18泉州台商MTN003,106.00,4.5004,-26.64,4.4995,,2.8466,否
1520,19开滦MTN002,100.23,4.3614,19.73,4.3566,,0.5123,否
1521,19龙岩投资MTN001,102.52,4.4169,-52.69,4.4149,,1.2849,否
1522,20阳煤MTN004,96.86,5.3488,50.99,5.3499,,2.474,否
1523,20漳州经发MTN001,98.94,4.1701,,4.1701,,4.3096,否
1524,20锦江国际MTN001,98.17,3.4698,-32.8,3.4698,,2.4356,否
1525,11附息国债05,107.84,3.7525,,3.7525,,20.2158,否
1526,20南电MTN001,99.59,3.505,-9.8,3.505,,2.0929,否
1527,19进出06,100.26,3.18,1.0,3.18,,1.4877,否
1528,16渝新梁债,51.44,14.993,-863.27,15.1351,,2.7178,否
1529,19海陵资产PPN002,101.86,5.9363,1.63,5.9363,,1.3014,否
1530,20深圳债43,97.55,3.405,,3.405,,6.4466,否
1531,17鲁宏桥MTN003,89.60,16.046,-1933.29,16.046,,1.1175,否
1532,20新都香城MTN001,101.12,5.3714,-130.74,5.3714,,4.6384,否
1533,20万华化学SCP003,99.95,2.6291,,2.6291,,0.0492,否
1534,20宝钢SCP023,99.74,3.2501,97.02,3.2501,,0.2712,否
1535,20大唐租赁SCP001,100.00,2.5916,-1.97,2.5916,,0.0109,否
1536,18首创置业MTN001,101.15,10.592,-0.14,10.592,,0.5315,是
1537,20靖江城投SCP005,99.87,4.7,,4.7,,0.5507,否
1538,19江门滨江PPN003,101.42,5.2449,-25.51,5.2449,,2.0464,否
1539,20中储发展SCP003,99.99,3.202,1.0,3.202,,0.0219,否
1540,20广东债64,94.75,3.54,3.05,3.54,,9.4301,否
1541,20三峡GN001,98.51,3.63,1.0,3.63,,2.2411,否
1542,19科学城MTN002,99.71,3.88,-14.0,3.88,,2.0273,否
1543,20武汉工业SCP002,99.91,3.9896,-16.07,3.9896,,0.1066,否
1544,19东风日产汽车债01,99.94,3.7579,-3.21,3.7579,,1.2658,否
1545,19青岛01,100.38,3.2096,-2.04,3.2096,,3.1448,否
1546,19沪港务MTN001,99.78,3.555,-2.41,3.555,,1.2658,否
1547,18海运集装MTN002,100.98,7.6166,-0.08,7.6166,,0.8849,是
1548,20浙商资产PPN004,99.97,4.1383,-5.84,4.1383,,0.7123,否
1549,18科学城PPN001,100.77,3.7366,-21.94,3.7366,,0.3616,否
1550,18广汽商贸MTN001,100.47,3.98,-2.01,3.98,,0.9616,否
1551,19宜春交通MTN002,101.49,5.1373,0.57,5.1363,,3.3836,否
1552,20嘉兴商务SCP001,99.78,4.3221,,4.3221,,0.1257,否
1553,19附息国债08,100.86,3.96,-0.5,3.96,,48.5452,否
1554,18上汽通用债02,100.42,3.6,-0.42,3.6,,0.9699,否
1555,16国开05,98.06,3.9725,-0.15,3.9725,,15.1339,否
1556,17老河口债,79.36,6.88,,6.88,,3.6904,否
1557,20天地源PPN001,99.98,7.98,-34.42,7.98,,2.9425,否
1558,17黄岩债02,81.49,5.3,30.95,5.3,,3.7699,否
1559,15附息国债02,100.49,2.9074,18.74,2.9074,,1.1257,否
1560,18宁波16,101.00,3.2,,3.2,,2.9562,否
1561,14国开10,100.86,2.9,-9.0,2.9,,0.3342,否
1562,20广州高新PPN001,99.28,4.4454,-0.03,4.4454,,4.8548,否
1563,20北京银行CD102,97.07,3.0,-10.02,3.0,,0.7315,否
1564,20兴业银行CD356,97.05,3.05,-29.99,3.05,,0.7205,否
1565,16神华MTN003,99.90,3.3499,-2.6,3.3499,,0.674,否
1566,18豫高管MTN003,100.45,3.5601,-9.0,3.5601,,0.389,否
1567,18豫高管MTN001,100.48,3.45,-25.02,3.45,,0.2685,否
1568,20首创集MTN002,100.14,3.7365,-0.23,3.7365,,2.8685,否
1569,20巩义国资MTN001,98.80,3.9986,0.03,3.9986,,2.3151,否
1570,19中电投MTN012A,99.93,3.586,-1.4,3.586,,1.5753,否
1571,19中节能GN001,100.09,4.0848,-11.66,4.0848,,3.9781,否
1572,18中信银行二级02,101.59,4.5533,-0.13,4.5533,,7.874,否
1573,18附息国债02,100.13,2.4997,1.0,2.4997,,0.1339,否
1574,19鲁能源MTN001,99.76,4.02,3.68,4.02,,1.6521,否
1575,20常城建SCP011,99.39,3.6299,1.99,3.6299,,0.3726,否
1576,18冀中能源PPN001,68.00,378.2017,37204.59,378.2017,,0.1175,否
1577,19大唐租赁PPN002,100.34,4.2921,,4.2921,,1.9534,否
1578,20万州经开MTN001,99.54,5.8067,0.51,5.8067,,4.5808,否
1579,20隆博投资MTN001,99.24,6.382,0.97,6.382,,4.6849,否
1580,20西安哄MTN001,99.84,7.0292,0.96,7.0292,,4.6795,否
1581,19晋江建投PPN001,100.57,4.2506,10.43,4.2506,,1.1066,否
1582,20甘公投PPN001,96.98,4.9,,4.9,,4.2521,否
1583,19永州城投PPN001,103.68,5.2118,6.5,5.2118,,1.7562,否
1584,20长沙水业MTN001,99.24,8.2497,-8.86,8.2497,,2.9041,是
1585,20江宁经开MTN003,99.49,4.1744,-4.76,4.1744,,4.9342,否
1586,20泰州城投PPN003,99.65,4.3659,-8.92,4.3659,,2.9315,否
1587,20蓉经开CP001,99.88,4.0924,-10.4,4.0924,,0.811,否
1588,20桐庐国资CP002,99.58,4.2963,51.15,4.2963,,0.811,否
1589,20长江出版(疫情防控债)MTN001,98.13,3.918,15.06,3.918,,4.2959,否
1590,19湘环科园PPN001,100.94,6.0627,-1.11,6.0627,,3.2877,否
1591,20大同煤矿PPN007,98.39,5.6834,1.4,5.6834,,2.3671,否
1592,16晋能MTN002,102.11,9.0534,0.29,9.0534,,0.811,是
1593,20民生银行CD195,97.78,3.1499,-15.02,3.1499,,0.3945,否
1594,19濮阳投资MTN001,100.12,5.2484,-6.42,5.2479,,3.4192,否
1595,20大同煤矿PPN003,98.87,5.7424,-1.66,5.7424,,2.2268,否
1596,20东北证券CP008,100.00,3.3088,-0.09,3.3088,,0.2384,否
1597,20钟楼经开CP001,100.02,4.2019,-24.81,4.2019,,0.112,否
1598,19世园投资MTN001,99.79,4.5602,-3.14,4.5602,,2.0082,否
1599,20武清国资CP002,99.16,5.436,-41.4,5.436,,0.9233,否
1600,20钟楼新城SCP003,99.54,4.9022,1.18,4.9022,,0.3836,否
1601,20池州建设CP001,99.44,5.0748,3.37,5.0748,,0.2795,否
1602,20新开元CP001,99.91,5.2579,0.03,5.2579,,0.7425,否
1603,20潍坊滨投SCP003,99.59,4.8199,-10.04,4.8199,,0.4767,否
1604,20武夷投资MTN003,99.25,4.7264,0.21,4.7264,,4.7425,否
1605,16大连万达MTN001,99.66,4.7189,3.39,4.7189,,0.3068,否
1606,16兰州城投PPN003,99.85,4.2526,-18.43,4.2526,,0.8411,否
1607,19阳煤PPN009,99.27,6.0436,150.33,6.0436,,1.7041,否
1608,19晋能PPN002,100.26,5.5674,77.2,5.5674,,1.5068,否
