399006,2015/2/25,1899.39,1909.65,1872.1,1876.75,110768.94,2940992.74,-0.927
399006,2015/2/26,1875.33,1891.78,1847.73,1880.39,102161.34,2757750.68,0.1941
399006,2015/2/27,1880.63,1928.04,1880.63,1928.04,115913.98,3307566.32,2.5344
399006,2015/3/2,1944.11,1987.8,1940.32,1986.99,157404.68,4455958,3.0571
399006,2015/3/3,1987.33,2004.03,1961.01,1961.74,160736.68,4521941.85,-1.2704
399006,2015/3/4,1960.54,2011.08,1960.54,2009.83,136391.78,3876250.72,2.4511
399006,2015/3/5,2015.7,2032.22,1997.46,2014.79,137292.81,4049795.87,0.2467
399006,2015/3/6,2016.81,2018.18,1949.29,1951.4,116809,3302880.11,-3.1461
399006,2015/3/9,1941.42,1996.9,1932.82,1994.39,99241.77,3003866.81,2.2031
399006,2015/3/10,2001.19,2048.3,2001.19,2045.32,115135.62,3478136.74,2.5538
399006,2015/3/11,2050.76,2054.77,2022.32,2035.83,121210.49,3651895.69,-0.4641
399006,2015/3/12,2034.62,2054.39,1984.91,2018.13,125541.52,3647406.55,-0.8693
399006,2015/3/13,2020.66,2070.95,2011.17,2069.07,114541.4,3328925.92,2.5241
399006,2015/3/16,2088.2,2144.78,2088.2,2142.67,156090.52,4790334.49,3.5572
399006,2015/3/17,2149.37,2164.49,2117.78,2137.46,154886.7,4658478.67,-0.2432
399006,2015/3/18,2138.37,2186.02,2124.98,2182.92,146153.47,4372951.74,2.1267
399006,2015/3/19,2184.76,2192.55,2160.99,2183.88,131732.62,3941344.58,0.0439
399006,2015/3/20,2187.47,2232.08,2187.01,2213.77,149700.5,4636144.57,1.3686
399006,2015/3/23,2225.85,2293.92,2221.71,2293.65,160632.79,5222667.82,3.6085
399006,2015/3/24,2310.51,2363.06,2253.2,2357.97,197951.34,6757221.47,2.8043
399006,2015/3/25,2364.94,2405.56,2344.11,2385.01,171058.96,6034214.24,1.147
399006,2015/3/26,2362.45,2370.3,2270.79,2291.79,169200.02,6029743.49,-3.9088
399006,2015/3/27,2274.68,2326.42,2267.87,2323.82,121113.99,4223571.12,1.3976
399006,2015/3/30,2319.31,2332.6,2266.85,2290.48,121965.94,4105089.47,-1.4348
399006,2015/3/31,2294.32,2358.21,2288.31,2335.17,128662.58,4480438.1,1.9513
399006,2015/4/1,2347,2407.49,2345.75,2404.91,129039.92,4611310.33,2.9864
399006,2015/4/2,2434.76,2475.33,2420.19,2475.33,155628.04,5758534.75,2.928
399006,2015/4/3,2469.85,2515.58,2460.94,2510.16,149098.77,5680791.93,1.4073
399006,2015/4/7,2530.07,2557.87,2522.26,2556.7,149801.78,5773331.02,1.854
399006,2015/4/8,2566.94,2568.09,2442.82,2488.16,168810.4,6396305.28,-2.6808
399006,2015/4/9,2481.69,2501.3,2346.89,2496.49,164356.1,6050625.38,0.3347
399006,2015/4/10,2475.56,2567.68,2457.82,2552.83,137922.07,5418345.99,2.2569
399006,2015/4/13,2558.19,2596.92,2545.26,2577.78,154158.18,6004793.47,0.9772
399006,2015/4/14,2584.59,2593.7,2539.94,2558.85,146532.3,5691522.37,-0.7343
399006,2015/4/15,2548.99,2548.99,2441.74,2441.74,142759.99,5407874.15,-4.5766
399006,2015/4/16,2420.93,2532.31,2407.85,2484.33,125568.9,4753806.34,1.7443
399006,2015/4/17,2507.47,2511.98,2453.28,2463.99,139503.62,5062338.21,-0.8187
399006,2015/4/20,2462.41,2493.2,2411.34,2424.85,140854.98,4920706.49,-1.5886
399006,2015/4/21,2443.12,2566.09,2443.12,2566.09,133708.84,4999274.54,5.8248
399006,2015/4/22,2610.74,2655.37,2610.74,2634.93,156180.92,5953376.79,2.6827
399006,2015/4/23,2656.18,2718.26,2656.18,2706.19,156895.21,6194860.65,2.7042
399006,2015/4/24,2689.91,2747.62,2672.2,2734.75,146805.74,5896895.65,1.0555
399006,2015/4/27,2781.6,2806.76,2737.15,2747.5,136420.36,5546605.21,0.4661
399006,2015/4/28,2764.41,2779.2,2650.43,2687.97,144165.97,5517276.03,-2.1664
399006,2015/4/29,2693.48,2798.52,2674.76,2797.52,138906.35,6186607.83,4.0756
399006,2015/4/30,2825.16,2918.75,2825.16,2857.89,152672.43,6569170.12,2.1578
399006,2015/5/4,2868.1,2884.44,2803.82,2845.25,132148.81,5675128.77,-0.4422
399006,2015/5/5,2830.79,2845.71,2753.87,2783.44,119425.83,4949214.24,-2.1724
399006,2015/5/6,2806.3,2927.03,2806.3,2846.56,148064.4,6505866.59,2.2675
399006,2015/5/7,2824.82,2879.68,2801.47,2806.05,123716.5,5255057.63,-1.4232
399006,2015/5/8,2838.97,2974.37,2838.97,2973.6,169310.98,6917109.32,5.971
399006,2015/5/11,3015.43,3150.49,2991.33,3146.83,211118.59,9133956.63,5.8257
399006,2015/5/12,3176.54,3254.99,3133.96,3250.3,207180.39,9175773.74,3.2879
399006,2015/5/13,3185.34,3271.18,3123.92,3192.15,195554.84,8670053.17,-1.789
399006,2015/5/14,3174.45,3228.03,3137.28,3141.59,182147.79,8017020.3,-1.5837
399006,2015/5/15,3109.11,3176.12,3059.86,3145.34,162787.42,6589268.83,0.1191
399006,2015/5/18,3178.37,3286.41,3178.37,3278.48,165795.59,7197735.21,4.2332
399006,2015/5/19,3310.09,3340.42,3206.78,3322.77,164846.13,7205836.08,1.351
399006,2015/5/20,3339.17,3471.95,3339.17,3406.28,184836.25,8086122.78,2.5133
399006,2015/5/21,3421.61,3531.84,3421.45,3527.41,179867.36,8080592.75,3.556
399006,2015/5/22,3594.59,3618.24,3438.57,3516.63,229578.69,10027733.62,-0.3058
399006,2015/5/25,3415.67,3499.54,3370.84,3467.92,177471.91,7523202.66,-1.3852
399006,2015/5/26,3471.8,3619.49,3471.8,3618.23,187966.95,8302794.45,4.3344
399006,2015/5/27,3638.21,3662.98,3546.58,3628.67,199335.55,8905509.57,0.2886
399006,2015/5/28,3618.34,3677.33,3432.98,3432.98,204395.82,9110836.01,-5.3929
399006,2015/5/29,3444.06,3595.17,3328.46,3542.84,173687.77,7624951.8,3.2002
399006,2015/6/1,3580.08,3722.86,3580.08,3718.75,156868.13,7363276.09,4.9652
399006,2015/6/2,3757.1,3912.48,3756.09,3901.54,184361.32,8768315.71,4.9154
399006,2015/6/3,3949.28,4011.04,3838.22,3982.25,191030.64,9630706.61,2.0686
399006,2015/6/4,3991.8,4015.2,3695.83,3943.47,182156.44,9161572.17,-0.9739
399006,2015/6/5,3994.44,4037.96,3841.42,3885.83,181247.38,8722857.85,-1.4615
399006,2015/6/8,3862.8,3862.8,3643.04,3704.55,178726.56,7970285.8,-4.6651
399006,2015/6/9,3664.37,3793.37,3633.72,3705.54,162510.63,6942657.08,0.0265
399006,2015/6/10,3695.06,3876.85,3676.76,3834.7,175710.79,7425747.45,3.4857
399006,2015/6/11,3843.98,3884.37,3815.06,3862.14,178075.37,7333323.19,0.7155
399006,2015/6/12,3889.16,3922.7,3850.59,3899.71,179903.47,7721965.02,0.9727
399006,2015/6/15,3919.36,3919.36,3688.89,3696.03,189185.33,7976570.24,-5.2229
399006,2015/6/16,3636.79,3669.82,3475.35,3590.67,184332.78,7659000.33,-2.8506
399006,2015/6/17,3586.37,3754.37,3511.11,3741.36,170176.93,7168139.13,4.1967
399006,2015/6/18,3734.91,3752.18,3497.73,3504.55,158202.56,6680400.03,-6.3293
399006,2015/6/19,3408.53,3476.03,3304.65,3314.98,160488.59,6164236.32,-5.4095
399006,2015/6/23,3314.89,3397.27,3154.6,3393.94,163325.55,6108583.7,2.382
399006,2015/6/24,3425.57,3459.46,3304.67,3383.4,158311.77,6061959.37,-0.3104
399006,2015/6/25,3403.63,3408.23,3172.37,3206.38,153867.43,5835837.72,-5.2321
399006,2015/6/26,3078.4,3078.4,2915.94,2920.7,146021.58,4860830.29,-8.9097
399006,2015/6/29,2943.5,2950.13,2663.44,2689.76,169872.13,5348611.09,-7.9071
399006,2015/6/30,2566.02,2875.09,2485.46,2858.61,239357.44,7468145.37,6.2774
399006,2015/7/1,2842.17,3008.19,2743.61,2759.41,230905.69,8299220.84,-3.4702
399006,2015/7/2,2756.25,2825.15,2591.05,2649.32,204052.33,6756273.73,-3.9897
399006,2015/7/3,2559.03,2788.76,2458.29,2605.28,223003.58,7073425.61,-1.6623
399006,2015/7/6,2795.67,2795.67,2417.56,2493.83,236718.07,7422534.41,-4.2778
399006,2015/7/7,2398.1,2415.68,2350.97,2352.01,98919.03,2820914.06,-5.6868
399006,2015/7/8,2304.76,2364.08,2304.76,2364.05,158283.11,4243004.69,0.5119
399006,2015/7/9,2338.11,2435.76,2338.11,2435.76,93490.42,3326996.38,3.0332
399006,2015/7/10,2487.39,2535.89,2478.87,2535.89,69578.66,3194386.68,4.111
399006,2015/7/13,2612.77,2683.07,2592.2,2683.07,111658.5,5454587.71,5.8041
399006,2015/7/14,2725.04,2827.55,2715.98,2726.05,155345.61,6334936.91,1.6017
399006,2015/7/15,2750.66,2750.66,2583.46,2590.03,221882.41,7084719.18,-4.9895
399006,2015/7/16,2526.65,2698.16,2439.24,2627.08,218951.41,6378489.44,1.4303
399006,2015/7/17,2651.44,2805.8,2646.5,2783.32,203539.27,6457014.92,5.9476
399006,2015/7/20,2820.72,2907.15,2777.91,2848.3,249733.19,8375848.33,2.3346
399006,2015/7/21,2802.02,2917.41,2779.53,2882.9,205763.28,7072698.85,1.2145
399006,2015/7/22,2882.06,2932.06,2828.45,2897.37,211168.64,7039519,0.5021
399006,2015/7/23,2896.25,2969.35,2864.43,2967.95,204532.51,6837184.32,2.436
399006,2015/7/24,2976.94,3014.18,2879.26,2897.82,226858.82,7760624.5,-2.3628
399006,2015/7/27,2822.37,2924.08,2683.05,2683.45,230629.17,7678376.65,-7.3979
399006,2015/7/28,2546.41,2705.18,2492.19,2581.96,254865.83,7375632.88,-3.7819
399006,2015/7/29,2617.94,2693.99,2483.92,2693.87,230280.1,6786749.67,4.334
399006,2015/7/30,2671.46,2707.76,2556.09,2561.19,201077.67,6200292.72,-4.925
399006,2015/7/31,2507.27,2605.34,2499.25,2539.84,167123.47,5052974.85,-0.8335
399006,2015/8/3,2475.33,2494.8,2371.48,2399.27,184990.53,5197983.51,-5.5346
399006,2015/8/4,2396.41,2546.16,2380.28,2546.16,175779.14,4933168.25,6.1222
399006,2015/8/5,2542.27,2584.19,2480.45,2502.04,182454.28,5182779.81,-1.7328
399006,2015/8/6,2441.96,2517.99,2430.53,2480.93,121426.14,3380955.53,-0.8439
399006,2015/8/7,2509.96,2586.53,2505.27,2576.99,155533.7,4817484.85,3.8722
399006,2015/8/10,2606.74,2726.9,2593.41,2706.72,182395.45,6016571.51,5.034
399006,2015/8/11,2705.04,2747.83,2675.15,2698.91,180267.7,6113704.62,-0.2884
399006,2015/8/12,2658.84,2700.4,2622.19,2622.19,138644.86,4539220.41,-2.8428
399006,2015/8/13,2608.74,2684.26,2578.91,2684.26,136167.38,4309765.03,2.3671
399006,2015/8/14,2713.78,2725.47,2664.42,2674.02,150870.68,4768222.24,-0.3813
399006,2015/8/17,2665.37,2676.72,2613.78,2666.29,134886.86,4201746.15,-0.2893
399006,2015/8/18,2674.42,2720.58,2488.61,2504.17,191597.73,5977653.64,-6.0802
399006,2015/8/19,2427.94,2584.36,2359.17,2570.69,167621.95,4882332.04,2.6563
399006,2015/8/20,2556.77,2610.9,2508.35,2508.82,149969.65,4545147.29,-2.4069
399006,2015/8/21,2452.62,2480.68,2340.92,2341.95,131408.44,3759990.25,-6.6511
399006,2015/8/24,2222.54,2246.55,2152.61,2152.61,97255.34,2469885.21,-8.0847
399006,2015/8/25,1996.04,2048.03,1987.12,1990.71,120507.57,2788183.45,-7.5215
399006,2015/8/26,1975.92,2044.66,1875.03,1890.04,193396.83,4366126.52,-5.057
399006,2015/8/27,1924.78,1959.98,1843.19,1959.49,179049.61,3886073.52,3.675
399006,2015/8/28,1990.35,2086.87,1960.39,2082.12,190471.24,4434570.93,6.2582
399006,2015/8/31,2056.29,2058.85,1987.58,1996.87,144765.17,3415684.77,-4.0948
399006,2015/9/1,1959.46,1959.46,1877.36,1889.49,140930.49,3177635.85,-5.3771
399006,2015/9/2,1787.71,1953.91,1779.18,1855.03,172593.6,3607661.87,-1.8237
399006,2015/9/7,1882.86,1953.4,1878.26,1893.52,165689.97,3420803.07,2.0748
399006,2015/9/8,1875.67,2004.81,1859.21,2001.16,158139.31,3253780.77,5.6844
399006,2015/9/9,2023.31,2102.23,2017.1,2071.72,220268.72,5114960.41,3.526
399006,2015/9/10,2030.03,2078.42,2024.89,2039.12,143923.33,3222529.16,-1.5735
399006,2015/9/11,2039.01,2084.05,2029.81,2060.51,125326.79,2874683.3,1.0488
399006,2015/9/14,2068.2,2075.67,1905.2,1906.21,128748,2829317.59,-7.488
399006,2015/9/15,1843.23,1892.81,1794.29,1797.56,126428.25,2492211.93,-5.7001
399006,2015/9/16,1813.73,1928.78,1808.75,1926.25,136492.38,2793419.56,7.159
399006,2015/9/17,1943.29,2020.55,1922.8,1933.3,179740.47,3927361.39,0.3661
399006,2015/9/18,1948.12,1995.5,1922.14,1983.3,145018.13,3074108.54,2.5863
399006,2015/9/21,1950.33,2080.22,1945.35,2079.06,171435.02,3793828.48,4.8284
399006,2015/9/22,2082.34,2108.56,2042.13,2078.72,183123.47,4159426.71,-0.0164
399006,2015/9/23,2039.49,2103.22,2036.06,2077.99,149226.06,3320324.49,-0.035
399006,2015/9/24,2090.56,2130.47,2084.31,2106.59,175534.74,3922577.36,1.3765
399006,2015/9/25,2091.85,2106.95,2002.45,2020.97,155077.84,3322326.33,-4.0645
399006,2015/9/28,2024.89,2124.06,2007.92,2122.26,143088.72,3194926.62,5.0117
399006,2015/9/29,2089.54,2135.51,2075.97,2098.57,152041.86,3424849.36,-1.1163
399006,2015/9/30,2111.99,2124.29,2049.43,2082.67,113516.4,2634671.23,-0.7574
399006,2015/10/8,2153.12,2210.04,2138.54,2190.31,168811.07,3912294.04,5.1683
399006,2015/10/9,2190.84,2230.03,2184.55,2216.66,171078.23,3988648.62,1.2028
399006,2015/10/12,2233.61,2344.21,2232.27,2316.78,213558.23,5329721.28,4.517
399006,2015/10/13,2297.93,2351.52,2290.64,2342.04,178962.83,4503531.95,1.0902
399006,2015/10/14,2330.08,2350.59,2295.6,2305,178113.37,4516422.25,-1.5814
399006,2015/10/15,2300.62,2406.21,2296.8,2404.53,210027.99,5440380.28,4.318
399006,2015/10/16,2424.62,2452.94,2401.09,2449.03,221289.34,5977620.48,1.8505
399006,2015/10/19,2465.11,2466.48,2398.34,2433.6,201477.93,5596703.82,-0.6301
399006,2015/10/20,2430.18,2520.08,2427.78,2511.16,210953.75,5706849.4,3.1873
399006,2015/10/21,2504.78,2527.77,2335.66,2344.74,265260.39,7134202.67,-6.6274
399006,2015/10/22,2355.16,2465.1,2355.16,2458.14,220927.27,6189092.27,4.8363
399006,2015/10/23,2488.31,2549.76,2461.49,2538.38,252694.89,7279297.44,3.2645
399006,2015/10/26,2570.13,2570.13,2481.59,2527.48,246606.39,7066479.71,-0.4296
399006,2015/10/27,2497.16,2586.95,2423.6,2563.96,209361.67,6212859.59,1.4434
399006,2015/10/28,2551.7,2583.82,2473.47,2485.24,190120.51,5862281.34,-3.0704
399006,2015/10/29,2504.85,2528.7,2436.78,2485.28,140514.44,4347384.61,0.0016
399006,2015/10/30,2475.23,2534.47,2439.16,2478.28,174087.15,5130012.45,-0.2816
399006,2015/11/2,2416.1,2513.32,2408.78,2432.04,158400.41,4589302.27,-1.8658
399006,2015/11/3,2444.05,2461.33,2407.55,2429.27,136465.97,4027368.47,-0.1138
399006,2015/11/4,2451.23,2584.32,2451.23,2584.32,228279.65,6628151.38,6.3825
399006,2015/11/5,2587.82,2630.83,2542.85,2564.72,258092.08,7725773.43,-0.7582
399006,2015/11/6,2571.66,2666.4,2571.66,2661.41,241493.7,7129602.9,3.77
399006,2015/11/9,2653.31,2747.79,2612.26,2724.62,257984.48,7997625.94,2.3749
399006,2015/11/10,2710.9,2783.12,2700.29,2746.61,241611.9,7179907.8,0.8071
399006,2015/11/11,2738.58,2806.54,2730.52,2804.68,276550.98,7381860.98,2.1142
399006,2015/11/12,2818.57,2827.71,2743.26,2783.3,283109.4,8309474.19,-0.7623
399006,2015/11/13,2751.39,2772.82,2681.61,2710.16,250011.47,6821812.16,-2.6277
399006,2015/11/16,2656.57,2797.16,2654.64,2797.16,209744.44,5908275.38,3.2102
399006,2015/11/17,2834.98,2847.9,2711.58,2717.05,281197.38,8292363.09,-2.864
399006,2015/11/18,2727.61,2741.33,2655.06,2661.17,196463.66,5684460.05,-2.0569
399006,2015/11/19,2678.36,2770.75,2676.76,2770.75,225639.38,6419754.12,4.118
399006,2015/11/20,2783.04,2817.96,2757.84,2800.15,288886.96,7968300.96,1.061
399006,2015/11/23,2797.12,2839.84,2759.31,2770.58,258396.69,7279308.4,-1.0561
399006,2015/11/24,2767.72,2816.05,2739.52,2816.05,194672.64,5739610.7,1.6412
399006,2015/11/25,2813.51,2906.8,2806.82,2897.57,247058.78,7810733.03,2.8949
399006,2015/11/26,2911.85,2915.95,2831.38,2833.2,237594.84,7378987.96,-2.2216
399006,2015/11/27,2819.36,2844.05,2629.13,2649.55,244038.52,7112493.12,-6.482
399006,2015/11/30,2658.97,2687.05,2507.38,2672.58,222061.95,6213117.59,0.8692
399006,2015/12/1,2669.3,2700.35,2621.17,2655.35,171040.21,4743463.65,-0.6449
399006,2015/12/2,2653.24,2660.12,2525.34,2613.26,159002.86,4283734.7,-1.5848
399006,2015/12/3,2622.49,2710.81,2622.49,2708.12,170652.82,5098524.45,3.6299
399006,2015/12/4,2702.56,2749.18,2679.35,2692.16,178446.33,5708464.78,-0.5894
399006,2015/12/7,2699.34,2751.24,2687.02,2738.15,164200.46,4830913.49,1.7082
399006,2015/12/8,2723.62,2731.72,2678.66,2691.66,187051.72,5310432.38,-1.6979
399006,2015/12/9,2677.59,2699.64,2650.45,2667.91,161545.45,4600864.99,-0.8822
399006,2015/12/10,2665.28,2729.24,2663.37,2695.51,163277.33,5023172.47,1.0343
399006,2015/12/11,2686.31,2701.69,2666.89,2671.29,136434.33,4085317.46,-0.8983
399006,2015/12/14,2642.82,2709.27,2622.47,2709.27,133830.07,4106994.77,1.4215
399006,2015/12/15,2718.25,2764.8,2718.25,2745.7,144592.21,4483513.37,1.3448
399006,2015/12/16,2760.26,2789.28,2749.8,2763.11,150838.48,4644612.65,0.6342
399006,2015/12/17,2784.97,2835.7,2784.97,2835.7,200559.6,6061614.24,2.627
399006,2015/12/18,2836.92,2850.69,2801.64,2830.26,178248.95,5632792.58,-0.1919
399006,2015/12/21,2825.32,2836.61,2800.35,2829.92,149372.93,4665354.03,-0.0119
399006,2015/12/22,2836.96,2849.36,2811.61,2839.85,131345.17,4047430.61,0.3509
399006,2015/12/23,2845.43,2848.83,2779.93,2783.94,162471.76,4849739.86,-1.9688
399006,2015/12/24,2775.98,2801.57,2735.97,2795.78,132410.42,3933699.24,0.4252
399006,2015/12/25,2807.51,2820.53,2777.46,2794.73,121620.59,3728900.82,-0.0376
399006,2015/12/28,2809.52,2823.75,2735.49,2735.49,154976.76,4607137.67,-2.1199
399006,2015/12/29,2732.55,2749.82,2710.2,2749.82,127693.7,3773486.07,0.5241
399006,2015/12/30,2758.25,2781.84,2749.29,2779.51,135128.55,4055718.03,1.0797
399006,2015/12/31,2780.54,2785.66,2713.69,2714.05,129586.32,3819642.54,-2.3553
399006,2016/1/4,2706.28,2710.3,2490.47,2491.24,122401.74,3469087.68,-8.2094
399006,2016/1/5,2353.23,2481.2,2333.61,2416.73,182893.31,4852995.18,-2.9911
399006,2016/1/6,2433.36,2472.19,2388.69,2468.37,141944.59,4012047.73,2.1368
399006,2016/1/7,2415.33,2415.33,2254.5,2256.52,38755.26,1007054.99,-8.5823
399006,2016/1/8,2297.59,2318.12,2142.33,2248.99,165022.94,4232663.19,-0.3339
399006,2016/1/11,2188.19,2230.42,2105.77,2106.36,152089.27,3773180.07,-6.342
399006,2016/1/12,2117.25,2179.09,2087.27,2147.53,143965.97,3645952.83,1.9547
399006,2016/1/13,2160.32,2174.23,2059.78,2059.78,124653.69,3061630.87,-4.0863
399006,2016/1/14,1991.23,2179.38,1989.87,2175.01,156486.66,3788397.88,5.5946
399006,2016/1/15,2160.17,2184.56,2096.19,2112.9,159102.94,3702135.14,-2.8556
399006,2016/1/18,2074.86,2206.84,2074.86,2174.93,162676.27,3764301.61,2.9359
399006,2016/1/19,2170.09,2244.79,2148.72,2241.7,177003.22,4216584.17,3.0696
399006,2016/1/20,2222.6,2249.36,2190.51,2204.65,154511.89,3663103.17,-1.6527
399006,2016/1/21,2173.32,2241.47,2112.4,2112.4,149452.03,3423658.55,-4.1841
399006,2016/1/22,2140.28,2161.24,2078.12,2149.59,136098.91,2932008.18,1.7602
399006,2016/1/25,2165.73,2185.21,2136.88,2158.82,113341.78,2506878.93,0.4298
399006,2016/1/26,2132.22,2135.57,1990.51,1994.05,133857.08,2893254.68,-7.6327
399006,2016/1/27,1997.32,2012.3,1888.25,1997.47,159265.21,3269189.45,0.1714
399006,2016/1/28,1969.31,1990.92,1900.88,1906.46,114542.04,2335173.63,-4.556
399006,2016/1/29,1908.26,2011.06,1907.29,1994.07,128098.75,2689944.98,4.5951
399006,2016/2/1,1989.21,2011.68,1956.92,1992.7,111560.89,2375780.63,-0.0687
399006,2016/2/2,1996.59,2089.21,1996.59,2075.29,132876.49,2944489.13,4.1447
399006,2016/2/3,2049.32,2105.38,2034.6,2090.51,120898.46,2706787.61,0.7337
399006,2016/2/4,2095.62,2142.87,2095.62,2126.64,131430.08,3022999.75,1.7279
399006,2016/2/5,2127.35,2141.56,2096.99,2096.99,90647.03,2109733.36,-1.3942
399006,2016/2/15,2029.56,2130.36,2029.56,2116.84,101006.68,2260240.21,0.9467
399006,2016/2/16,2128.06,2208.57,2128.06,2201.93,139121.71,3352717.16,4.0195
399006,2016/2/17,2197.93,2219.78,2171,2215.34,146184.97,3389202.64,0.6093
399006,2016/2/18,2230.8,2239.91,2188.19,2190.91,140195.01,3281792.38,-1.1028
399006,2016/2/19,2186.02,2230.22,2182.96,2211.01,134072.42,3184008.89,0.9172
399006,2016/2/22,2235.17,2245.56,2216.16,2245.56,150906.15,3711842.4,1.563
399006,2016/2/23,2245.75,2249.69,2189.53,2218.12,139266.1,3450875.71,-1.2222
399006,2016/2/24,2212.59,2230.01,2154.27,2203.74,128840.22,3158651.23,-0.6482
399006,2016/2/25,2198.93,2198.93,2030.42,2037.14,152989.55,3541009.22,-7.5598
399006,2016/2/26,2045.51,2057.8,1980.17,2014.92,123666.93,2739304.69,-1.0909
399006,2016/2/29,2000.57,2000.57,1866.25,1880.15,132475.68,2744248.4,-6.6888
399006,2016/3/1,1881.32,1952.43,1841.22,1934.92,134566.61,2813004.52,2.9132
399006,2016/3/2,1930.84,2022.86,1925.02,2017.6,169491.55,3398625.88,4.2733
399006,2016/3/3,2014.18,2063.53,2006.71,2007.08,168054.74,3510912.31,-0.5218
399006,2016/3/4,1994.06,2003.69,1895.4,1907.04,152209.75,3018036.63,-4.9841
399006,2016/3/7,1935.09,1995.94,1935.09,1953.33,116231.61,2358693.66,2.4274
399006,2016/3/8,1944.65,2002.19,1865.65,2002.19,156274.22,3077718.39,2.5013
399006,2016/3/9,1962.28,2015.71,1947.05,1970.81,133036.72,2622807.62,-1.5672
399006,2016/3/10,1968.77,1991.36,1935.12,1936.97,105080.18,2231449.78,-1.7173
399006,2016/3/11,1911.33,1948.6,1903.92,1934.87,84876.56,1713041.67,-0.1083
399006,2016/3/14,1962.11,2048.5,1962.11,2023.13,161344.05,3458958.87,4.5614
399006,2016/3/15,2016.81,2034.7,1995.46,1996.92,121670.6,2553888.43,-1.2954
399006,2016/3/16,2029.92,2039.49,1961.42,1977.54,122204.55,2567750.07,-0.9706
399006,2016/3/17,1986.14,2089.14,1986.14,2087.29,210741.39,4645258.03,5.5501
399006,2016/3/18,2102.19,2194.36,2102.08,2177.87,255968.39,5907898.72,4.3394
399006,2016/3/21,2214.91,2234.35,2191.66,2227.03,255409.98,6230530.84,2.2574
399006,2016/3/22,2201.19,2248.19,2189.94,2221.7,210600.07,4873506.9,-0.2394
399006,2016/3/23,2214.87,2259.11,2205.07,2259.11,190527.94,4790663.87,1.6836
399006,2016/3/24,2234.22,2277.92,2217.84,2219.77,214009.29,5521126.76,-1.7412
399006,2016/3/25,2209.26,2232.07,2183.6,2216.09,151540.09,3717962.94,-0.166
399006,2016/3/28,2233.13,2259.13,2192.35,2199.69,162604.72,4055682.96,-0.7401
399006,2016/3/29,2190.88,2194.89,2130.85,2152.55,141705.16,3628691.91,-2.1429
399006,2016/3/30,2172.74,2248.78,2172.74,2248.78,174059.75,4593802.68,4.4707
399006,2016/3/31,2256.43,2271.96,2232.3,2238.29,181249.76,4835736.66,-0.4668
399006,2016/4/1,2223.38,2227,2171.34,2205.37,157012.46,4096481.08,-1.4706
399006,2016/4/5,2207.46,2285.2,2205.44,2279.52,197649.38,5101339.58,3.3623
399006,2016/4/6,2274.77,2305.41,2271.5,2297.04,209120.36,5386728.7,0.7686
399006,2016/4/7,2310.92,2316.63,2248.68,2248.68,203023.45,5206224.88,-2.1052
399006,2016/4/8,2230.95,2239.81,2194.23,2229.93,179469.72,4466886.14,-0.8338
399006,2016/4/11,2255.07,2301.41,2255.07,2283.14,199466.25,5030578.46,2.3861
399006,2016/4/12,2283.21,2289.55,2236.44,2264.02,170782.1,4318852.62,-0.8377
399006,2016/4/13,2278.52,2330.06,2278.52,2294.02,217766.35,5754016.7,1.325
399006,2016/4/14,2310.6,2325.38,2289.57,2324.39,183349.78,4581720.32,1.3243
399006,2016/4/15,2328.31,2328.31,2297.68,2309.68,145269.77,3734133.56,-0.6332
399006,2016/4/18,2288.42,2288.42,2249.34,2265.59,143097.72,3518517.95,-1.9086
399006,2016/4/19,2278.31,2289.05,2253.59,2272.52,130043.2,3183513.81,0.3057
399006,2016/4/20,2279.76,2284.1,2119.42,2145.24,216670.36,4947432.1,-5.6009
399006,2016/4/21,2135.93,2160.26,2106.97,2110.16,127840.63,2843186.76,-1.6351
399006,2016/4/22,2093.78,2136.92,2090.95,2136.92,104719.12,2454382.81,1.2682
399006,2016/4/25,2128.66,2130.06,2083.64,2126.83,95579.91,2148314.27,-0.4722
399006,2016/4/26,2123.87,2155.7,2119.38,2155.7,89115.18,1995719.27,1.3571
399006,2016/4/27,2162.76,2176.33,2142.46,2146.61,104792,2394015.54,-0.4215
399006,2016/4/28,2149.1,2158.49,2108.27,2155.23,101232.7,2328308.24,0.4015
399006,2016/4/29,2141.58,2162.19,2138.74,2138.74,80246.4,1906960.21,-0.7652
399006,2016/5/3,2138.96,2217.23,2126.87,2217.23,145512.32,3373521.53,3.67
399006,2016/5/4,2210.13,2233.59,2206.26,2211.02,136717.22,3145517.64,-0.2802
399006,2016/5/5,2208.4,2226.55,2198.76,2224.1,108003.28,2502841.38,0.5914
399006,2016/5/6,2226.44,2235.96,2129.19,2129.19,160547.93,3551466.91,-4.2669
399006,2016/5/9,2107.33,2107.33,2045.12,2053.6,122303.31,2553088.47,-3.5505
399006,2016/5/10,2051.38,2067.62,2044.28,2054.22,76587.32,1610017.04,0.0304
399006,2016/5/11,2067.69,2073.83,2032.3,2034.93,93826.17,1941546.73,-0.9394
399006,2016/5/12,2006.26,2039.32,1975.07,2034.57,91775.46,1859727.47,-0.0177
399006,2016/5/13,2030.94,2058.66,2013.86,2025.22,83010.01,1685017.49,-0.4592
399006,2016/5/16,2017.84,2057.86,2008.54,2057.86,94157.21,1861361.88,1.6114
399006,2016/5/17,2059.52,2107.73,2036.88,2081.44,135404.42,2796882.89,1.146
399006,2016/5/18,2062.81,2062.81,2000.53,2020.48,122681.3,2351967.82,-2.929
399006,2016/5/19,2023.96,2076.48,2023.96,2037.4,123234.61,2580386.49,0.8378
399006,2016/5/20,2018.38,2065.3,2013.53,2065.3,104248.53,2153034.74,1.3693
399006,2016/5/23,2073,2107.05,2073,2098.23,139282.64,2789023.94,1.5946
399006,2016/5/24,2094.21,2094.21,2061.52,2075.51,123186.03,2508160.26,-1.0831
399006,2016/5/25,2091.97,2111.26,2062.64,2067.25,133100.49,2720961.84,-0.3978
399006,2016/5/26,2060.43,2086.49,2019.3,2086.01,134159.7,2697146.5,0.9072
399006,2016/5/27,2076.3,2090.17,2065.37,2069.89,117956.99,2436759.4,-0.7729
399006,2016/5/30,2054.62,2083.83,2033.67,2058.52,109603.79,2065723.61,-0.5492
399006,2016/5/31,2061.84,2160.53,2060.14,2159.8,214850.82,4284194.47,4.9201
399006,2016/6/1,2164.73,2188.88,2163.05,2168.82,201894.99,4190280.2,0.4176
399006,2016/6/2,2163.59,2188.56,2160.25,2188.56,162838.21,3281793.05,0.9101
399006,2016/6/3,2176.36,2236.58,2175.82,2204.97,229737.01,5665639.18,0.7501
399006,2016/6/6,2212.46,2219.28,2181.99,2199.3,162562.31,3876398.5,-0.2573
399006,2016/6/7,2202.04,2204.18,2181.3,2196.73,144320.62,3273728.99,-0.117
399006,2016/6/8,2191.27,2201.53,2166.97,2186.54,150834.78,3438999.34,-0.4636
399006,2016/6/13,2150.39,2165.28,2054.71,2054.71,183546.6,4000284.41,-6.0295
399006,2016/6/14,2045.21,2070.15,2032.44,2058.31,126912.13,2702280.93,0.1755
399006,2016/6/15,2033.6,2143.45,2031.67,2128.8,177777.6,3767553.21,3.4244
399006,2016/6/16,2124.16,2137.18,2097.35,2101.42,170677.85,3638375.28,-1.2863
399006,2016/6/17,2109.57,2154.52,2105.24,2122.89,156279.14,3365661.88,1.0219
399006,2016/6/20,2117.99,2127.68,2088.29,2119.63,119246.28,2571787.9,-0.1536
399006,2016/6/21,2135.46,2153.23,2083.69,2092,160480.69,3340171.92,-1.3035
399006,2016/6/22,2085.98,2144.82,2085.65,2144.82,142221.78,2902867.03,2.5247
399006,2016/6/23,2144.58,2153.58,2115.84,2137.49,168370.15,3519713.93,-0.3419
399006,2016/6/24,2131.15,2157.94,2060.2,2127.36,199226.73,4014872.11,-0.4735
399006,2016/6/27,2111.1,2194.13,2110.6,2191.81,210309.23,4373552.88,3.0292
399006,2016/6/28,2181.41,2221.46,2173.53,2216.71,232159.9,4970332.62,1.1362
399006,2016/6/29,2228.51,2238.35,2203.49,2209.79,184438.77,4086794.32,-0.3123
399006,2016/6/30,2213.6,2233.28,2206.81,2227.79,179415.09,4157073.54,0.8146
399006,2016/7/1,2231.18,2241.63,2203.93,2211.18,146683.84,3598314.24,-0.7457
399006,2016/7/4,2195.62,2254.15,2193.84,2248.71,177846.34,4210475.64,1.6975
399006,2016/7/5,2253.69,2259.29,2229,2246.02,161391.71,3904422.37,-0.1195
399006,2016/7/6,2239.76,2246.73,2229.27,2241.56,137384.1,3206386.14,-0.1988
399006,2016/7/7,2240.9,2247.58,2212.41,2233.92,167959.81,3905396.28,-0.3407
399006,2016/7/8,2231.97,2257.32,2220.21,2239,155573.63,3581597.16,0.2274
399006,2016/7/11,2242.26,2252.66,2216.57,2218.59,164778.05,3789753.87,-0.9117
399006,2016/7/12,2218.02,2247.35,2182.03,2247.35,186712.8,4163721.93,1.2966
399006,2016/7/13,2258.26,2299.86,2250.64,2285.37,236551.74,5237642.76,1.6915
399006,2016/7/14,2282.16,2295.59,2273.42,2293.08,201132,4491866.54,0.3374
399006,2016/7/15,2289.1,2293.09,2260.16,2263.78,176709.1,3985166.56,-1.2775
399006,2016/7/18,2257.42,2268.79,2234.21,2249.87,143078.02,3316276.79,-0.6146
399006,2016/7/19,2249.74,2273.72,2237,2273.72,152793.41,3670344.41,1.06
399006,2016/7/20,2272.64,2288.65,2268.53,2268.54,149555.71,3601957.59,-0.228
399006,2016/7/21,2266.08,2289.67,2259.2,2265.13,145470.4,3364096.86,-0.1502
399006,2016/7/22,2262.1,2269.55,2248.3,2250,134984.55,3137042.43,-0.6679
399006,2016/7/25,2245.86,2264.44,2235.45,2245.89,123983.86,3016090.82,-0.1828
399006,2016/7/26,2245.94,2279.55,2245.94,2279.55,124478.31,2930932.4,1.499
399006,2016/7/27,2282.07,2284.28,2138.78,2155.39,222551.43,4995571.22,-5.4469
399006,2016/7/28,2150.32,2166.6,2109.87,2139.74,142812.76,3202170.09,-0.7257
399006,2016/7/29,2144.27,2147.19,2109.13,2122.41,102174.99,2271351.18,-0.81
399006,2016/8/1,0,0,0,0,110305.62,2433523.1,-100
399006,2016/8/2,2096.55,2114.95,2094.12,2113.21,75521.76,1659938.27,0.6686
399006,2016/8/3,2110.23,2117.62,2096.73,2108.32,77992.22,1672820.83,-0.2318
399006,2016/8/4,2107.62,2133.18,2102.27,2129.65,91039.05,2018129.33,1.012
399006,2016/8/5,2128.74,2129.33,2107.44,2109.06,80180.39,1721983.95,-0.9672
399006,2016/8/8,2102.24,2130.59,2083.98,2130.59,83644.7,1825951.59,1.0213
399006,2016/8/9,2128.64,2154.51,2128.22,2154.51,103068.97,2294892.29,1.1223
399006,2016/8/10,2155.39,2164.63,2136.83,2137,92739.79,2093933.69,-0.8124
399006,2016/8/11,2134.6,2139.2,2103.4,2103.4,85552.21,1900966.84,-1.5725
399006,2016/8/12,2098.77,2123.87,2097.91,2123.84,74085.93,1622516.94,0.972
399006,2016/8/15,2126.79,2200.92,2112.25,2193.21,178994.44,4020827.61,3.2663
399006,2016/8/16,2195.02,2211.01,2192.97,2201.1,140314.64,3386820.62,0.3595
399006,2016/8/17,2200.24,2218.29,2195.37,2208.2,123221.48,2959808.69,0.3225
399006,2016/8/18,2204.96,2213.31,2191.93,2201.59,122309.52,2900899.44,-0.2989
399006,2016/8/19,2200.68,2211.06,2194.11,2204.56,101102.01,2288247.1,0.1345
399006,2016/8/22,2205.58,2213.41,2167.4,2167.4,111577.03,2489668.11,-1.6854
399006,2016/8/23,2168.34,2186.74,2160.3,2174.16,88881.41,1965866.06,0.3118
399006,2016/8/24,2178.53,2204.8,2176.35,2192.17,119386.71,2434066.94,0.8284
399006,2016/8/25,2179.02,2183.73,2152.11,2180.66,123635.01,2586343.87,-0.5251
399006,2016/8/26,2186,2211.63,2182.11,2189.75,123247.71,2649804.67,0.4168
399006,2016/8/29,2187.72,2209.25,2183.81,2193.2,106170.17,2309337.05,0.1576
399006,2016/8/30,2197.49,2210.4,2193.07,2195.53,91957.72,2043344.28,0.1062
399006,2016/8/31,2194.61,2198.25,2175.84,2191.76,89507.88,2047684.25,-0.1718
399006,2016/9/1,2192.94,2201.29,2181.33,2181.33,93102.64,2060236.98,-0.4759
399006,2016/9/2,2176.39,2187.7,2160.12,2170.86,101947.17,2179302.34,-0.4799
399006,2016/9/5,2178.64,2199.66,2178.1,2182.69,87861.31,1979955.91,0.5452
399006,2016/9/6,2183.23,2225.26,2161.93,2222.84,129937.75,2927839.6,1.8391
399006,2016/9/7,2223.02,2232.12,2208.83,2212.05,120957.09,2688471.59,-0.4851
399006,2016/9/8,2211.39,2223.47,2207.12,2223.47,95261.96,2157437.54,0.516
399006,2016/9/9,2223.58,2228.54,2202.97,2202.97,108522.76,2408388.23,-0.922
399006,2016/9/12,2163.45,2179.98,2145.03,2145.56,124293.63,2758956.63,-2.6058
399006,2016/9/13,2157.95,2165.58,2139.34,2145.87,84412.38,2007306.82,0.0142
399006,2016/9/14,2137.4,2156.98,2131.72,2144.56,81183.38,1954466.28,-0.061
399006,2016/9/19,2149.37,2174.4,2149.37,2165.21,71227.04,1757054,0.9631
399006,2016/9/20,2164.42,2167.64,2153.94,2158.43,62263.83,1465071.6,-0.3132
399006,2016/9/21,2158.06,2170.09,2157.38,2162.13,68339.86,1585630.06,0.1714
399006,2016/9/22,2174.3,2178.53,2166.62,2168.42,74258.31,1757437.95,0.291
399006,2016/9/23,2171.63,2173.49,2156.04,2156.51,71390.97,1622118.25,-0.5494
399006,2016/9/26,2154.4,2161.76,2122.9,2122.9,86705.68,1878882.77,-1.5585
399006,2016/9/27,2118.95,2140.8,2112.7,2140.8,72775.14,1612362.04,0.8433
399006,2016/9/28,2143.73,2143.73,2132.55,2139.63,65092.92,1449612.69,-0.0548
399006,2016/9/29,2141.34,2155.42,2140.98,2146.18,62850.22,1448429.36,0.3064
399006,2016/9/30,2144.47,2154.4,2143.34,2149.9,56403.91,1257158.37,0.1732
399006,2016/10/10,2165.85,2208.47,2163.41,2208.47,109377.95,2472332.06,2.7242
399006,2016/10/11,2207.44,2210.86,2201.31,2210.86,88034.88,2033205.41,0.1084
399006,2016/10/12,2202.36,2216.52,2198.89,2209.69,97284.06,2017128.58,-0.0532
399006,2016/10/13,2211.76,2216.09,2200.52,2208.57,91138.46,2005509.57,-0.0506
399006,2016/10/14,2203.87,2203.87,2178.91,2194.23,90805.39,2117473.41,-0.6493
399006,2016/10/17,2199.18,2200.47,2160.01,2167.86,95327.75,2183854.07,-1.2015
399006,2016/10/18,2164.6,2198.14,2164.6,2198.14,96289.63,2192861.94,1.3967
399006,2016/10/19,2200.53,2201.16,2180.47,2184.91,96220.45,2047386.38,-0.6019
399006,2016/10/20,2187.41,2199.07,2184.35,2193.26,96445.04,2068339.89,0.3819
399006,2016/10/21,2196.85,2202.49,2167.83,2181,114469.8,2436276.3,-0.5589
399006,2016/10/24,2184.11,2204.36,2176.92,2200.8,111167.45,2378616.3,0.9082
399006,2016/10/25,2202.79,2207.81,2196.57,2200.21,95609.8,2114795.61,-0.0271
399006,2016/10/26,2203.48,2204.84,2179.76,2184.49,113896.06,2419869.98,-0.7143
399006,2016/10/27,2182.91,2184.32,2171.24,2182.48,93413.53,1897128.4,-0.0922
399006,2016/10/28,2182.56,2192.9,2165.03,2165.43,104511.83,2163038.7,-0.781
399006,2016/10/31,2158.57,2162.67,2145.57,2159.76,90050.6,1870689.36,-0.262
399006,2016/11/1,2160.39,2177.83,2159.71,2176.45,87647.76,1873930.76,0.7726
399006,2016/11/2,2170.81,2171.66,2145.07,2146.4,111093.91,2404744.23,-1.3806
399006,2016/11/3,2137.13,2167.93,2135.28,2153.19,113585.74,2453283.21,0.3162
399006,2016/11/4,2151.93,2168.34,2142.41,2145.23,105579.4,2235021.46,-0.3695
399006,2016/11/7,2141.3,2145.82,2126.95,2130.3,92911.82,2064755.79,-0.6959
399006,2016/11/8,2138.45,2154.57,2136.25,2150.3,89087.01,1928616.2,0.9389
399006,2016/11/9,2150.62,2154.86,2098.56,2123.85,112080.38,2314158.01,-1.2304
399006,2016/11/10,2143.56,2149.09,2138.94,2143.32,90055.59,1867394.85,0.917
399006,2016/11/11,2143.58,2147.11,2125.49,2147.11,123400.71,2595614.27,0.1766
399006,2016/11/14,2146.83,2175.25,2146.83,2161.69,138239.4,2948078.66,0.679
399006,2016/11/15,2161.57,2179.3,2152.38,2179.3,135912.29,2794290.95,0.8148
399006,2016/11/16,2187.5,2208.98,2182.12,2182.47,157048.67,3318250.94,0.1453
399006,2016/11/17,2176.12,2176.12,2157.55,2163.04,93449.11,1957886.3,-0.8901
399006,2016/11/18,2164.71,2170.79,2155.24,2157.96,77565.42,1699816.88,-0.2349
399006,2016/11/21,2156.46,2162.37,2147.05,2152.6,84753.11,1865141.47,-0.2483
399006,2016/11/22,2156.52,2177.65,2146.62,2177.65,111254.62,2412497.76,1.1637
399006,2016/11/23,2182.1,2191.26,2163,2165.71,150966.72,3392198.62,-0.5485
399006,2016/11/24,2159.61,2172.18,2142.95,2146.63,105490.07,2337459.72,-0.8811
399006,2016/11/25,2145.97,2167.53,2123.74,2167.53,136085.75,2746472.83,0.9737
399006,2016/11/28,2172.97,2175.51,2159.73,2166.05,118464.32,2634025.88,-0.0684
399006,2016/11/29,2161.78,2178.19,2153.72,2160.35,146175.37,2956652.92,-0.2632
399006,2016/11/30,2157.54,2201.56,2155.24,2183.05,177916.61,3711887.11,1.0509
399006,2016/12/1,2181.73,2188.09,2175.5,2181.93,121561.05,2608030.24,-0.0513
399006,2016/12/2,2180.39,2186.69,2143.21,2143.45,131191.51,2824502.87,-1.7634
399006,2016/12/5,2129.25,2162.3,2124.75,2143.88,102829.46,2118562.95,0.0199
399006,2016/12/6,2149.75,2156.69,2121.25,2122.26,97337.45,2120550.71,-1.0084
399006,2016/12/7,2123.55,2134.99,2116.54,2134.99,82941.82,1597672.11,0.5997
399006,2016/12/8,2135.79,2136.26,2114.04,2114.71,92506.65,1783672.97,-0.9497
399006,2016/12/9,2114.45,2118.63,2097.09,2099.89,101826.85,2051401.8,-0.7009
399006,2016/12/12,2095.58,2096.4,1981.17,1984.4,161392.22,3084186.87,-5.5
399006,2016/12/13,1982.08,1995.35,1961.91,1985.04,97840.18,1831736.3,0.0327
399006,2016/12/14,1982.98,1988.46,1958.04,1963.08,84142.89,1516514.44,-1.1064
399006,2016/12/15,1957.71,1991.32,1956.55,1975.85,88354.05,1591598.25,0.6507
399006,2016/12/16,1977.86,2005.28,1972.22,1998.11,77314.69,1455642.73,1.1266
399006,2016/12/19,1995,1995,1976.77,1980.41,62914.67,1134235.05,-0.886
399006,2016/12/20,1981.69,1989.99,1974.93,1982.3,59391.41,1089181.73,0.0953
399006,2016/12/21,1987.76,1996.1,1985.05,1991.7,60431.99,1124413.84,0.4741
399006,2016/12/22,1993.04,1993.04,1978.75,1986.27,58200.64,1074885.01,-0.2722
399006,2016/12/23,1987.73,1992.21,1964.23,1964.54,71951.53,1298065.99,-1.0942
399006,2016/12/26,1959.19,1974.01,1933.52,1974.01,77084.27,1448526.63,0.482
399006,2016/12/27,1972.51,1977.32,1968.57,1968.62,63478.49,1156183.76,-0.273
399006,2016/12/28,1968.15,1971.51,1954.96,1957.16,60057.5,1080184.59,-0.5824
399006,2016/12/29,1956.72,1971.94,1955.62,1959.24,67599.31,1230533.28,0.1065
399006,2016/12/30,1961.22,1964.7,1952.68,1962.06,72565.85,1304495.79,0.1439
399006,2017/1/3,1965.04,1971.91,1959.14,1963.26,73279.97,1349364,0.061
399006,2017/1/4,1963.02,1992.76,1959.57,1991.57,99668.4,1860457.74,1.442
399006,2017/1/5,1990.7,1993.71,1983.84,1983.97,76645.11,1471423.36,-0.3813
399006,2017/1/6,1980.84,1982.4,1963.32,1965.03,79687.72,1526152.63,-0.9547
399006,2017/1/9,1962.21,1968.87,1951.49,1961.62,71273,1373116.05,-0.1736
399006,2017/1/10,1960.1,1967.47,1951.18,1951.68,63185.82,1196557.84,-0.5068
399006,2017/1/11,1947.42,1959.3,1932.46,1937.55,71409.94,1286828.75,-0.724
399006,2017/1/12,1935.52,1946.59,1929.05,1930.15,67448.43,1267634.57,-0.382
399006,2017/1/13,1930.11,1934.48,1899.11,1899.94,74587.26,1430898.45,-1.5648
399006,2017/1/16,1897.45,1897.82,1783.74,1830.85,118322.32,2281952.61,-3.6367
399006,2017/1/17,1824.1,1875.8,1805.39,1867.87,106853.7,2061415.05,2.022
399006,2017/1/18,1860.24,1862.83,1845.57,1845.79,71204.6,1372043.29,-1.1821
399006,2017/1/19,1842.66,1853.11,1833.5,1844.14,52597.78,939883.65,-0.0892
399006,2017/1/20,1844.37,1892.36,1842.62,1880.75,98938.9,1910255.04,1.9851
399006,2017/1/23,1879.97,1897.1,1879.71,1887.32,72358.46,1334991.99,0.3496
399006,2017/1/24,1885.24,1885.95,1859.71,1861.22,75769.58,1353555.27,-1.3833
399006,2017/1/25,1857.32,1874.63,1856.22,1870.7,56729.33,1036481.19,0.5097
399006,2017/1/26,1872.14,1887.67,1872.14,1886.23,61041.47,1096521.87,0.8301
399006,2017/2/3,1886.97,1888.81,1872.7,1876.76,53841.75,951379.81,-0.5021
399006,2017/2/6,1877.14,1903.33,1874.71,1900.45,65814.93,1222884.99,1.2621
399006,2017/2/7,1897.87,1900.35,1881.73,1889.13,63291,1194865.95,-0.5953
399006,2017/2/8,1887.34,1903.63,1881.14,1903.63,73811.56,1325046.16,0.7672
399006,2017/2/9,1903.67,1916.41,1901.88,1914.08,86682.33,1568339.81,0.5492
399006,2017/2/10,1913.23,1915.43,1900.71,1904.69,82993.73,1430612.17,-0.4909
399006,2017/2/13,1902.46,1919.2,1894.15,1913.68,86436.53,1547938.95,0.4723
399006,2017/2/14,1914.14,1918.8,1906.42,1909.4,74362.29,1477437.21,-0.2239
399006,2017/2/15,1911.04,1920.29,1890.09,1892.36,84161.03,1566730.75,-0.8923
399006,2017/2/16,1891.87,1900.97,1886.41,1897.63,68117.6,1202302.21,0.2786
399006,2017/2/17,1896.7,1904.87,1881,1882.87,77629.4,1384575.94,-0.7779
399006,2017/2/20,1884.99,1894.96,1876.67,1894.96,72272.33,1285399.88,0.6423
399006,2017/2/21,1896.86,1924.03,1895.43,1921.08,103360.38,1819826.29,1.3781
399006,2017/2/22,1921.55,1925.3,1909.12,1919.97,85821.12,1574733.2,-0.0575
399006,2017/2/23,1919.24,1925.95,1906.81,1925.95,92315.58,1584741.12,0.3114
399006,2017/2/24,1925.1,1939.39,1921.3,1938.45,104666.19,1845815.05,0.6487
399006,2017/2/27,1937.56,1943.98,1923.53,1926.77,94185.35,1670131.07,-0.6022
399006,2017/2/28,1926.14,1931.83,1918.32,1927.16,78284.31,1390623.22,0.0201
399006,2017/3/1,1925.7,1938.68,1923.75,1931.97,81445.61,1515681.98,0.2495
399006,2017/3/2,1936.08,1937.9,1919.74,1920.41,78517.03,1592363.2,-0.5985
399006,2017/3/3,1916.2,1932.21,1908.32,1928.29,81731.18,1810557.59,0.4105
399006,2017/3/6,1931.62,1962.77,1931.62,1962.77,116580.66,2467075.6,1.7882
399006,2017/3/7,1967.18,1977.85,1957.29,1977.85,113188.44,2413631.98,0.7685
399006,2017/3/8,1976.85,1976.85,1960.07,1964.63,93262.76,1942594.79,-0.6687
399006,2017/3/9,1962.64,1962.64,1948.79,1953.94,97380.6,2055607.82,-0.5439
399006,2017/3/10,1952.5,1957.71,1945.57,1950.01,78401.82,1721729.19,-0.2014
399006,2017/3/13,1948.52,1972.08,1939.03,1970.88,100161.5,2095656.87,1.0703
399006,2017/3/14,1967.47,1970.48,1952.1,1958.02,108525.74,2586762.67,-0.6523
399006,2017/3/15,1951.71,1964.43,1943.61,1957.82,101080.27,2430641.51,-0.0104
399006,2017/3/16,1959.05,1968.44,1959.05,1966.73,97170.51,2206330.96,0.4549
399006,2017/3/17,1968.15,1981.69,1949.35,1949.66,117712.72,2544567.14,-0.8677
399006,2017/3/20,1948.6,1953.82,1939.65,1953.82,86887.73,1815748.62,0.2131
399006,2017/3/21,1953.56,1961.65,1948.89,1961.06,77605.61,1699263.71,0.3709
399006,2017/3/22,1952.8,1959.72,1939.29,1948.58,95513.62,2010459.45,-0.6365
399006,2017/3/23,1951.87,1960.34,1930.44,1948.37,93619.52,1988549.82,-0.0108
399006,2017/3/24,1948.27,1966.42,1946.12,1965.14,90117.15,1880198.96,0.8606
399006,2017/3/27,1964.63,1967.11,1947.53,1947.53,81372.65,1783543.53,-0.8961
399006,2017/3/28,1946.33,1953.24,1940.38,1944.36,68933.34,1540078.29,-0.1625
399006,2017/3/29,1945.14,1948.72,1926.6,1929.2,87924.52,1881938.84,-0.78
399006,2017/3/30,1924.51,1926.53,1893.3,1893.7,104513.22,2177442.16,-1.8399
399006,2017/3/31,1895.81,1908.53,1895.81,1907.34,74863.44,1636976.48,0.7201
399006,2017/4/5,1914.91,1943.43,1914.91,1943.16,111494.57,2299039.16,1.8781
399006,2017/4/6,1947.09,1951.23,1939.37,1944.24,106073.18,2248331.96,0.0553
399006,2017/4/7,1942.11,1953.57,1939.32,1946.05,125391.54,2436918.85,0.0933
399006,2017/4/10,1940.3,1940.3,1911.11,1912.45,143452.32,2842902.82,-1.7265
399006,2017/4/11,1907.1,1920.78,1887.89,1917.63,149624.22,2718899.74,0.271
399006,2017/4/12,1913.78,1915.02,1896.85,1897.51,113503.67,1999103.87,-1.0495
399006,2017/4/13,1896.49,1920.23,1896.49,1910.48,90960.26,1690461.23,0.6835
399006,2017/4/14,1910.99,1910.99,1887.35,1887.46,98074.7,1774894.89,-1.2047
399006,2017/4/17,1880.77,1886.61,1862.36,1868.28,89684.6,1613276.46,-1.0161
399006,2017/4/18,1867.58,1878.1,1847.2,1848.2,89550.25,1629038.3,-1.0747
399006,2017/4/19,1841.6,1845.64,1812.39,1845.38,110492.53,1962167.54,-0.1526
399006,2017/4/20,1843.97,1856.73,1836.44,1850.39,91899.12,1779300.21,0.2714
399006,2017/4/21,1849.28,1863.58,1836.52,1839.01,80985.38,1588376.58,-0.6152
399006,2017/4/24,1832.82,1832.82,1796.36,1809.91,88017.03,1599182.56,-1.5821
399006,2017/4/25,1809.56,1829.26,1807.67,1818.87,84943.67,1508599.31,0.495
399006,2017/4/26,1812.87,1822.12,1811.04,1820.48,91765.6,1675791.72,0.0885
399006,2017/4/27,1815.11,1847.93,1794.4,1842.92,146440.34,2422285.13,1.2328
399006,2017/4/28,1838.74,1856.4,1834.43,1850.73,102883.79,1789302.75,0.4239
399006,2017/5/2,1849.22,1855.34,1843.83,1850.85,89584.65,1625417.26,0.0062
399006,2017/5/3,1848.71,1854.68,1832.56,1840.45,93680.99,1610117.2,-0.5617
399006,2017/5/4,1838.71,1858.56,1828.63,1838.1,107544.75,1877504.68,-0.1276
399006,2017/5/5,1832.68,1839.65,1818.19,1818.19,94453.3,1619013.81,-1.0833
399006,2017/5/8,1814.1,1825.76,1788.71,1788.71,105575.21,1792987.69,-1.6216
399006,2017/5/9,1780.52,1803.21,1770.59,1802.49,95567.76,1578269.12,0.7706
399006,2017/5/10,1801.78,1815.83,1771.32,1771.32,101878.25,1691098.66,-1.7293
399006,2017/5/11,1761.47,1772.47,1727.58,1772.41,116063.58,1838303.5,0.0617
399006,2017/5/12,1768.31,1774.9,1750.4,1774.63,90255.49,1463324.29,0.125
399006,2017/5/15,1778.18,1788.56,1776.01,1778.64,83086.93,1369454.99,0.2259
399006,2017/5/16,1774.39,1814.94,1764.29,1814.94,120492.85,1980690.46,2.0411
399006,2017/5/17,1812.71,1833.87,1810.21,1822.64,144100.51,2249967.2,0.4242
399006,2017/5/18,1807.18,1827.79,1803.86,1813.51,114827.64,1853026.82,-0.501
399006,2017/5/19,1812.73,1815.81,1793.04,1801.08,86767.14,1411522.3,-0.6854
399006,2017/5/22,1798.57,1814.41,1779.48,1788.08,93310.71,1473993.82,-0.722
399006,2017/5/23,1784.53,1790.11,1757.37,1758.24,106802.08,1635815.94,-1.6688
399006,2017/5/24,1749.16,1776.44,1730.36,1776.28,96736.05,1480493,1.0262
399006,2017/5/25,1770.65,1785.67,1745.23,1777.69,113269.76,1790576.47,0.0797
399006,2017/5/26,1769.12,1772.93,1754.77,1759.63,98232.47,1640654.89,-1.016
399006,2017/5/31,1777.65,1783.15,1762.08,1763.73,107820.39,1759059.77,0.2328
399006,2017/6/1,1757.8,1757.89,1728.49,1728.49,96865.6,1448368.11,-1.9981
399006,2017/6/2,1721.4,1754.21,1711.82,1745.93,103936.54,1573647.04,1.0089
399006,2017/6/5,1747.53,1767.29,1747.53,1761.25,100258.41,1591926.12,0.8774
399006,2017/6/6,1759.29,1773.07,1758.32,1766.39,82511.01,1249219.63,0.2922
399006,2017/6/7,1764.96,1802.52,1762.73,1799.85,130000.78,2007280.9,1.8942
399006,2017/6/8,1798.69,1804.66,1792.1,1794.75,104671.79,1635999.87,-0.2835
399006,2017/6/9,1793.65,1797.64,1782.19,1796.14,88288.17,1370890.84,0.0772
399006,2017/6/12,1787.56,1787.56,1773.53,1775.55,81692.38,1302928.37,-1.146
399006,2017/6/13,1773.01,1800.2,1771.85,1795.63,93283.54,1448043.85,1.131
399006,2017/6/14,1794.04,1798.2,1787.06,1790.64,97644.41,1523974.95,-0.2783
399006,2017/6/15,1788.81,1823.42,1788.43,1816.26,154617.95,2260010.32,1.4309
399006,2017/6/16,1816.16,1819.1,1809.48,1810.05,115779.98,1794117.38,-0.3416
399006,2017/6/19,1809.51,1817.5,1805.88,1816.4,89959.78,1422545.25,0.3507
399006,2017/6/20,1818.69,1833.94,1818.69,1820.98,122751.03,1958066.43,0.2519
399006,2017/6/21,1827.89,1829.4,1810.04,1824.69,127955.47,1783635.07,0.204
399006,2017/6/22,1821.84,1828.8,1798.38,1798.38,120568.57,1831969.71,-1.4419
399006,2017/6/23,1794.5,1807.43,1776.6,1807.43,109337.63,1613429.69,0.5031
399006,2017/6/26,1805.88,1821.28,1801.21,1821.28,98307.31,1493959.61,0.7662
399006,2017/6/27,1821.37,1830.22,1816.66,1819.93,92457.4,1428358.71,-0.0737
399006,2017/6/28,1817.43,1818.12,1802.38,1808.2,91181.7,1365007.73,-0.6448
399006,2017/6/29,1808.3,1822.82,1807.62,1813.55,101932.39,1589884.25,0.296
399006,2017/6/30,1808.08,1819.89,1802.61,1818.07,89712.35,1416932.88,0.249
399006,2017/7/3,1818.2,1836.49,1816.03,1835.99,140042.47,2146420.14,0.9856
399006,2017/7/4,1833.89,1834.24,1823.85,1829.51,122127.46,1945424.03,-0.353
399006,2017/7/5,1827.26,1836.66,1820.96,1836.63,122416.29,2025110.87,0.3895
399006,2017/7/6,1835.81,1844.2,1823.37,1839,153304.12,2467041.08,0.1287
399006,2017/7/7,1833.88,1836.78,1828.73,1835.44,112889.47,1871186.45,-0.1934
399006,2017/7/10,1831.37,1831.37,1803.23,1803.25,123963.45,1987126.66,-1.7539
399006,2017/7/11,1799.52,1804.72,1783.91,1783.91,115912.01,1836755.46,-1.0722
399006,2017/7/12,1779.9,1788.69,1764.1,1786.75,113196.39,1753247.49,0.1589
399006,2017/7/13,1784.26,1786.22,1774.78,1778.86,89733.78,1421063.54,-0.4412
399006,2017/7/14,1771.33,1771.33,1742.22,1745.57,143602.72,2173907.54,-1.8718
399006,2017/7/17,1730.71,1730.71,1656.43,1656.43,170709.71,2339721.94,-5.1063
399006,2017/7/18,1646.64,1672.72,1641.38,1667.49,112950.2,1610300.61,0.6674
399006,2017/7/19,1663.16,1685.74,1654.77,1684.77,108667.82,1585366.6,1.0365
399006,2017/7/20,1684.26,1712.7,1683.11,1688.61,114028.77,1679277.21,0.2279
399006,2017/7/21,1688.79,1699.67,1685.79,1690.15,98653.89,1449822.22,0.0909
399006,2017/7/24,1685.71,1689.38,1674.72,1686.44,102412.19,1441042.8,-0.2193
399006,2017/7/25,1686.58,1694.4,1680.95,1688.09,107442.36,1446628.71,0.0981
399006,2017/7/26,1689.48,1692.63,1674.22,1681.31,119490.21,1786643.32,-0.4019
399006,2017/7/27,1678.87,1742.92,1675.3,1742.19,248876.01,3299833.55,3.621
399006,2017/7/28,1740.54,1746.54,1732.89,1734.07,200345.96,2881454.1,-0.4659
399006,2017/7/31,1731.92,1744.05,1725.5,1736.3,166742.04,2489197.13,0.1284
399006,2017/8/1,1735.91,1742.01,1727.59,1741.07,164815.57,2486086.18,0.275
399006,2017/8/2,1740.39,1744.3,1723.23,1724.83,161945.75,2401981.72,-0.9328
399006,2017/8/3,1723.03,1757.76,1716.53,1733.12,194049.9,2735128.2,0.4806
399006,2017/8/4,1731.03,1734.18,1718.91,1719.62,158023.8,2194986.51,-0.7793
399006,2017/8/7,1722.24,1743.62,1720.99,1732.43,136055.34,1905000.25,0.7453
399006,2017/8/8,1731.73,1762.44,1728.59,1762.42,185063.24,2670450.4,1.7309
399006,2017/8/9,1756.5,1770.75,1751.83,1763.05,179828.09,2679424.1,0.0356
399006,2017/8/10,1761.43,1777.19,1741.4,1753.67,167549.91,2469834.99,-0.532
399006,2017/8/11,1742,1763.91,1738.14,1742.14,168268.85,2441400.59,-0.6575
399006,2017/8/14,1745.01,1794.07,1745.01,1793.48,207273.76,3129341.74,2.9471
399006,2017/8/15,1796.24,1803.19,1785.62,1798.57,174115.08,2692029.82,0.2836
399006,2017/8/16,1797.05,1835.62,1792.72,1825.19,270354.59,3940552.29,1.48
399006,2017/8/17,1819.43,1845.25,1816.14,1833.4,238401.93,3645270.94,0.4499
399006,2017/8/18,1822.07,1835.67,1817.64,1821.8,182348.2,2737203.4,-0.6324
399006,2017/8/21,1823.37,1834.66,1818.86,1829.22,168184.57,2486773.26,0.407
399006,2017/8/22,1829.4,1831.66,1811.97,1814.92,170764.95,2623421.23,-0.7819
399006,2017/8/23,1813.43,1818.65,1801.15,1807.37,150003.69,2276864.49,-0.4159
399006,2017/8/24,1807.85,1812.08,1792.7,1795.74,134229.45,2005075.95,-0.6433
399006,2017/8/25,1794.7,1814.54,1794.7,1812.88,137737.21,2050957.44,0.9544
399006,2017/8/28,1815.84,1856.22,1815.84,1842.83,213039.88,3359659.69,1.6521
399006,2017/8/29,1842.15,1850.82,1828.54,1831.59,157774.29,2416724.87,-0.6098
399006,2017/8/30,1830.7,1849.24,1830.55,1838.63,137707.88,2219255.26,0.3844
399006,2017/8/31,1841,1850.81,1839.81,1849.38,135834.38,2208145.3,0.5846
399006,2017/9/1,1850.02,1865.82,1840.52,1865.25,185859.08,2945930.36,0.8582
399006,2017/9/4,1863.02,1888.98,1858.39,1883.62,222429.91,3504679.65,0.9847
399006,2017/9/5,1881.67,1891.79,1873.16,1885.16,201237.84,3226493.49,0.082
399006,2017/9/6,1880.7,1902.86,1877.27,1902.86,226356.8,3729715.64,0.9386
399006,2017/9/7,1904.54,1917.96,1889.33,1890.38,265416.95,4563607.24,-0.6556
399006,2017/9/8,1888.4,1895.86,1872.91,1885.27,181389.68,3040165.3,-0.2702
399006,2017/9/11,1883.65,1896.38,1880.14,1896.38,172691.77,3049715.99,0.5888
399006,2017/9/12,1897.52,1904.3,1882.57,1884.48,227827.03,3946384.5,-0.627
399006,2017/9/13,1884.54,1888.44,1874.87,1888.43,168045.56,2713298.93,0.2095
399006,2017/9/14,1887.36,1892.99,1874.22,1879.25,160914.22,2606909.21,-0.4861
399006,2017/9/15,1877.17,1882.53,1869.63,1875.64,161320.91,2605473.85,-0.1925
399006,2017/9/18,1874.45,1894.81,1873.97,1894.8,151816.88,2456662.17,1.0219
399006,2017/9/19,1896.62,1901.27,1877.15,1880.3,157164.85,2594744.07,-0.7656
399006,2017/9/20,1878.57,1892.67,1876.68,1892.67,147320.82,2329414.47,0.658
399006,2017/9/21,1892.95,1898.21,1872.65,1872.77,154388.07,2458151.59,-1.0514
399006,2017/9/22,1869.11,1871.24,1854.94,1866.43,135711.89,2114974,-0.3388
399006,2017/9/25,1864.86,1869.39,1841.36,1843.62,126991.18,2016751.67,-1.2218
399006,2017/9/26,1840.48,1848.14,1826.92,1839.46,109139.91,1730079.97,-0.226
399006,2017/9/27,1840.17,1857.33,1840.17,1854.94,115552,1834100.25,0.842
399006,2017/9/28,1853.38,1864.25,1852.46,1854.73,132468.47,1976760.34,-0.0113
399006,2017/9/29,1858.06,1866.98,1856.87,1866.98,131449.28,1978804.92,0.6604
399006,2017/10/9,1889.89,1894.91,1880.39,1889.84,169908.34,2720259.29,1.2242
399006,2017/10/10,1890.66,1917.46,1887.47,1917.46,196101.22,3082272.69,1.4615
399006,2017/10/11,1918.35,1924,1899.96,1901.55,186019.74,2916851.57,-0.8296
399006,2017/10/12,1900.87,1909.48,1889.44,1899.99,140066.45,2278190.94,-0.0823
399006,2017/10/13,1901.18,1927.02,1898.34,1926.07,164993.96,2926090.49,1.3731
399006,2017/10/16,1920.94,1921.64,1882.69,1882.69,202075.48,3206552.61,-2.2527
399006,2017/10/17,1876.69,1888.62,1868.92,1876.99,121195.23,1998050.97,-0.3025
399006,2017/10/18,1878.29,1890.32,1867.83,1868.16,130323.86,2154235.4,-0.4705
399006,2017/10/19,1865.93,1876.67,1855.36,1862.61,125492.54,1902498.2,-0.297
399006,2017/10/20,1858.62,1880.21,1856.1,1880.21,105422.99,1768672.62,0.9451
399006,2017/10/23,1881.41,1900.38,1878.34,1898.76,118656.6,1961043.7,0.9863
399006,2017/10/24,1895.44,1901.69,1882.68,1901.69,125638.13,2038541.87,0.1545
399006,2017/10/25,1898.63,1913.26,1893.94,1913.26,114628.35,1815313.62,0.6085
399006,2017/10/26,1911.85,1918.79,1902.27,1910.72,143087.67,2327040.35,-0.1329
399006,2017/10/27,1909.57,1910.93,1895.26,1896.22,117575.74,1889353.53,-0.7588
399006,2017/10/30,1894.86,1902.05,1848.04,1855.99,169698.91,2609696.08,-2.122
399006,2017/10/31,1855.94,1869.79,1855.23,1869.79,113292.18,1785840.48,0.7436
399006,2017/11/1,1867.99,1881.49,1866.52,1872.75,122309.28,1965337.73,0.1583
399006,2017/11/2,1869.72,1869.72,1847.41,1847.57,129112.45,2016959.57,-1.3446
399006,2017/11/3,1843.8,1856.22,1825.29,1832.97,126658.67,1972986.13,-0.7901
399006,2017/11/6,1831.9,1850.3,1818.41,1850.3,117490.13,1919041.11,0.9458
399006,2017/11/7,1849.32,1859.11,1843.92,1859.07,135024.98,2216736.35,0.4737
399006,2017/11/8,1858.64,1881.05,1856.39,1866.14,171658.97,2757136.87,0.3805
399006,2017/11/9,1864.25,1884.11,1858.73,1884.11,154638.35,2406452.59,0.9629
399006,2017/11/10,1882.73,1905.06,1882.28,1900.63,163085.66,2681851.44,0.8768
399006,2017/11/13,1904.58,1911.17,1895.87,1906.44,161951.23,2720423.43,0.3055
399006,2017/11/14,1908.04,1912.49,1888.86,1896.72,166511.61,2716002.05,-0.5096
399006,2017/11/15,1892.65,1894.61,1861.59,1868.08,141263.65,2344687.47,-1.51
399006,2017/11/16,1865.72,1883.02,1859.77,1878.26,132523.41,2205858.96,0.5448
399006,2017/11/17,1879.43,1884.02,1831.01,1833.9,187315.31,2993617.26,-2.362
399006,2017/11/20,1819.17,1859.75,1795.69,1859.75,142222.04,2284191.03,1.4098
399006,2017/11/21,1856.73,1871.71,1844.42,1856.96,152707.21,2543847.42,-0.15
399006,2017/11/22,1854.58,1867.79,1837.3,1853.38,163388.12,2648025.11,-0.1929
399006,2017/11/23,1848.22,1848.22,1793.49,1794.78,153924.38,2483229.04,-3.1616
399006,2017/11/24,1789.51,1804.21,1782.6,1782.66,121326.72,1857656.81,-0.6755
399006,2017/11/27,1781.22,1794.01,1758.45,1760.9,121844.51,1838714.33,-1.2205
399006,2017/11/28,1761.53,1794.14,1761.53,1793.87,119335.07,1778802.37,1.8722
399006,2017/11/29,1793.28,1795.51,1767.63,1787.38,119521.68,1828729.2,-0.3616
399006,2017/11/30,1783.23,1792.14,1765.3,1770.3,109913.92,1752633.29,-0.9556
399006,2017/12/1,1772.04,1808.69,1771.89,1804.62,138573.11,2108161.3,1.9387
399006,2017/12/4,1803.03,1812.4,1795.13,1797.77,122980.26,1911229.97,-0.38
399006,2017/12/5,1794.7,1799.88,1746.12,1758.59,129895.78,1992831.5,-2.1791
399006,2017/12/6,1755.77,1784.82,1744.49,1784.32,133752.48,1995581.02,1.4628
399006,2017/12/7,1780.98,1791.06,1775,1776.99,113452.13,1736762.02,-0.4105
399006,2017/12/8,1776.27,1803.36,1776.27,1792.16,118325.05,1817082.68,0.8534
399006,2017/12/11,1800.13,1816.99,1800.13,1816.99,135396.79,2058577.98,1.3855
399006,2017/12/12,1818.41,1821.48,1798.69,1798.69,122781.4,2023301.73,-1.0068
399006,2017/12/13,1795.48,1806.19,1787.71,1806.09,103126.87,1721876.13,0.4114
399006,2017/12/14,1804.19,1809.67,1787.67,1794.34,107416.61,1705232.1,-0.6504
399006,2017/12/15,1793.24,1801.41,1780.27,1783.97,117484.64,1855696.11,-0.578
399006,2017/12/18,1784.42,1790.87,1773.32,1780.64,100092.26,1663987.4,-0.1866
399006,2017/12/19,1781.81,1802.58,1781.81,1798.5,109226.61,1814882.73,1.0029
399006,2017/12/20,1798.36,1799.37,1779.68,1782.41,106753.08,1721130.53,-0.8946
399006,2017/12/21,1776.45,1796.58,1762.98,1789.74,118994.57,1918075.06,0.4108
399006,2017/12/22,1788.66,1795.07,1778.61,1779.34,113820.35,1822312.42,-0.5809
399006,2017/12/25,1778.96,1780.52,1751.91,1755.81,123207.47,1840315.34,-1.3226
399006,2017/12/26,1755.14,1760.46,1742.26,1758.82,98696.96,1531781.12,0.1717
399006,2017/12/27,1756.04,1760.42,1743.77,1745.24,106332.47,1659393.04,-0.7724
399006,2017/12/28,1742.47,1759.1,1742.02,1745.02,110934.08,1661412.17,-0.0125
399006,2017/12/29,1745.95,1753.98,1741,1752.65,103161,1564273.54,0.4375
399006,2018/1/2,1759.02,1770.01,1748.53,1769.67,105783.6,1766783.97,0.9711
399006,2018/1/3,1770.04,1798.78,1766.34,1795.38,135877.03,2370885.3,1.4529
399006,2018/1/4,1790.65,1795.25,1788.54,1794.61,112938.01,2041056.09,-0.0431
399006,2018/1/5,1797.26,1804.88,1795.26,1801.42,123289.31,2267073.99,0.3795
399006,2018/1/8,1801.18,1806.16,1785.38,1806.16,144235.85,2516787.66,0.263
399006,2018/1/9,1803.36,1808.66,1799.42,1803.59,117124.44,2047292.72,-0.1423
399006,2018/1/10,1803.6,1804.73,1780.1,1791.08,128424.88,2250037.38,-0.6932
399006,2018/1/11,1787.39,1807.15,1776.01,1804.24,146313.91,2486359.78,0.7342
399006,2018/1/12,1800.89,1802.52,1785.61,1785.71,121839.15,2060201.62,-1.027
399006,2018/1/15,1778.79,1780.2,1727.01,1732.62,164561.35,2593084.23,-2.9727
399006,2018/1/16,1729.56,1740.85,1720.65,1729.6,133147.26,2201565.91,-0.1746
399006,2018/1/17,1722.45,1750.06,1697.62,1742.03,160896.27,2541076.02,0.7191
399006,2018/1/18,1735.46,1754.62,1734.78,1738,111418.85,1755359.35,-0.2315
399006,2018/1/19,1735.03,1745.59,1726.53,1728.14,134537.9,2196366.51,-0.5674
399006,2018/1/22,1726.32,1776.18,1715.43,1768.21,189120.29,3034635.5,2.3189
399006,2018/1/23,1767.33,1776.5,1760.34,1767.83,135885.38,2308295.98,-0.0218
399006,2018/1/24,1763.69,1817.08,1752.3,1813.28,274947.03,4477474.1,2.5707
399006,2018/1/25,1811.11,1852.23,1807.52,1810.84,295953.89,4619252.62,-0.1346
399006,2018/1/26,1809.13,1830.55,1809.13,1816.8,202047.9,3159297.04,0.3294
399006,2018/1/29,1811.54,1826.1,1791.58,1799.77,222639.45,3473572.38,-0.9373
399006,2018/1/30,1794.33,1808.01,1779.33,1782.4,177117.07,2686954.1,-0.9652
399006,2018/1/31,1766.77,1767.78,1732.98,1735.06,201138.92,3036853.36,-2.6561
399006,2018/2/1,1735.66,1746.55,1697.39,1697.39,190295.42,2863008.46,-2.1709
399006,2018/2/2,1683.18,1726.89,1676.24,1702.43,177172.54,2671522.25,0.2967
399006,2018/2/5,1678.19,1698.28,1674.98,1688.27,148973.09,2215885.67,-0.8314
399006,2018/2/6,1653.45,1675.56,1597.89,1598.12,202717.78,2940727.73,-5.3401
399006,2018/2/7,1632.87,1637.78,1571.47,1616.4,227020.03,3178359.31,1.1441
399006,2018/2/8,1608.73,1651.59,1608.63,1641.43,182603.89,2605706.85,1.5486
399006,2018/2/9,1598.48,1629.36,1576.89,1592.51,208764.6,2931604.98,-2.9804
399006,2018/2/12,1604.56,1654.65,1604.56,1648.07,167038.78,2455617.13,3.489
399006,2018/2/13,1657.13,1669.08,1644.87,1648.58,149151.67,2306287.2,0.0309
399006,2018/2/14,1649.57,1652.01,1633.76,1646.77,100243.78,1483708.78,-0.1099
399006,2018/2/22,1661.56,1679.79,1650.88,1677.77,140053.15,2105890.92,1.8821
399006,2018/2/23,1674.62,1681.25,1656.95,1668.83,125200.92,1916787.28,-0.5323
399006,2018/2/26,1683.15,1733.71,1673.95,1729.15,199213.65,3150592.79,3.6144
399006,2018/2/27,1729.94,1757.37,1728.31,1743.54,228407.52,3514517.3,0.8321
399006,2018/2/28,1730.15,1773.73,1723.4,1753.63,216407.63,3362771.29,0.5785
399006,2018/3/1,1744.34,1789.85,1741.03,1789.85,231927.66,3526065.22,2.0655
399006,2018/3/2,1777.46,1804.25,1767.9,1772.01,207223.31,3251957.67,-0.997
399006,2018/3/5,1780.82,1795.69,1768.88,1795.69,167113.4,2671280.93,1.3368
399006,2018/3/6,1798.04,1810.26,1790.54,1797.61,195313.45,3198300.76,0.1068
399006,2018/3/7,1795.17,1800.45,1780.3,1785.27,158201.99,2479558.47,-0.6865
399006,2018/3/8,1783.1,1795.82,1781.46,1793.22,139190.39,2271680.08,0.4454
399006,2018/3/9,1794.25,1858.03,1793.92,1856.46,279551.47,4362820.16,3.5262
399006,2018/3/12,1872.03,1901.15,1872.03,1882.41,278559.75,4681519.83,1.398
399006,2018/3/13,1879.63,1896.5,1863.16,1872.68,219716.05,3704630.64,-0.5169
399006,2018/3/14,1863.57,1874.15,1840.35,1841.29,176823.96,3020720.05,-1.6762
399006,2018/3/15,1833.77,1848.72,1812.48,1848.71,181107.18,2962275.3,0.403
399006,2018/3/16,1847.18,1857.15,1821.32,1821.32,177972.66,2919988.78,-1.4815
399006,2018/3/19,1822.6,1860.2,1818.62,1842.92,192350.59,3147223.37,1.1858
399006,2018/3/20,1828.01,1867.46,1825.68,1864.62,177391.47,2999727.79,1.1775
399006,2018/3/21,1866.81,1877.13,1829.91,1829.91,206482.7,3453147.06,-1.8613
399006,2018/3/22,1830.56,1841.4,1814.69,1817.23,180051.38,2858817.24,-0.6932
399006,2018/3/23,1751.74,1792.23,1710.4,1726.02,269285.79,4122904.16,-5.019
399006,2018/3/26,1704.36,1781.84,1693.74,1780.61,215410.44,3405300.5,3.1626
399006,2018/3/27,1799.15,1846.54,1797.09,1844.69,269612.31,4393111.06,3.599
399006,2018/3/28,1819.66,1856.89,1816.44,1835.15,243921.08,3995377.26,-0.5171
399006,2018/3/29,1843.44,1857.33,1825.97,1842.19,205282.28,3413324.01,0.3832
399006,2018/3/30,1850.2,1900.96,1849.25,1900.48,262340.21,4396493.27,3.1644
399006,2018/4/2,1911.57,1918.22,1891.96,1900.26,254128.54,4647122.56,-0.0119
399006,2018/4/3,1869.87,1886.98,1850.01,1872.47,210003.41,3689883.55,-1.4622
399006,2018/4/4,1880.33,1887.11,1834.67,1836.81,187450.65,3173175.7,-1.9043
399006,2018/4/9,1830.88,1862.97,1819.09,1841.65,176229.59,2925862.33,0.2635
399006,2018/4/10,1838.88,1842.22,1811.35,1835.52,190892.6,3156517.23,-0.333
399006,2018/4/11,1840.09,1857.92,1832.42,1834.63,170146.63,2863589.29,-0.0487
399006,2018/4/12,1830.91,1848.63,1826.69,1826.89,137858.63,2386548.96,-0.4217
399006,2018/4/13,1840.87,1848.92,1822.66,1824.59,140692.09,2378967.1,-0.1257
399006,2018/4/16,1818.25,1852.08,1816.32,1838.71,191307.35,3188351.79,0.7736
399006,2018/4/17,1843.75,1849.69,1783.74,1783.74,200546.49,3363982.63,-2.9895
399006,2018/4/18,1793.83,1832.99,1757.39,1822.26,228563.28,3833872.03,2.1597
399006,2018/4/19,1815.45,1839.13,1812.93,1820.28,188563.74,3114665.26,-0.1088
399006,2018/4/20,1813.75,1830.73,1781.22,1782.81,205177.48,3210918.06,-2.0586
399006,2018/4/23,1784.15,1794.68,1729.9,1753.05,192265.68,2999060.27,-1.6693
399006,2018/4/24,1753.64,1806.9,1749.18,1806.86,191664.51,3026708.21,3.0697
399006,2018/4/25,1798,1825.23,1795.79,1819.41,175774.67,3001551.33,0.6943
399006,2018/4/26,1818.69,1819.43,1780.62,1781.28,157374.41,2613344.36,-2.0957
399006,2018/4/27,1790.3,1813.57,1779.18,1805.6,169891.68,2847150.44,1.3653
399006,2018/5/2,1814.63,1833.27,1788.01,1801.57,158655.72,2671835.43,-0.2229
399006,2018/5/3,1797.12,1827.77,1767.6,1826.79,183209.07,2991356.71,1.3999
399006,2018/5/4,1821.02,1832.96,1812.07,1814.86,140256.35,2386726.91,-0.6534
399006,2018/5/7,1819.67,1854.3,1819.02,1852.34,161597.12,2765611.82,2.0652
399006,2018/5/8,1852.69,1857.95,1842.63,1856.87,153752.96,2628413.96,0.2447
399006,2018/5/9,1853.83,1861.94,1845.9,1855.81,133150.99,2271177.86,-0.057
399006,2018/5/10,1857.99,1866.82,1846.11,1865.36,151274.03,2627614.73,0.5146
399006,2018/5/11,1866.93,1870,1834.78,1834.78,157714.95,2731733.52,-1.6393
399006,2018/5/14,1835.7,1844.65,1825.7,1830.98,166658.5,2847165.49,-0.2071
399006,2018/5/15,1830.84,1858.99,1825.51,1858.01,153628.35,2598103.73,1.4763
399006,2018/5/16,1850.01,1862.29,1845.09,1846.68,133915.34,2426133.74,-0.6101
399006,2018/5/17,1845.28,1851.12,1826.23,1831.21,109800.08,1911643.89,-0.8377
399006,2018/5/18,1829.06,1839,1812.66,1836.75,121063.38,2069146.96,0.303
399006,2018/5/21,1845.76,1870.57,1845.76,1862.48,168154.01,2868369.33,1.4007
399006,2018/5/22,1860.63,1876.16,1858.11,1876,146025.67,2460598.51,0.7258
399006,2018/5/23,1869.5,1876.2,1845.81,1845.97,145700.25,2477246.74,-1.6005
399006,2018/5/24,1847.81,1855.99,1837.44,1838.4,136075.11,2205125.9,-0.4101
399006,2018/5/25,1835.42,1841.64,1804.55,1804.55,161116.11,2516232.44,-1.8415
399006,2018/5/28,1804.78,1815.22,1788.04,1796.91,140930.9,2305907.19,-0.4232
399006,2018/5/29,1795.72,1815.2,1773.62,1773.65,138309.4,2326923.44,-1.2948
399006,2018/5/30,1744.24,1758.87,1724.28,1726.22,166059.87,2581680.95,-2.674
399006,2018/5/31,1741.33,1748.53,1714.85,1743.74,141208.51,2214186.11,1.0152
399006,2018/6/1,1734.35,1744.01,1699.68,1709.55,121743.3,1923757.95,-1.961
399006,2018/6/4,1709.57,1715.42,1690.99,1702.93,123559.14,1914168.55,-0.3871
399006,2018/6/5,1702.37,1747.75,1702.37,1746.11,136959.47,2157190.23,2.5358
399006,2018/6/6,1744.17,1751.97,1735.37,1743.25,131963.66,2147343.92,-0.1641
399006,2018/6/7,1747.93,1750.51,1728.06,1730.38,123686.51,1871252.83,-0.7384
399006,2018/6/8,1726.3,1727.49,1698.25,1711.52,122927.9,1867883.92,-1.0895
399006,2018/6/11,1707.14,1708.21,1684.32,1688.62,108552.15,1721263.2,-1.3382
399006,2018/6/12,1692.67,1715.66,1681,1712.77,117536.23,1815599.67,1.4302
399006,2018/6/13,1711.53,1711.53,1685.9,1685.9,110632.57,1619181.19,-1.569
399006,2018/6/14,1682.84,1702.69,1669.38,1673.32,113464.22,1547728.22,-0.746
399006,2018/6/15,1673.9,1681.89,1636.7,1641.66,129139.23,1784636.74,-1.8918
399006,2018/6/19,1612.9,1626.87,1532.32,1547.15,174232.06,2363016.46,-5.7575
399006,2018/6/20,1540.61,1577.62,1525.29,1563.79,156917.33,2191280.06,1.076
399006,2018/6/21,1562.37,1570.6,1521.56,1521.68,150206.22,1989196.08,-2.6933
399006,2018/6/22,1514.04,1555.72,1506.62,1549.66,129824.88,1663654.54,1.8391
399006,2018/6/25,1563.74,1566.78,1537.27,1538.57,122624.67,1681528.87,-0.716
399006,2018/6/26,1518.5,1570.28,1515.27,1564.92,150409.45,1972973.28,1.7128
399006,2018/6/27,1564.29,1572.61,1542.52,1546.23,130842.02,1723907.08,-1.194
399006,2018/6/28,1544.65,1570.9,1540.89,1543.66,136390.19,1803517.82,-0.1661
399006,2018/6/29,1547.15,1609.74,1547.15,1606.72,169800.19,2354558.6,4.0845
399006,2018/7/2,1605.21,1614.34,1572.56,1588.37,149413.54,2243852.31,-1.1415
399006,2018/7/3,1589.5,1613.83,1558,1607.12,168241.67,2498757.08,1.1803
399006,2018/7/4,1595.89,1596,1557.54,1565.61,138196.54,2019585.97,-2.583
399006,2018/7/5,1560.98,1576.99,1532.43,1532.68,122017.38,1733582.57,-2.1034
399006,2018/7/6,1532.05,1571.02,1517.06,1541.31,166828.9,2368806.85,0.5634
399006,2018/7/9,1546.01,1582.53,1546.01,1581.93,145110.07,2183957.61,2.6352
399006,2018/7/10,1583.74,1594,1577.39,1592.98,134301.72,2018048.36,0.6983
399006,2018/7/11,1562.59,1577.17,1540.71,1563.01,164154.63,2357418.69,-1.8813
399006,2018/7/12,1563.79,1620.64,1563.79,1614.63,244180.03,3109294.06,3.3029
399006,2018/7/13,1612.19,1626.27,1608.6,1618.46,209297.48,2716569.15,0.2373
399006,2018/7/16,1614.56,1624.33,1605.21,1616.91,180786.72,2418121.95,-0.0958
399006,2018/7/17,1615.84,1622.09,1597.88,1621.63,182780.28,2290810.51,0.2919
399006,2018/7/18,1622.29,1635.91,1607.88,1607.88,194074.06,2691492.67,-0.8478
399006,2018/7/19,1607.93,1619.39,1582.97,1590.06,168026.6,2328793.93,-1.1084
399006,2018/7/20,1589.31,1615.06,1578.8,1609.55,170206.61,2446492.36,1.2254
399006,2018/7/23,1592.24,1621.17,1589.64,1620.97,193833.2,2835624.59,0.7098
399006,2018/7/24,1615.72,1641.97,1607.54,1629.61,220156.28,3272561.99,0.5328
399006,2018/7/25,1629.13,1645.45,1626.09,1632.32,197652.66,2949122.05,0.1663
399006,2018/7/26,1631.46,1635.05,1601.46,1606.12,210457.12,2633266.88,-1.6054
399006,2018/7/27,1601.27,1607.3,1590.43,1594.57,176331.49,2090759.39,-0.719
399006,2018/7/30,1593.6,1596.73,1554.04,1559.64,155198.07,2078051.09,-2.1903
399006,2018/7/31,1557.6,1571.87,1551.09,1561.26,136179.55,1909014.75,0.1037
399006,2018/8/1,1568.12,1580.84,1541.86,1541.86,142830.58,1996999.33,-1.2425
399006,2018/8/2,1538.28,1538.94,1484.48,1510.09,185209.16,2516021.9,-2.0606
399006,2018/8/3,1512.57,1523.24,1481.61,1481.61,125414.52,1787077.51,-1.886
399006,2018/8/6,1471.36,1485.85,1434.79,1440.8,144670.96,1964920.69,-2.7546
399006,2018/8/7,1445.62,1482.03,1435.09,1479.44,140656.12,1954613.27,2.6823
399006,2018/8/8,1475.32,1480.28,1446.81,1447.76,131151.53,1689666.2,-2.1416
399006,2018/8/9,1443.87,1509.87,1443.3,1497.61,169154.32,2264755.93,3.4432
399006,2018/8/10,1496.11,1514.51,1496.11,1511.71,126154.42,1731947.47,0.9416
399006,2018/8/13,1494.32,1534.12,1490.82,1531.34,141086.23,1972904.69,1.2987
399006,2018/8/14,1530.45,1533.07,1512.16,1518.49,122282.34,1541933.16,-0.8391
399006,2018/8/15,1518.28,1519.72,1472.44,1478.51,143177.73,1777331.76,-2.6332
399006,2018/8/16,1458.39,1489.34,1449.93,1463.87,140320.66,1801616.68,-0.9898
399006,2018/8/17,1475.89,1480.43,1432.06,1434.31,128447.74,1799931.13,-2.0197
399006,2018/8/20,1428.26,1444,1404.19,1435.69,138316.7,1892994.94,0.0965
399006,2018/8/21,1435.36,1461.38,1431.84,1456.97,130019.76,1841386.36,1.4824
399006,2018/8/22,1454.71,1457.79,1437.26,1439.55,111361.24,1452107.78,-1.1956
399006,2018/8/23,1439.66,1463.02,1438.28,1455.5,125722.9,1699567.67,1.108
399006,2018/8/24,1450.95,1460.65,1442.81,1450.09,108260.24,1395983.14,-0.3718
399006,2018/8/27,1455.66,1495.68,1454.28,1493.43,152346.62,2031413.18,2.9889
399006,2018/8/28,1495.9,1499.68,1485.54,1493.11,128112.47,1752656.92,-0.0219
399006,2018/8/29,1491.78,1491.78,1475.97,1481.19,112183.18,1515819.42,-0.798
399006,2018/8/30,1479.85,1484.17,1456.24,1457.92,116129.59,1502044.77,-1.5714
399006,2018/8/31,1450.47,1455.51,1434.31,1435.2,105735.15,1364803.65,-1.5581
399006,2018/9/3,1433.63,1445.3,1416.24,1443.69,125449.85,1593358.46,0.5914
399006,2018/9/4,1442.28,1461.11,1430.66,1455.5,159219.63,1943847.11,0.8184
399006,2018/9/5,1450.39,1457.59,1430.24,1430.24,156297.53,1764616.28,-1.7357
399006,2018/9/6,1424.47,1443.56,1416.57,1422.87,135977.06,1683917.23,-0.5153
399006,2018/9/7,1426.98,1453.09,1415.17,1425.23,160550.55,1940861.16,0.1658
399006,2018/9/10,1424.01,1427.33,1390.14,1390.82,163126.77,1857937.41,-2.4141
399006,2018/9/11,1389.54,1405.98,1383.13,1395.17,127451.9,1422361.88,0.3123
399006,2018/9/12,1394.16,1406.4,1382.84,1385.8,122041.04,1542589.12,-0.6717
399006,2018/9/13,1401.96,1408.87,1369.51,1391.28,130353.53,1786872.07,0.3957
399006,2018/9/14,1394.09,1396.47,1366.57,1366.57,130730.15,1677183.77,-1.7764
399006,2018/9/17,1360.72,1365.4,1345.58,1349.78,110477.43,1337709.36,-1.2286
399006,2018/9/18,1348.11,1379.38,1347.12,1377.3,124009.87,1483394.26,2.0394
399006,2018/9/19,1375.21,1405.71,1369.47,1392.4,151734.52,1846617.25,1.0963
399006,2018/9/20,1391.25,1400.04,1384.71,1387.62,114316.31,1264480.3,-0.3436
399006,2018/9/21,1393.68,1413.57,1382.41,1411.12,135261.63,1621857.78,1.6935
399006,2018/9/25,1401.86,1416.78,1398.4,1405.81,94529.78,1183901.46,-0.3765
399006,2018/9/26,1409.02,1430.12,1403.56,1420.75,129772.6,1615916.09,1.063
399006,2018/9/27,1418.37,1423.39,1399.15,1400.36,137889.75,1652653.34,-1.4352
399006,2018/9/28,1403.96,1412.95,1394.25,1411.34,127668.89,1581356.83,0.7842
399006,2018/10/8,1380.65,1388.16,1353.23,1353.67,113048.25,1604678.9,-4.0861
399006,2018/10/9,1357.97,1365.83,1338.73,1345.95,91137.48,1374585.52,-0.5702
399006,2018/10/10,1350.68,1358.49,1333.84,1346.71,87945.74,1261021.75,0.0559
399006,2018/10/11,1299.17,1311.84,1255.42,1261.88,151418.65,1906239.81,-6.2985
399006,2018/10/12,1253.92,1276.59,1230.4,1268.41,144782.18,1695483.47,0.5169
399006,2018/10/15,1268.88,1282.29,1249.2,1250.22,112052.18,1445368.63,-1.4339
399006,2018/10/16,1249.56,1252.04,1210.1,1216.69,116399.02,1426043.8,-2.682
399006,2018/10/17,1231,1237.77,1204.08,1231.86,154706.98,1898647.93,1.2472
399006,2018/10/18,1220.29,1230.13,1205.03,1205.03,140781.51,1679561.45,-2.1781
399006,2018/10/19,1186.49,1252.69,1184.91,1249.89,161705.17,2050272.69,3.7226
399006,2018/10/22,1270.5,1329.56,1270.49,1314.95,222687.17,2956689.99,5.2049
399006,2018/10/23,1313.68,1321.97,1281.11,1292.06,169987.74,2185193.6,-1.7407
399006,2018/10/24,1285.86,1303.23,1277.59,1284.1,140852.39,1918518.12,-0.6156
399006,2018/10/25,1245.3,1279.94,1239.59,1273.6,136813.4,1840540.46,-0.8176
399006,2018/10/26,1283.07,1290.57,1257.5,1263.19,127213.39,1642679.51,-0.8178
399006,2018/10/29,1262.54,1271.35,1245.15,1250.48,121600.96,1529487.48,-1.006
399006,2018/10/30,1248.67,1279.04,1222.62,1259.95,156258.67,1970198.71,0.7571
399006,2018/10/31,1263.34,1287.35,1259.66,1275.57,128319.86,1644162.74,1.2402
399006,2018/11/1,1291.88,1312.77,1286.33,1286.33,184415.43,2276866.84,0.8429
399006,2018/11/2,1328.46,1349.43,1320.74,1348.28,227258.63,2885813.39,4.8163
399006,2018/11/5,1347.47,1371.43,1325.02,1348.88,208589.11,2638807.16,0.0443
399006,2018/11/6,1346.53,1350.82,1327.4,1349.11,145015.29,1870822.76,0.0173
399006,2018/11/7,1349.62,1367.27,1345.2,1345.77,155299.23,2130776.84,-0.2476
399006,2018/11/8,1357.89,1359.29,1328.99,1329.59,131764.83,1769709.79,-1.2021
399006,2018/11/9,1321.33,1337.39,1318.21,1322.83,112991.76,1436285,-0.5084
399006,2018/11/12,1322.87,1370.87,1320.52,1368.79,181212.36,2321836.5,3.4744
399006,2018/11/13,1356.62,1400.87,1353.63,1392.06,240865.01,2875028.25,1.6996
399006,2018/11/14,1388.23,1401.43,1382.79,1385.73,178387.17,2127273.27,-0.4542
399006,2018/11/15,1382.34,1405.39,1381.29,1405.25,171953.66,2200826.63,1.4084
399006,2018/11/16,1406.73,1415.38,1390.81,1403.28,185806.41,2516269.59,-0.1398
399006,2018/11/19,1399.01,1403.94,1380.6,1394.4,157209.56,1964175.82,-0.633
399006,2018/11/20,1384.18,1385.96,1352.74,1355.33,158772.19,2035854.32,-2.8016
399006,2018/11/21,1344.4,1364.76,1342.16,1363.03,139110.08,1836423.47,0.5677
399006,2018/11/22,1365.48,1371.39,1349.99,1353.92,112572.46,1436516.18,-0.6679
399006,2018/11/23,1355.17,1355.17,1306.56,1308.74,159710.81,1907264.46,-3.3373
399006,2018/11/26,1309.47,1316.47,1296.03,1304.56,100832.09,1273013.42,-0.3195
399006,2018/11/27,1314.09,1322.41,1307.2,1315.43,111313.8,1432708.09,0.8337
399006,2018/11/28,1314.53,1341.51,1305.02,1341.08,151707.42,1831209.41,1.9499
399006,2018/11/29,1347.74,1351.98,1312.72,1312.72,140241.32,1779636.5,-2.1152
399006,2018/11/30,1309.89,1332.94,1304.66,1329.39,114895.07,1465255.69,1.2701
399006,2018/12/3,1365.9,1380.82,1358.1,1372.79,197912.41,2557376.61,3.265
399006,2018/12/4,1370.29,1378.99,1366.49,1378.75,135174.95,1695660.22,0.4342
399006,2018/12/5,1359.27,1391.03,1355.7,1381.77,156846.34,2002844.13,0.2185
399006,2018/12/6,1371.35,1376.32,1342.81,1345.76,148072.49,1964326.78,-2.6058
399006,2018/12/7,1344.13,1349.26,1334.39,1341.02,115046.25,1519398.68,-0.3524
399006,2018/12/10,1328.06,1340.16,1325.91,1326.85,114752.72,1569047.55,-1.0567
399006,2018/12/11,1332.52,1339.02,1328.44,1338.08,101268.2,1313189.38,0.8464
399006,2018/12/12,1343.9,1347.74,1335.35,1338.73,97456.4,1331656.01,0.0487
399006,2018/12/13,1341.55,1357.02,1327.02,1348.5,124032.19,1678967.89,0.73
399006,2018/12/14,1346.9,1346.9,1309.44,1310.46,128200.91,1691008.8,-2.8213
399006,2018/12/17,1303.88,1306.95,1284.66,1299.18,109052.13,1424386.77,-0.861
399006,2018/12/18,1293.15,1307.9,1282.96,1293.34,102729.06,1326251.3,-0.4495
399006,2018/12/19,1295.89,1296.86,1265.75,1268.81,95209.4,1319538.87,-1.896
399006,2018/12/20,1266.76,1282.11,1265.88,1278.16,95173.77,1271321.86,0.7364
399006,2018/12/21,1274.04,1279.5,1259.81,1270.3,100740.37,1318616.26,-0.6144
399006,2018/12/24,1267.23,1285.69,1263.57,1284.33,90816.79,1207391.7,1.1043
399006,2018/12/25,1269.14,1279.7,1243.97,1273.45,142208.77,1668802.18,-0.8475
399006,2018/12/26,1272.24,1280.36,1262.34,1264.07,114317.22,1294561.82,-0.7363
399006,2018/12/27,1283.17,1285.52,1246.79,1248.08,136418.61,1587255.53,-1.2653
399006,2018/12/28,1248.06,1253.84,1236.28,1250.53,130533.78,1536091.52,0.1962
399006,2019/1/2,1250.62,1251.23,1226.87,1228.77,111996.57,1489121.6,-1.7399
399006,2019/1/3,1226.75,1240.29,1213.87,1214.5,125063.96,1558587.23,-1.1613
399006,2019/1/4,1203.67,1246.39,1201.81,1245.16,160010.78,2020453.83,2.5245
399006,2019/1/7,1250.4,1270.36,1244.82,1268.06,153622.57,1985228.41,1.8392
399006,2019/1/8,1262.2,1270.43,1258.57,1263.51,127615.6,1624054.14,-0.3587
399006,2019/1/9,1263.73,1285.31,1258.62,1262.52,152198.96,2010680.91,-0.0786
399006,2019/1/10,1262.11,1270.66,1255.75,1258.99,125752.77,1579027.43,-0.2794
399006,2019/1/11,1260,1266.67,1252.3,1261.56,120094.79,1440465.43,0.2042
399006,2019/1/14,1263.02,1264.04,1243.53,1246,112671.54,1446288.66,-1.2335
399006,2019/1/15,1243.94,1267.65,1238.59,1266.28,137876.44,1660979.23,1.6273
399006,2019/1/16,1267.14,1277.27,1262.27,1267.31,130455.2,1618340.95,0.0813
399006,2019/1/17,1267.82,1267.82,1251.15,1251.41,119568.55,1464917.78,-1.2539
399006,2019/1/18,1255.6,1270,1248.85,1269.51,128418.72,1591685.29,1.4456
399006,2019/1/21,1271.39,1283.14,1266.8,1274.79,130711.2,1726646.08,0.4162
399006,2019/1/22,1273.47,1273.47,1247.45,1252.24,119968.64,1513250.63,-1.7689
399006,2019/1/23,1250.83,1255.41,1244.94,1251.13,95196.92,1185357.78,-0.0888
399006,2019/1/24,1252.39,1272.49,1248.06,1265.16,138652.11,1757478.51,1.1217
399006,2019/1/25,1266.63,1276.99,1261.41,1265.49,144053.43,1907284.32,0.0263
399006,2019/1/28,1272.37,1279.82,1257.53,1259.74,133634.69,1683830.53,-0.4544
399006,2019/1/29,1259.8,1259.8,1229.48,1243.59,141226.39,1681396.26,-1.2821
399006,2019/1/30,1238.28,1248.96,1230.82,1230.82,125303.78,1551180.56,-1.0271
399006,2019/1/31,1231,1243.59,1220.95,1227.99,151630.48,1732247.13,-0.23
399006,2019/2/1,1233.38,1272.19,1233.38,1271.28,156637.92,1969856.44,3.525
399006,2019/2/11,1275.22,1319.18,1274.73,1316.1,171840.37,2321113.03,3.5258
399006,2019/2/12,1316.91,1336.14,1314.92,1332.27,174434.51,2254977,1.2288
399006,2019/2/13,1335.16,1362.64,1333.11,1357.67,230649.83,3014129.26,1.9062
399006,2019/2/14,1357.78,1369.78,1349.47,1361.94,182412.9,2430433.23,0.3147
399006,2019/2/15,1360.76,1371.97,1355.78,1357.84,191626.01,2430980.97,-0.3012
399006,2019/2/18,1364.94,1413.77,1364.94,1413.6,246488.99,3200111.43,4.1068
399006,2019/2/19,1419.04,1427.14,1391.57,1406.04,266304.91,3472169.88,-0.535
399006,2019/2/20,1406.99,1417.89,1387.9,1408.38,188905.33,2512977.44,0.1668
399006,2019/2/21,1405.52,1452.39,1401.77,1412.54,286415.42,3836941.91,0.2949
399006,2019/2/22,1409.86,1456.31,1407.29,1456.3,281991.56,3884117.02,3.0983
399006,2019/2/25,1487.3,1538.16,1481.17,1536.37,415544.07,5804409.63,5.4983
399006,2019/2/26,1549.24,1581.83,1532.44,1546.99,474691.39,7160124.94,0.691
399006,2019/2/27,1544.16,1555.59,1503.68,1520.42,358199.07,5232335.73,-1.7174
399006,2019/2/28,1522.63,1549.33,1519.76,1535.68,288149.87,4253593.37,1.0037
399006,2019/3/1,1558.9,1568.32,1532.45,1567.87,287309.78,4519409.13,2.0963
399006,2019/3/4,1596.55,1651.01,1593.26,1619.71,445104.85,6849204.47,3.3062
399006,2019/3/5,1615.59,1676.57,1613.5,1676.57,419591.34,5874401.75,3.5103
399006,2019/3/6,1684.97,1704.1,1661.01,1700.5,466934.39,6714588.6,1.4273
399006,2019/3/7,1699.6,1719.15,1666.37,1692.42,464821.51,6883695.34,-0.4752
399006,2019/3/8,1647.85,1718.38,1635.45,1654.49,529313.49,7939060.17,-2.2412
399006,2019/3/11,1673.41,1728.33,1656.14,1727.8,429638.65,6513243.76,4.4313
399006,2019/3/12,1733.43,1789.16,1733.43,1773.43,533604.32,8178813.04,2.641
399006,2019/3/13,1769.55,1769.55,1682.36,1693.86,420722.92,6497215.18,-4.4869
399006,2019/3/14,1676.61,1700.52,1628.64,1650.19,346281.87,5348333.1,-2.5784
399006,2019/3/15,1667.78,1685.08,1642.7,1662.62,269030.45,4241802.4,0.7537
399006,2019/3/18,1671.28,1707.06,1652.88,1707.06,271354.47,4469081.9,2.6725
399006,2019/3/19,1706.19,1730.35,1693.54,1708.87,275503.33,4198792.32,0.1065
399006,2019/3/20,1701.73,1705.59,1654.3,1687.9,282142.99,4421260.08,-1.2274
399006,2019/3/21,1683.55,1716.45,1677.66,1703.85,340600.43,5006443.07,0.9452
399006,2019/3/22,1703.97,1703.97,1660.33,1693.87,262101.49,3988579.98,-0.5863
399006,2019/3/25,1662.76,1695.09,1658.45,1668.84,252341.21,3980083.78,-1.4773
399006,2019/3/26,1680.78,1684.36,1627.23,1630.19,263240.37,3974280.39,-2.316
399006,2019/3/27,1640.21,1645.56,1616.6,1637.77,209776.84,3296098.47,0.4652
399006,2019/3/28,1632.04,1659.95,1624.01,1626.82,198619.88,3103251.01,-0.6688
399006,2019/3/29,1633.38,1693.55,1628.74,1693.55,267301.06,4355999.2,4.1017
399006,2019/4/1,1710.16,1766.37,1710.16,1760.89,329759.88,5437991.24,3.9766
399006,2019/4/2,1771.69,1774.98,1747.44,1754.16,342193.05,5741129.81,-0.3825
399006,2019/4/3,1743.99,1769.76,1739.14,1768.18,291075.25,4702401.27,0.7993
399006,2019/4/4,1780.28,1784.47,1761.05,1777.26,302187.07,5015887.75,0.5138
399006,2019/4/8,1787.96,1792.03,1720,1739.66,321400.92,5329939.07,-2.1161
399006,2019/4/9,1734.18,1753.52,1721.32,1741.17,252069.53,3926616.06,0.0871
399006,2019/4/10,1727.97,1740.85,1714.64,1726.64,302475.2,4569362.79,-0.8348
399006,2019/4/11,1727.22,1732.62,1688.1,1691.1,250713.56,3855340.14,-2.0579
399006,2019/4/12,1692.43,1702.35,1683.29,1695.73,195477.86,3010825.42,0.2735
399006,2019/4/15,1721.64,1726.2,1666.65,1666.9,225865.43,3697827.98,-1.7003
399006,2019/4/16,1656.76,1697.53,1638.3,1697.53,253151.61,4079901.69,1.8377
399006,2019/4/17,1699.2,1729.21,1697.97,1717.44,278090.76,4484895.1,1.1728
399006,2019/4/18,1715.18,1719.96,1702.93,1704.55,217256.07,3285257.36,-0.7505
399006,2019/4/19,1704.72,1715.8,1692.49,1715.8,226049.63,3191589.46,0.6599
399006,2019/4/22,1720.78,1723.56,1690.64,1697.51,239069.51,3548199,-1.0656
399006,2019/4/23,1695.27,1706.08,1677.73,1683.8,204242.85,3094966.77,-0.8078
399006,2019/4/24,1690.28,1721.42,1676.64,1718.85,227987.34,3318731.5,2.0814
399006,2019/4/25,1709.83,1723.66,1669.24,1669.98,251598.71,3671226.29,-2.8431
399006,2019/4/26,1664.04,1682.46,1653.69,1657.82,219143,3183373.36,-0.7278
399006,2019/4/29,1658.19,1661.06,1611.22,1615.62,249095.51,3634528.27,-2.546
399006,2019/4/30,1612.11,1634.71,1608.72,1623.78,179073.26,2572322.69,0.5054
399006,2019/5/6,1551.72,1563.61,1487.45,1494.89,250522.22,3433241.79,-7.938
399006,2019/5/7,1506.97,1523.66,1474.5,1504.16,198790.5,2842763.51,0.6206
399006,2019/5/8,1469.24,1515.16,1465.09,1481.87,166925.55,2381050.26,-1.482
399006,2019/5/9,1470.98,1491.38,1466.97,1469.48,148061.77,2087875.49,-0.8366
399006,2019/5/10,1489.19,1535.16,1463.19,1533.87,227714.6,3255421.93,4.3822
399006,2019/5/13,1513.96,1523.88,1494.48,1503.07,153844.97,2208261.77,-2.0084
399006,2019/5/14,1492.9,1517.67,1491.44,1494.6,148272.71,2151244.75,-0.563
399006,2019/5/15,1509.45,1533.73,1503.67,1528.69,161842.57,2346487.22,2.2807
399006,2019/5/16,1528.63,1537.59,1515.61,1533.67,156521.27,2317077.68,0.3257
399006,2019/5/17,1537.45,1537.45,1472.46,1478.75,193156.5,2668025.56,-3.5811
399006,2019/5/20,1478.2,1481.19,1450.28,1469.31,165647.57,2359473.85,-0.6382
399006,2019/5/21,1469.97,1504.21,1465.88,1493.72,150782.11,2200226.1,1.661
399006,2019/5/22,1493.66,1503.81,1477.46,1488.63,147737.71,1990844.23,-0.3407
399006,2019/5/23,1486.95,1486.95,1449.14,1451.25,161203.96,2209093.05,-2.5112
399006,2019/5/24,1452.04,1465.24,1437.93,1443.75,149342.59,1878827.5,-0.5167
399006,2019/5/27,1447.98,1496.79,1445.79,1491.95,183072.57,2525155.91,3.3389
399006,2019/5/28,1497.12,1506.78,1483.76,1505.16,160437.16,2403700.4,0.8855
399006,2019/5/29,1492.58,1507.18,1488.04,1497.89,126058.93,1729502.7,-0.4831
399006,2019/5/30,1494.35,1495.24,1466.83,1485.24,134656.66,1835274.75,-0.8445
399006,2019/5/31,1487.28,1498.24,1474.53,1483.66,126999.88,1677264.73,-0.1066
399006,2019/6/3,1489.43,1499.01,1466.27,1468.98,143326.31,1952470.88,-0.9892
399006,2019/6/4,1467.59,1476.21,1448,1456.27,124304.93,1714281.61,-0.8655
399006,2019/6/5,1471.95,1475.54,1448.99,1451.18,124244.64,1852446.02,-0.3496
399006,2019/6/6,1450.1,1450.1,1411.61,1416.06,133096.57,1831026.29,-2.4202
399006,2019/6/10,1422.34,1441.17,1410.57,1431.34,122578.72,1741745.97,1.0792
399006,2019/6/11,1432.95,1488.93,1430.09,1487.35,193354.96,2752278.45,3.9133
399006,2019/6/12,1481.42,1486.6,1467.54,1473.9,146205.55,2086431.87,-0.9042
399006,2019/6/13,1474.55,1485.72,1464.84,1479.83,145863.27,1988135.97,0.4023
399006,2019/6/14,1478.53,1489.47,1451.66,1453.96,160163.8,2229529,-1.7484
399006,2019/6/17,1450.56,1459.21,1437.14,1442.35,99688.22,1674287.38,-0.7985
399006,2019/6/18,1443.65,1460.19,1437.04,1455.75,90754.83,1480775.02,0.9289
399006,2019/6/19,1501.25,1504.41,1469.59,1469.99,168787.85,2674605.43,0.9783
399006,2019/6/20,1469.81,1507.62,1463.82,1498.01,186282.02,2860227.88,1.9066
399006,2019/6/21,1531.39,1534.49,1515.91,1523.81,227835.03,3430951.82,1.7219
399006,2019/6/24,1526.7,1526.7,1507.69,1514.47,152889.17,2362789.35,-0.6132
399006,2019/6/25,1512.93,1512.93,1480.27,1498.47,142679.17,2266181.82,-1.0564
399006,2019/6/26,1490.56,1511.53,1487.76,1504.55,120603.75,2044691.25,0.4059
399006,2019/6/27,1510.09,1529.72,1507.97,1525.24,148981.12,2428682.91,1.3755
399006,2019/6/28,1523.79,1523.79,1501.63,1511.51,119822.61,1860905.63,-0.9006
399006,2019/7/1,1545.06,1568.4,1534.56,1568.16,209944.32,3473893.29,3.7481
399006,2019/7/2,1565.99,1577.03,1560.6,1570.51,152510.91,2710891.22,0.15
399006,2019/7/3,1566.3,1566.3,1538.37,1544.36,138424.5,2512610.97,-1.6654
399006,2019/7/4,1548.56,1551.14,1525.29,1532.74,128324.19,2060086.26,-0.752
399006,2019/7/5,1535.48,1551.94,1532.86,1547.74,110354.26,1827479.96,0.9782
399006,2019/7/8,1547.6,1547.6,1495.23,1506.66,152748.91,2373799.19,-2.6539
399006,2019/7/9,1507.39,1521.71,1501.74,1517.79,111968.58,1833872.68,0.7389
399006,2019/7/10,1521.95,1523.81,1504.66,1510.44,101444.79,1734021.6,-0.4848
399006,2019/7/11,1522.81,1531.64,1507.71,1514.2,107365.23,1713285.24,0.2492
399006,2019/7/12,1517.04,1525.69,1506.7,1518.07,115558.78,1757218.53,0.2559
399006,2019/7/15,1512.77,1556.05,1496.81,1547.47,193978.28,3010556.69,1.9363
399006,2019/7/16,1545.34,1551.99,1538.62,1545.27,130154.36,2171191.98,-0.1418
399006,2019/7/17,1544.42,1563.05,1541.37,1550.22,141577.73,2278747.92,0.3199
399006,2019/7/18,1542.43,1542.66,1524.48,1524.48,128324.96,1962489.6,-1.6603
399006,2019/7/19,1532.38,1552.74,1532.38,1541.98,122359.74,1950326.46,1.1481
399006,2019/7/22,1545.91,1545.93,1511.52,1515.97,132831.29,2065485.7,-1.6872
399006,2019/7/23,1519.63,1535.04,1516.86,1534.93,109751.34,1852107.09,1.2508
399006,2019/7/24,1539.23,1562.13,1538.67,1553.72,154681.19,2465703.43,1.2243
399006,2019/7/25,1552.85,1567.33,1549.49,1566.08,139532.5,2277009.91,0.7954
399006,2019/7/26,1562.2,1565.44,1552.39,1561.86,116519.23,1945931.9,-0.2696
399006,2019/7/29,1561.27,1566.74,1556.39,1566.52,127889.53,1989712.38,0.2989
399006,2019/7/30,1568.16,1593.69,1566.6,1580.13,160918.67,2495674.54,0.8685
399006,2019/7/31,1577.2,1578.75,1568,1570.39,116724.62,1926424.74,-0.6162
399006,2019/8/1,1562.53,1578.86,1561.2,1573.87,120896.76,2136090.96,0.2212
399006,2019/8/2,1539.92,1559.12,1536.4,1556.74,153879.2,2463826.52,-1.0879
399006,2019/8/5,1552.35,1566.73,1531.37,1531.37,151719.75,2431890.68,-1.6298
399006,2019/8/6,1501.4,1517.68,1478.54,1507.91,182184.6,2685047.8,-1.532
399006,2019/8/7,1520.58,1523.62,1500.07,1500.25,122509.26,1998618.26,-0.508
399006,2019/8/8,1512.27,1526.18,1511.34,1522.97,115222.67,2087933.46,1.5146
399006,2019/8/9,1532.98,1536.25,1504.89,1507.71,129485.62,2252510.35,-1.0025
399006,2019/8/12,1511.32,1539.91,1506.68,1539.91,141997.91,2263878.77,2.1362
399006,2019/8/13,1526.08,1535.98,1519.01,1524.36,131663.9,2034833.05,-1.0102
399006,2019/8/14,1546.21,1551.45,1534.85,1536.66,170075.73,2631332.19,0.8071
399006,2019/8/15,1507.95,1556.01,1505.43,1555.77,184135.05,2567547.21,1.2438
399006,2019/8/16,1554.72,1584.38,1553.82,1567.99,209204.51,3149835.56,0.7855
399006,2019/8/19,1586.01,1622.84,1581.71,1622.84,292358.4,4554310.46,3.4982
399006,2019/8/20,1624.8,1630.32,1607.41,1611.59,229531.74,3575578.73,-0.6933
399006,2019/8/21,1614.3,1616.08,1605.4,1609.83,180726.47,2755967.4,-0.1092
399006,2019/8/22,1614.13,1615.61,1599.31,1613.46,173832.73,2595504.17,0.2252
399006,2019/8/23,1614.54,1623.19,1605.01,1615.56,179925.68,3076935.36,0.1302
399006,2019/8/26,1588.55,1608.2,1587.9,1600.8,178658.12,2949732.45,-0.9139
399006,2019/8/27,1611.9,1646.87,1610,1628.12,219953.93,3616505.74,1.707
399006,2019/8/28,1629.99,1632.69,1617.25,1625.19,167859.29,2776725.26,-0.1801
399006,2019/8/29,1625.96,1632.96,1615.57,1620.86,163249,2558199.65,-0.2662
399006,2019/8/30,1630.05,1637.26,1600.45,1610.9,214436.22,3417213.67,-0.6147
399006,2019/9/2,1614.03,1655.42,1610.81,1652.29,223691.54,3706446.82,2.5694
399006,2019/9/3,1656.05,1662.38,1646.92,1660.43,239783.97,3858091.31,0.4926
399006,2019/9/4,1656.59,1669.41,1650.04,1669.41,238695,3776973.43,0.541
399006,2019/9/5,1682.44,1708.97,1682.44,1689.05,327713.73,5206084.04,1.1767
399006,2019/9/6,1699.66,1700.19,1674.67,1692.24,251487.57,4173061.77,0.1886
399006,2019/9/9,1702.99,1733.23,1691.94,1733.23,312830.62,5257477.21,2.4223
399006,2019/9/10,1733.63,1734.97,1715.75,1725.31,276698.14,4636419.99,-0.4571
399006,2019/9/11,1730.35,1736.18,1700.91,1703.54,219626.7,3978506.77,-1.2618
399006,2019/9/12,1713.59,1715.34,1695.3,1710.57,184337.25,3174757.57,0.4129
399006,2019/9/16,1715.92,1723.11,1703.38,1714.37,211200.54,3473547.76,0.2219
399006,2019/9/17,1710.77,1710.77,1671.07,1677.99,220453.77,3502126.87,-2.1221
399006,2019/9/18,1683.15,1687.11,1668.66,1679.31,183880.48,3061508.94,0.0786
399006,2019/9/19,1684.93,1706.86,1676.5,1705.6,189187.36,3262289.9,1.5657
399006,2019/9/20,1709.23,1716.84,1701.4,1705.05,200730.95,3627874.22,-0.0324
399006,2019/9/23,1699.34,1699.34,1669.89,1684.32,203869.12,3454584.94,-1.2154
399006,2019/9/24,1685.12,1706.82,1678.18,1694.6,227570.22,4150228.73,0.6099
399006,2019/9/25,1686.19,1689.23,1670.69,1672.65,221667.7,3782022.8,-1.2953
399006,2019/9/26,1677.79,1680.93,1623.65,1623.79,220887.66,3769437.2,-2.9208
399006,2019/9/27,1628.14,1653.06,1624.75,1647.53,192179.13,2859521.25,1.4621
399006,2019/9/30,1648.9,1651.87,1626.05,1627.55,167756.71,2562620.91,-1.2132
399006,2019/10/8,1631.92,1638.72,1615.16,1616.58,170979.93,2763502.73,-0.6735
399006,2019/10/9,1613.02,1623.18,1601.81,1622.42,154354.2,2559277.97,0.3607
399006,2019/10/10,1632.22,1668.17,1627.43,1666.97,193230.3,3470440.85,2.746
399006,2019/10/11,1667.95,1675.74,1654.56,1666.83,212263.07,3537438.1,-0.0079
399006,2019/10/14,1678.79,1690.94,1671.09,1679.38,232054.54,3686512.09,0.7526
399006,2019/10/15,1676.24,1676.24,1659.11,1660.89,236976.22,3699785.22,-1.1011
399006,2019/10/16,1661,1671.77,1655.3,1656.37,200498.08,3517214.37,-0.2718
399006,2019/10/17,1657.93,1664.1,1652.43,1658.26,167411.94,2916534.29,0.1139
399006,2019/10/18,1662.61,1674.92,1644.27,1648.63,188860.29,3120781.26,-0.581
399006,2019/10/21,1651.29,1651.29,1628.93,1644.51,160806.45,2788121.4,-0.2497
399006,2019/10/22,1649.76,1667.21,1647.31,1666.87,165556.13,2729021.04,1.3597
399006,2019/10/23,1668.71,1672.43,1646.99,1650.29,141638.41,2382055.79,-0.9946
399006,2019/10/24,1650.79,1658.39,1640.16,1653.87,131866.62,2259704.97,0.2166
399006,2019/10/25,1655.29,1677.03,1649.14,1675.34,152827.19,2665558.5,1.2985
399006,2019/10/28,1687.37,1704.78,1684.11,1704.42,263126.18,4282356.29,1.7356
399006,2019/10/29,1702.16,1706.31,1686.58,1686.58,264722.9,4035113.16,-1.0465
399006,2019/10/30,1684.6,1689.83,1672.1,1684.08,190226.78,3043736.38,-0.1483
399006,2019/10/31,1688.42,1693.39,1669.33,1671.31,170186.81,2881810.11,-0.758
399006,2019/11/1,1667.86,1688.71,1663.61,1687,157254.59,2791732.74,0.9385
399006,2019/11/4,1689.58,1707.11,1689,1699.92,189065.23,3438629.95,0.7659
399006,2019/11/5,1704.06,1718.18,1695.4,1713.29,194348.38,3678455,0.7865
399006,2019/11/6,1720.68,1721.1,1696.79,1703.02,182479.32,3589276.44,-0.5995
399006,2019/11/7,1698.63,1724.37,1695.34,1715.58,177003.17,3180800.98,0.7374
399006,2019/11/8,1724.4,1731,1709.96,1711.22,204032.06,3513295.34,-0.2541
399006,2019/11/11,1699.17,1700.28,1671.67,1673.13,175845.25,2954607.33,-2.2257
399006,2019/11/12,1676.43,1679.73,1654.91,1671.44,157556.05,2689856.56,-0.1008
399006,2019/11/13,1673.55,1683.63,1666.57,1681.79,136824,2598889.28,0.6193
399006,2019/11/14,1682.87,1696.73,1681.07,1692.58,159236.11,2721460.91,0.6415
399006,2019/11/15,1692.08,1695.97,1674.78,1674.78,182611.84,3145024.26,-1.0516
399006,2019/11/18,1671.59,1683.46,1665.11,1682.49,147868.29,2612574.65,0.4602
399006,2019/11/19,1685.75,1729.16,1683.57,1729.08,194551.53,3524345.61,2.7689
399006,2019/11/20,1730.03,1745.09,1717.01,1719.67,234004.48,3824596.27,-0.5445
399006,2019/11/21,1713.44,1726.76,1706.89,1713.2,158681.85,2906869.84,-0.3758
399006,2019/11/22,1721.88,1736.83,1670.93,1679.8,230022.18,4522541.17,-1.9495
399006,2019/11/25,1682.23,1684.45,1652.54,1661.77,171887.31,3277410.92,-1.0733
399006,2019/11/26,1667.78,1679.73,1659.03,1679.08,177293.01,3409553.07,1.0415
399006,2019/11/27,1671.15,1686.49,1659.01,1674.39,160520.73,3005955.18,-0.2795
399006,2019/11/28,1675.17,1683.25,1668.16,1673.8,133513.87,2430908.43,-0.0355
399006,2019/11/29,1670.39,1673.23,1647.29,1664.9,140660.49,2730313.4,-0.5317
399006,2019/12/2,1670.16,1680.24,1665.11,1669.54,149526.77,2630809.46,0.2787
399006,2019/12/3,1664.79,1675.43,1647.67,1675.39,149267.9,2830008.01,0.3503
399006,2019/12/4,1666.6,1683.79,1663.93,1673.78,144995.83,2740961.95,-0.0959
399006,2019/12/5,1681.25,1714.08,1679.4,1709.83,193022.86,3818781.84,2.1536
399006,2019/12/6,1711.64,1726.8,1707.22,1726.8,187010.06,3309759.43,0.9928
399006,2019/12/9,1733.48,1734.06,1715.39,1721.07,200979.83,3499062.24,-0.3318
399006,2019/12/10,1715.71,1734.02,1711.01,1734.02,213268.03,3603564.24,0.7525
399006,2019/12/11,1730.4,1733.74,1713.9,1718.26,200812.23,3371466.42,-0.909
399006,2019/12/12,1720.42,1733.75,1716.78,1720.99,204401.72,3462716.69,0.1587
399006,2019/12/13,1738.56,1757.75,1733.12,1755.41,267110.19,4879684.47,2.0004
399006,2019/12/16,1760.8,1780.33,1752.01,1780.33,269950.7,5061227.03,1.4196
399006,2019/12/17,1782.99,1807.95,1780.52,1801.62,289591.6,5456514.92,1.1955
399006,2019/12/18,1798.4,1804.38,1787.23,1792.42,261055.39,4709828.18,-0.5105
399006,2019/12/19,1792.71,1797.02,1781.03,1790.44,211063.48,3768189.03,-0.1105
399006,2019/12/20,1792.05,1798.38,1771.71,1771.71,225572.1,3777785.47,-1.0462
399006,2019/12/23,1763.73,1775.02,1735.72,1736.62,193012.4,3563549.49,-1.9802
399006,2019/12/24,1742.9,1769.89,1742.86,1769.87,155752.15,3320796.9,1.9143
399006,2019/12/25,1766.22,1787.5,1764.81,1784.4,183701.97,3829929.65,0.8207
399006,2019/12/26,1784.43,1793.64,1777.7,1793.64,168986.77,3480630.76,0.5178
399006,2019/12/27,1795.41,1805.19,1767.17,1767.58,237559.01,4602682.07,-1.4525
399006,2019/12/30,1763.58,1790.91,1749.17,1790.24,209525.72,4163026.46,1.2818
399006,2019/12/31,1790.8,1804.82,1787.45,1798.12,177046.87,3691044.14,0.4402
399006,2020/1/2,1811.22,1839.41,1797.54,1832.74,295227.82,5472106.21,1.9256
399006,2020/1/3,1836.86,1842.56,1821.67,1836.01,247506.34,4801602.21,0.1784
399006,2020/1/6,1825.55,1876.47,1824.35,1859.92,339038.86,6257073.01,1.3022
399006,2020/1/7,1866.26,1893.21,1866.26,1893.21,313418.43,5497493.14,1.79
399006,2020/1/8,1881.01,1892.58,1858.28,1862.7,294045.98,5101230.23,-1.6118
399006,2020/1/9,1884.42,1913.78,1884.42,1913.14,281412.82,5271446.1,2.7081
399006,2020/1/10,1917.61,1917.83,1894.67,1904.2,238717.47,4587544.05,-0.4677
399006,2020/1/13,1905.4,1935.07,1893.57,1935.07,246825.15,4980156.46,1.6215
399006,2020/1/14,1941.12,1945.77,1922.13,1922.56,241088.61,4686426.84,-0.6467
399006,2020/1/15,1920.66,1928.69,1902.61,1924.24,229075.25,4307743.3,0.0874
399006,2020/1/16,1924.52,1936.04,1917.56,1929.96,223037.43,4178618.09,0.2974
399006,2020/1/17,1935.3,1949.04,1928.35,1932.51,224202.9,4286317.77,0.1321
399006,2020/1/20,1940.12,1982.18,1935.83,1982.18,268554.6,5867275.46,2.57
399006,2020/1/21,1979.37,1987.66,1959.44,1967.03,270472.17,5612057.76,-0.7643
399006,2020/1/22,1958.08,2004.39,1928.03,1993.9,297356.97,6169121.69,1.3661
399006,2020/1/23,1973.33,1996.55,1904.28,1927.74,319588.97,6725783.03,-3.318
399006,2020/2/3,1769.16,1830.81,1769.16,1795.77,212294.09,5143478,-6.8457
399006,2020/2/4,1786.16,1886.81,1786.16,1882.69,365334.09,7392221.22,4.8401
399006,2020/2/5,1908.97,1966.26,1901.8,1939.62,350290.58,7879082.6,3.0238
399006,2020/2/6,1934.98,2014.89,1918.66,2012.25,401995.07,8802574.29,3.7444
399006,2020/2/7,2014.16,2025.32,1976.79,2015.8,433712.92,8553588.55,0.1765
399006,2020/2/10,2019.31,2043.68,2007.23,2042.18,394951.79,8018493.62,1.3086
399006,2020/2/11,2044.22,2046.81,2015.76,2028.44,297806.25,6466711.43,-0.6725
399006,2020/2/12,2024.38,2086.94,2022.68,2085.28,358642.22,7359820.28,2.8019
399006,2020/2/13,2080.82,2093.37,2052.57,2064.6,353503.6,7518528.81,-0.9918
399006,2020/2/14,2063.31,2104.01,2049.26,2069.22,327828.1,7392550.44,0.2239