,price,r,r+1
0,1876.75,,0.001939523
1,1880.39,0.001939523,0.025340488
2,1928.04,0.025340488,0.030575092
3,1986.99,0.030575092,-0.012707663
4,1961.74,-0.012707663,0.024513952
5,2009.83,0.024513952,0.00246787
6,2014.79,0.00246787,-0.031462336
7,1951.4,-0.031462336,0.022030337
8,1994.39,0.022030337,0.02553663
9,2045.32,0.02553663,-0.004639861
10,2035.83,-0.004639861,-0.008694243
11,2018.13,-0.008694243,0.025241189
12,2069.07,0.025241189,0.035571537
13,2142.67,0.035571537,-0.002431546
14,2137.46,-0.002431546,0.021268234
15,2182.92,0.021268234,0.000439778
16,2183.88,0.000439778,0.013686649
17,2213.77,0.013686649,0.036083243
18,2293.65,0.036083243,0.028042639
19,2357.97,0.028042639,0.011467491
20,2385.01,0.011467491,-0.03908579
21,2291.79,-0.03908579,0.013975975
22,2323.82,0.013975975,-0.014347066
23,2290.48,-0.014347066,0.019511194
24,2335.17,0.019511194,0.029865063
25,2404.91,0.029865063,0.029281761
26,2475.33,0.029281761,0.014070851
27,2510.16,0.014070851,0.018540651
28,2556.7,0.018540651,-0.026807995
29,2488.16,-0.026807995,0.003347855
30,2496.49,0.003347855,0.022567685
31,2552.83,0.022567685,0.009773467
32,2577.78,0.009773467,-0.007343528
33,2558.85,-0.007343528,-0.045766653
34,2441.74,-0.045766653,0.01744248
35,2484.33,0.01744248,-0.008187318
36,2463.99,-0.008187318,-0.015884805
37,2424.85,-0.015884805,0.058246902
38,2566.09,0.058246902,0.026826807
39,2634.93,0.026826807,0.027044362
40,2706.19,0.027044362,0.010553583
41,2734.75,0.010553583,0.004662218
42,2747.5,0.004662218,-0.02166697
43,2687.97,-0.02166697,0.040755663
44,2797.52,0.040755663,0.021579828
45,2857.89,0.021579828,-0.004422843
46,2845.25,-0.004422843,-0.021723926
47,2783.44,-0.021723926,0.022676975
48,2846.56,0.022676975,-0.014231212
49,2806.05,-0.014231212,0.059710269
50,2973.6,0.059710269,0.058255986
51,3146.83,0.058255986,0.032880709
52,3250.3,0.032880709,-0.017890656
53,3192.15,-0.017890656,-0.015838855
54,3141.59,-0.015838855,0.001193663
55,3145.34,0.001193663,0.042329287
56,3278.48,0.042329287,0.013509309
57,3322.77,0.013509309,0.025132645
58,3406.28,0.025132645,0.035560788
59,3527.41,0.035560788,-0.003056067
60,3516.63,-0.003056067,-0.013851329
61,3467.92,-0.013851329,0.043342984
62,3618.23,0.043342984,0.002885389
63,3628.67,0.002885389,-0.05392885
64,3432.98,-0.05392885,0.032001352
65,3542.84,0.032001352,0.049652256
66,3718.75,0.049652256,0.049153613
67,3901.54,0.049153613,0.020686703
68,3982.25,0.020686703,-0.009738213
69,3943.47,-0.009738213,-0.014616569
70,3885.83,-0.014616569,-0.046651552
71,3704.55,-0.046651552,0.000267239
72,3705.54,0.000267239,0.034855918
73,3834.7,0.034855918,0.00715571
74,3862.14,0.00715571,0.009727768
75,3899.71,0.009727768,-0.052229525
76,3696.03,-0.052229525,-0.028506262
77,3590.67,-0.028506262,0.041967098
78,3741.36,0.041967098,-0.063295165
79,3504.55,-0.063295165,-0.054092537
80,3314.98,-0.054092537,0.023819148
81,3393.94,0.023819148,-0.003105535
82,3383.4,-0.003105535,-0.052320151
83,3206.38,-0.052320151,-0.089097362
84,2920.7,-0.089097362,-0.079070086
85,2689.76,-0.079070086,0.062775117
86,2858.61,0.062775117,-0.03470218
87,2759.41,-0.03470218,-0.03989621
88,2649.32,-0.03989621,-0.016623133
89,2605.28,-0.016623133,-0.042778511
90,2493.83,-0.042778511,-0.056868351
91,2352.01,-0.056868351,0.005119026
92,2364.05,0.005119026,0.030333538
93,2435.76,0.030333538,0.041108319
94,2535.89,0.041108319,0.058038795
95,2683.07,0.058038795,0.016018963
96,2726.05,0.016018963,-0.04989637
97,2590.03,-0.04989637,0.014304854
98,2627.08,0.014304854,0.059472875
99,2783.32,0.059472875,0.02334622
100,2848.3,0.02334622,0.012147597
101,2882.9,0.012147597,0.005019251
102,2897.37,0.005019251,0.024360023
103,2967.95,0.024360023,-0.023629104
104,2897.82,-0.023629104,-0.073976299
105,2683.45,-0.073976299,-0.037820716
106,2581.96,-0.037820716,0.043343042
107,2693.87,0.043343042,-0.049252562
108,2561.19,-0.049252562,-0.008335969
109,2539.84,-0.008335969,-0.055346006
110,2399.27,-0.055346006,0.061222789
111,2546.16,0.061222789,-0.017328055
112,2502.04,-0.017328055,-0.008437115
113,2480.93,-0.008437115,0.038719351
114,2576.99,0.038719351,0.050341678
115,2706.72,0.050341678,-0.002885411
116,2698.91,-0.002885411,-0.028426291
117,2622.19,-0.028426291,0.023671054
118,2684.26,0.023671054,-0.003814832
119,2674.02,-0.003814832,-0.002890779
120,2666.29,-0.002890779,-0.060803589
121,2504.17,-0.060803589,0.026563692
122,2570.69,0.026563692,-0.024067468
123,2508.82,-0.024067468,-0.066513341
124,2341.95,-0.066513341,-0.080847157
125,2152.61,-0.080847157,-0.075211023
126,1990.71,-0.075211023,-0.050569897
127,1890.04,-0.050569897,0.036745254
128,1959.49,0.036745254,0.062582611
129,2082.12,0.062582611,-0.040943846
130,1996.87,-0.040943846,-0.053774157
131,1889.49,-0.053774157,-0.018237726
132,1855.03,-0.018237726,0.020748991
133,1893.52,0.020748991,0.056846508
134,2001.16,0.056846508,0.035259549
135,2071.72,0.035259549,-0.015735717
136,2039.12,-0.015735717,0.010489819
137,2060.51,0.010489819,-0.074884373
138,1906.21,-0.074884373,-0.056997917
139,1797.56,-0.056997917,0.071591491
140,1926.25,0.071591491,0.003659961
141,1933.3,0.003659961,0.025862515
142,1983.3,0.025862515,0.048283164
143,2079.06,0.048283164,-0.000163535
144,2078.72,-0.000163535,-0.000351178
145,2077.99,-0.000351178,0.0137633
146,2106.59,0.0137633,-0.040643884
147,2020.97,-0.040643884,0.050119497
148,2122.26,0.050119497,-0.011162629
149,2098.57,-0.011162629,-0.007576588
150,2082.67,-0.007576588,0.051683656
151,2190.31,0.051683656,0.012030261
152,2216.66,0.012030261,0.045167053
153,2316.78,0.045167053,0.010903064
154,2342.04,0.010903064,-0.015815272
155,2305,-0.015815272,0.043180043
156,2404.53,0.043180043,0.018506735
157,2449.03,0.018506735,-0.006300454
158,2433.6,-0.006300454,0.03187048
159,2511.16,0.03187048,-0.066272161
160,2344.74,-0.066272161,0.048363571
161,2458.14,0.048363571,0.032642567
162,2538.38,0.032642567,-0.004294077
163,2527.48,-0.004294077,0.014433349
164,2563.96,0.014433349,-0.030702507
165,2485.24,-0.030702507,1.61E-05
166,2485.28,1.61E-05,-0.002816584
167,2478.28,-0.002816584,-0.018658102
168,2432.04,-0.018658102,-0.001138962
169,2429.27,-0.001138962,0.063825758
170,2584.32,0.063825758,-0.0075842
171,2564.72,-0.0075842,0.037700022
172,2661.41,0.037700022,0.023750568
173,2724.62,0.023750568,0.00807085
174,2746.61,0.00807085,0.021142426
175,2804.68,0.021142426,-0.007622973
176,2783.3,-0.007622973,-0.026278159
177,2710.16,-0.026278159,0.032101426
178,2797.16,0.032101426,-0.028639763
179,2717.05,-0.028639763,-0.020566423
180,2661.17,-0.020566423,0.041177377
181,2770.75,0.041177377,0.010610845
182,2800.15,0.010610845,-0.010560149
183,2770.58,-0.010560149,0.016411726
184,2816.05,0.016411726,0.02894835
185,2897.57,0.02894835,-0.022215167
186,2833.2,-0.022215167,-0.064820697
187,2649.55,-0.064820697,0.008692042
188,2672.58,0.008692042,-0.006446954
189,2655.35,-0.006446954,-0.015851018
190,2613.26,-0.015851018,0.036299488
191,2708.12,0.036299488,-0.005893387
192,2692.16,-0.005893387,0.017082937
193,2738.15,0.017082937,-0.016978617
194,2691.66,-0.016978617,-0.008823551
195,2667.91,-0.008823551,0.010345177
196,2695.51,0.010345177,-0.008985313
197,2671.29,-0.008985313,0.01421785
198,2709.27,0.01421785,0.013446427
199,2745.7,0.013446427,0.006340824
200,2763.11,0.006340824,0.026271122
201,2835.7,0.026271122,-0.001918398
202,2830.26,-0.001918398,-0.00012013
203,2829.92,-0.00012013,0.003508933
204,2839.85,0.003508933,-0.01968766
205,2783.94,-0.01968766,0.004252965
206,2795.78,0.004252965,-0.000375566
207,2794.73,-0.000375566,-0.021197039
208,2735.49,-0.021197039,0.00523855
209,2749.82,0.00523855,0.01079707
210,2779.51,0.01079707,-0.023550914
211,2714.05,-0.023550914,-0.082095024
212,2491.24,-0.082095024,-0.0299088
213,2416.73,-0.0299088,0.021367716
214,2468.37,0.021367716,-0.085825869
215,2256.52,-0.085825869,-0.003336997
216,2248.99,-0.003336997,-0.063419579
217,2106.36,-0.063419579,0.019545567
218,2147.53,0.019545567,-0.040860896
219,2059.78,-0.040860896,0.055942868
220,2175.01,0.055942868,-0.028556191
221,2112.9,-0.028556191,0.029357755
222,2174.93,0.029357755,0.030699839
223,2241.7,0.030699839,-0.016527635
224,2204.65,-0.016527635,-0.041843376
225,2112.4,-0.041843376,0.017605567
226,2149.59,0.017605567,0.004293842
227,2158.82,0.004293842,-0.076324103
228,1994.05,-0.076324103,0.001715102
229,1997.47,0.001715102,-0.045562637
230,1906.46,-0.045562637,0.045954282
231,1994.07,0.045954282,-0.000687037
232,1992.7,-0.000687037,0.041446279
233,2075.29,0.041446279,0.007333915
234,2090.51,0.007333915,0.017282864
235,2126.64,0.017282864,-0.013942181
236,2096.99,-0.013942181,0.009465949
237,2116.84,0.009465949,0.040196708
238,2201.93,0.040196708,0.006090112
239,2215.34,0.006090112,-0.011027653
240,2190.91,-0.011027653,0.00917427
241,2211.01,0.00917427,0.015626343
242,2245.56,0.015626343,-0.012219669
243,2218.12,-0.012219669,-0.006482968
244,2203.74,-0.006482968,-0.075598755
245,2037.14,-0.075598755,-0.010907449
246,2014.92,-0.010907449,-0.06688603
247,1880.15,-0.06688603,0.029130654
248,1934.92,0.029130654,0.042730449
249,2017.6,0.042730449,-0.005214116
250,2007.08,-0.005214116,-0.049843554
251,1907.04,-0.049843554,0.024273219
252,1953.33,0.024273219,0.025013695
253,2002.19,0.025013695,-0.015672838
254,1970.81,-0.015672838,-0.017170605
255,1936.97,-0.017170605,-0.001084168
256,1934.87,-0.001084168,0.045615468
257,2023.13,0.045615468,-0.012955173
258,1996.92,-0.012955173,-0.009704946
259,1977.54,-0.009704946,0.055498245
260,2087.29,0.055498245,0.043395982
261,2177.87,0.043395982,0.022572514
262,2227.03,0.022572514,-0.002393322
263,2221.7,-0.002393322,0.016838457
264,2259.11,0.016838457,-0.017413937
265,2219.77,-0.017413937,-0.001657829
266,2216.09,-0.001657829,-0.007400421
267,2199.69,-0.007400421,-0.021430292
268,2152.55,-0.021430292,0.044705117
269,2248.78,0.044705117,-0.004664752
270,2238.29,-0.004664752,-0.014707656
271,2205.37,-0.014707656,0.033622476
272,2279.52,0.033622476,0.007685829
273,2297.04,0.007685829,-0.021053181
274,2248.68,-0.021053181,-0.008338225
275,2229.93,-0.008338225,0.023861736
276,2283.14,0.023861736,-0.008374432
277,2264.02,-0.008374432,0.013250766
278,2294.02,0.013250766,0.013238769
279,2324.39,0.013238769,-0.006328542
280,2309.68,-0.006328542,-0.019089224
281,2265.59,-0.019089224,0.003058806
282,2272.52,0.003058806,-0.056008308
283,2145.24,-0.056008308,-0.016352483
284,2110.16,-0.016352483,0.012681503
285,2136.92,0.012681503,-0.004721749
286,2126.83,-0.004721749,0.013574193
287,2155.7,0.013574193,-0.004216728
288,2146.61,-0.004216728,0.004015634
289,2155.23,0.004015634,-0.007651156
290,2138.74,-0.007651156,0.036699178
291,2217.23,0.036699178,-0.002800792
292,2211.02,-0.002800792,0.005915822
293,2224.1,0.005915822,-0.042673441
294,2129.19,-0.042673441,-0.035501764
295,2053.6,-0.035501764,0.000301909
296,2054.22,0.000301909,-0.009390426
297,2034.93,-0.009390426,-0.00017691
298,2034.57,-0.00017691,-0.004595566
299,2025.22,-0.004595566,0.016116768
300,2057.86,0.016116768,0.011458505
301,2081.44,0.011458505,-0.029287416
302,2020.48,-0.029287416,0.008374248
303,2037.4,0.008374248,0.013693924
304,2065.3,0.013693924,0.015944415
305,2098.23,0.015944415,-0.010828174
306,2075.51,-0.010828174,-0.003979745
307,2067.25,-0.003979745,0.009074858
308,2086.01,0.009074858,-0.007727671
309,2069.89,-0.007727671,-0.005493046
310,2058.52,-0.005493046,0.049200396
311,2159.8,0.049200396,0.004176313
312,2168.82,0.004176313,0.009101724
313,2188.56,0.009101724,0.007498081
314,2204.97,0.007498081,-0.002571464
315,2199.3,-0.002571464,-0.001168554
316,2196.73,-0.001168554,-0.004638713
317,2186.54,-0.004638713,-0.060291602
318,2054.71,-0.060291602,0.001752072
319,2058.31,0.001752072,0.034246542
320,2128.8,0.034246542,-0.012861706
321,2101.42,-0.012861706,0.010216901
322,2122.89,0.010216901,-0.001535642
323,2119.63,-0.001535642,-0.013035294
324,2092,-0.013035294,0.025248566
325,2144.82,0.025248566,-0.003417536
326,2137.49,-0.003417536,-0.004739203
327,2127.36,-0.004739203,0.030295766
328,2191.81,0.030295766,0.011360474
329,2216.71,0.011360474,-0.003121743
330,2209.79,-0.003121743,0.00814557
331,2227.79,0.00814557,-0.007455819
332,2211.18,-0.007455819,0.016972838
333,2248.71,0.016972838,-0.001196241
334,2246.02,-0.001196241,-0.001985735
335,2241.56,-0.001985735,-0.003408341
336,2233.92,-0.003408341,0.00227403
337,2239,0.00227403,-0.009115677
338,2218.59,-0.009115677,0.012963188
339,2247.35,0.012963188,0.016917703
340,2285.37,0.016917703,0.003373633
341,2293.08,0.003373633,-0.012777574
342,2263.78,-0.012777574,-0.00614459
343,2249.87,-0.00614459,0.010600612
344,2273.72,0.010600612,-0.002278205
345,2268.54,-0.002278205,-0.001503169
346,2265.13,-0.001503169,-0.006679528
347,2250,-0.006679528,-0.001826667
348,2245.89,-0.001826667,0.014987377
349,2279.55,0.014987377,-0.05446689
350,2155.39,-0.05446689,-0.007260867
351,2139.74,-0.007260867,-0.008099115
352,2122.41,-0.008099115,-0.004334695
353,2113.21,-0.004334695,-0.002314015
354,2108.32,-0.002314015,0.01011706
355,2129.65,0.01011706,-0.009668255
356,2109.06,-0.009668255,0.010208339
357,2130.59,0.010208339,0.011226937
358,2154.51,0.011226937,-0.008127138
359,2137,-0.008127138,-0.015722976
360,2103.4,-0.015722976,0.0097176
361,2123.84,0.0097176,0.032662536
362,2193.21,0.032662536,0.003597467
363,2201.1,0.003597467,0.00322566
364,2208.2,0.00322566,-0.002993388
365,2201.59,-0.002993388,0.001349025
366,2204.56,0.001349025,-0.016855971
367,2167.4,-0.016855971,0.003118944
368,2174.16,0.003118944,0.008283659
369,2192.17,0.008283659,-0.005250505
370,2180.66,-0.005250505,0.004168463
371,2189.75,0.004168463,0.001575522
372,2193.2,0.001575522,0.001062375
373,2195.53,0.001062375,-0.001717125
374,2191.76,-0.001717125,-0.004758733
375,2181.33,-0.004758733,-0.004799824
376,2170.86,-0.004799824,0.005449453
377,2182.69,0.005449453,0.018394733
378,2222.84,0.018394733,-0.004854151
379,2212.05,-0.004854151,0.005162632
380,2223.47,0.005162632,-0.009219823
381,2202.97,-0.009219823,-0.026060273
382,2145.56,-0.026060273,0.000144484
383,2145.87,0.000144484,-0.000610475
384,2144.56,-0.000610475,0.009629015
385,2165.21,0.009629015,-0.003131336
386,2158.43,-0.003131336,0.001714209
387,2162.13,0.001714209,0.002909168
388,2168.42,0.002909168,-0.005492478
389,2156.51,-0.005492478,-0.015585367
390,2122.9,-0.015585367,0.008431862
391,2140.8,0.008431862,-0.000546525
392,2139.63,-0.000546525,0.003061277
393,2146.18,0.003061277,0.001733312
394,2149.9,0.001733312,0.027243128
395,2208.47,0.027243128,0.001082197
396,2210.86,0.001082197,-0.000529206
397,2209.69,-0.000529206,-0.000506858
398,2208.57,-0.000506858,-0.006492889
399,2194.23,-0.006492889,-0.012017883
400,2167.86,-0.012017883,0.013967692
401,2198.14,0.013967692,-0.006018725
402,2184.91,-0.006018725,0.003821668
403,2193.26,0.003821668,-0.005589853
404,2181,-0.005589853,0.009078404
405,2200.8,0.009078404,-0.000268084
406,2200.21,-0.000268084,-0.007144773
407,2184.49,-0.007144773,-0.000920123
408,2182.48,-0.000920123,-0.007812214
409,2165.43,-0.007812214,-0.002618418
410,2159.76,-0.002618418,0.00772771
411,2176.45,0.00772771,-0.013806887
412,2146.4,-0.013806887,0.003163436
413,2153.19,0.003163436,-0.003696841
414,2145.23,-0.003696841,-0.006959627
415,2130.3,-0.006959627,0.009388349
416,2150.3,0.009388349,-0.012300609
417,2123.85,-0.012300609,0.009167314
418,2143.32,0.009167314,0.001768285
419,2147.11,0.001768285,0.006790523
420,2161.69,0.006790523,0.008146404
421,2179.3,0.008146404,0.001454596
422,2182.47,0.001454596,-0.008902757
423,2163.04,-0.008902757,-0.002348546
424,2157.96,-0.002348546,-0.002483827
425,2152.6,-0.002483827,0.01163709
426,2177.65,0.01163709,-0.005482975
427,2165.71,-0.005482975,-0.008810044
428,2146.63,-0.008810044,0.009736191
429,2167.53,0.009736191,-0.000682805
430,2166.05,-0.000682805,-0.002631518
431,2160.35,-0.002631518,0.010507557
432,2183.05,0.010507557,-0.000513044
433,2181.93,-0.000513044,-0.017635763
434,2143.45,-0.017635763,0.000200611
435,2143.88,0.000200611,-0.01008452
436,2122.26,-0.01008452,0.005998323
437,2134.99,0.005998323,-0.009498874
438,2114.71,-0.009498874,-0.007008053
439,2099.89,-0.007008053,-0.054998119
440,1984.4,-0.054998119,0.000322516
441,1985.04,0.000322516,-0.011062749
442,1963.08,-0.011062749,0.006505084
443,1975.85,0.006505084,0.011266037
444,1998.11,0.011266037,-0.008858371
445,1980.41,-0.008858371,0.000954348
446,1982.3,0.000954348,0.004741966
447,1991.7,0.004741966,-0.002726314
448,1986.27,-0.002726314,-0.010940104
449,1964.54,-0.010940104,0.004820467
450,1974.01,0.004820467,-0.002730483
451,1968.62,-0.002730483,-0.005821337
452,1957.16,-0.005821337,0.001062764
453,1959.24,0.001062764,0.001439334
454,1962.06,0.001439334,0.000611602
455,1963.26,0.000611602,0.014419893
456,1991.57,0.014419893,-0.003816085
457,1983.97,-0.003816085,-0.009546515
458,1965.03,-0.009546515,-0.001735342
459,1961.62,-0.001735342,-0.00506724
460,1951.68,-0.00506724,-0.007239916
461,1937.55,-0.007239916,-0.003819256
462,1930.15,-0.003819256,-0.015651633
463,1899.94,-0.015651633,-0.036364306
464,1830.85,-0.036364306,0.020220116
465,1867.87,0.020220116,-0.011820951
466,1845.79,-0.011820951,-0.000893926
467,1844.14,-0.000893926,0.019852072
468,1880.75,0.019852072,0.003493287
469,1887.32,0.003493287,-0.013829133
470,1861.22,-0.013829133,0.005093433
471,1870.7,0.005093433,0.008301705
472,1886.23,0.008301705,-0.005020597
473,1876.76,-0.005020597,0.012622818
474,1900.45,0.012622818,-0.005956484
475,1889.13,-0.005956484,0.007675491
476,1903.63,0.007675491,0.005489512
477,1914.08,0.005489512,-0.004905751
478,1904.69,-0.004905751,0.004719928
479,1913.68,0.004719928,-0.002236529
480,1909.4,-0.002236529,-0.008924269
481,1892.36,-0.008924269,0.002784882
482,1897.63,0.002784882,-0.007778123
483,1882.87,-0.007778123,0.006421049
484,1894.96,0.006421049,0.013783932
485,1921.08,0.013783932,-0.0005778
486,1919.97,-0.0005778,0.003114632
487,1925.95,0.003114632,0.006490303
488,1938.45,0.006490303,-0.006025433
489,1926.77,-0.006025433,0.000202411
490,1927.16,0.000202411,0.002495901
491,1931.97,0.002495901,-0.00598353
492,1920.41,-0.00598353,0.00410329
493,1928.29,0.00410329,0.017881128
494,1962.77,0.017881128,0.007683019
495,1977.85,0.007683019,-0.006684026
496,1964.63,-0.006684026,-0.005441228
497,1953.94,-0.005441228,-0.002011321
498,1950.01,-0.002011321,0.010702509
499,1970.88,0.010702509,-0.006525004
500,1958.02,-0.006525004,-0.000102144
501,1957.82,-0.000102144,0.00455098
502,1966.73,0.00455098,-0.008679382
503,1949.66,-0.008679382,0.002133705
504,1953.82,0.002133705,0.003705561
505,1961.06,0.003705561,-0.006363905
506,1948.58,-0.006363905,-0.000107771
507,1948.37,-0.000107771,0.008607195
508,1965.14,0.008607195,-0.008961194
509,1947.53,-0.008961194,-0.001627703
510,1944.36,-0.001627703,-0.00779691
511,1929.2,-0.00779691,-0.01840141
512,1893.7,-0.01840141,0.00720283
513,1907.34,0.00720283,0.018780081
514,1943.16,0.018780081,0.000555796
515,1944.24,0.000555796,0.000930955
516,1946.05,0.000930955,-0.017265743
517,1912.45,-0.017265743,0.002708568
518,1917.63,0.002708568,-0.010492118
519,1897.51,-0.010492118,0.006835274
520,1910.48,0.006835274,-0.012049328
521,1887.46,-0.012049328,-0.010161805
522,1868.28,-0.010161805,-0.010747854
523,1848.2,-0.010747854,-0.001525809
524,1845.38,-0.001525809,0.002714888
525,1850.39,0.002714888,-0.006150055
526,1839.01,-0.006150055,-0.015823731
527,1809.91,-0.015823731,0.004950522
528,1818.87,0.004950522,0.000885165
529,1820.48,0.000885165,0.012326419
530,1842.92,0.012326419,0.00423784
531,1850.73,0.00423784,6.48E-05
532,1850.85,6.48E-05,-0.00561904
533,1840.45,-0.00561904,-0.001276862
534,1838.1,-0.001276862,-0.010831837
535,1818.19,-0.010831837,-0.016213927
536,1788.71,-0.016213927,0.007703876
537,1802.49,0.007703876,-0.017292745
538,1771.32,-0.017292745,0.00061536
539,1772.41,0.00061536,0.001252532
540,1774.63,0.001252532,0.002259626
541,1778.64,0.002259626,0.020408852
542,1814.94,0.020408852,0.004242564
543,1822.64,0.004242564,-0.005009217
544,1813.51,-0.005009217,-0.006854112
545,1801.08,-0.006854112,-0.007217891
546,1788.08,-0.007217891,-0.016688291
547,1758.24,-0.016688291,0.01026026
548,1776.28,0.01026026,0.000793794
549,1777.69,0.000793794,-0.010159252
550,1759.63,-0.010159252,0.002330035
551,1763.73,0.002330035,-0.019980382
552,1728.49,-0.019980382,0.010089731
553,1745.93,0.010089731,0.008774693
554,1761.25,0.008774693,0.002918382
555,1766.39,0.002918382,0.018942589
556,1799.85,0.018942589,-0.002833569
557,1794.75,-0.002833569,0.000774481
558,1796.14,0.000774481,-0.011463472
559,1775.55,-0.011463472,0.011309172
560,1795.63,0.011309172,-0.002778969
561,1790.64,-0.002778969,0.014307734
562,1816.26,0.014307734,-0.003419114
563,1810.05,-0.003419114,0.00350819
564,1816.4,0.00350819,0.002521471
565,1820.98,0.002521471,0.002037364
566,1824.69,0.002037364,-0.014418888
567,1798.38,-0.014418888,0.005032307
568,1807.43,0.005032307,0.007662814
569,1821.28,0.007662814,-0.000741237
570,1819.93,-0.000741237,-0.006445303
571,1808.2,-0.006445303,0.002958744
572,1813.55,0.002958744,0.002492349
573,1818.07,0.002492349,0.009856606
574,1835.99,0.009856606,-0.003529431
575,1829.51,-0.003529431,0.003891752
576,1836.63,0.003891752,0.001290407
577,1839,0.001290407,-0.001935835
578,1835.44,-0.001935835,-0.017538029
579,1803.25,-0.017538029,-0.01072508
580,1783.91,-0.01072508,0.001592009
581,1786.75,0.001592009,-0.004415839
582,1778.86,-0.004415839,-0.018714233
583,1745.57,-0.018714233,-0.051066414
584,1656.43,-0.051066414,0.00667701
585,1667.49,0.00667701,0.010362881
586,1684.77,0.010362881,0.002279243
587,1688.61,0.002279243,0.000911993
588,1690.15,0.000911993,-0.002195071
589,1686.44,-0.002195071,0.000978392
590,1688.09,0.000978392,-0.004016374
591,1681.31,-0.004016374,0.03620986
592,1742.19,0.03620986,-0.0046608
593,1734.07,-0.0046608,0.001285992
594,1736.3,0.001285992,0.002747221
595,1741.07,0.002747221,-0.009327597
596,1724.83,-0.009327597,0.004806271
597,1733.12,0.004806271,-0.00778942
598,1719.62,-0.00778942,0.00744932
599,1732.43,0.00744932,0.017310945
600,1762.42,0.017310945,0.000357463
601,1763.05,0.000357463,-0.005320326
602,1753.67,-0.005320326,-0.006574783
603,1742.14,-0.006574783,0.029469503
604,1793.48,0.029469503,0.002838058
605,1798.57,0.002838058,0.014800647
606,1825.19,0.014800647,0.004498162
607,1833.4,0.004498162,-0.006327043
608,1821.8,-0.006327043,0.004072895
609,1829.22,0.004072895,-0.00781754
610,1814.92,-0.00781754,-0.004159963
611,1807.37,-0.004159963,-0.006434764
612,1795.74,-0.006434764,0.009544812
613,1812.88,0.009544812,0.016520674
614,1842.83,0.016520674,-0.006099315
615,1831.59,-0.006099315,0.003843655
616,1838.63,0.003843655,0.005846745
617,1849.38,0.005846745,0.008581254
618,1865.25,0.008581254,0.009848546
619,1883.62,0.009848546,0.000817575
620,1885.16,0.000817575,0.009389123
621,1902.86,0.009389123,-0.006558549
622,1890.38,-0.006558549,-0.00270316
623,1885.27,-0.00270316,0.005893055
624,1896.38,0.005893055,-0.006275114
625,1884.48,-0.006275114,0.002096069
626,1888.43,0.002096069,-0.004861181
627,1879.25,-0.004861181,-0.001920979
628,1875.64,-0.001920979,0.01021518
629,1894.8,0.01021518,-0.007652523
630,1880.3,-0.007652523,0.006578737
631,1892.67,0.006578737,-0.010514247
632,1872.77,-0.010514247,-0.00338536
633,1866.43,-0.00338536,-0.012221192
634,1843.62,-0.012221192,-0.00225643
635,1839.46,-0.00225643,0.008415513
636,1854.94,0.008415513,-0.000113211
637,1854.73,-0.000113211,0.006604735
638,1866.98,0.006604735,0.012244373
639,1889.84,0.012244373,0.014614994
640,1917.46,0.014614994,-0.008297435
641,1901.55,-0.008297435,-0.000820383
642,1899.99,-0.000820383,0.013726388
643,1926.07,0.013726388,-0.022522546
644,1882.69,-0.022522546,-0.003027583
645,1876.99,-0.003027583,-0.00470434
646,1868.16,-0.00470434,-0.002970838
647,1862.61,-0.002970838,0.009449106
648,1880.21,0.009449106,0.009865919
649,1898.76,0.009865919,0.001543112
650,1901.69,0.001543112,0.006084062
651,1913.26,0.006084062,-0.001327577
652,1910.72,-0.001327577,-0.007588762
653,1896.22,-0.007588762,-0.021215893
654,1855.99,-0.021215893,0.007435385
655,1869.79,0.007435385,0.001583065
656,1872.75,0.001583065,-0.013445468
657,1847.57,-0.013445468,-0.007902272
658,1832.97,-0.007902272,0.009454601
659,1850.3,0.009454601,0.004739772
660,1859.07,0.004739772,0.003802977
661,1866.14,0.003802977,0.009629503
662,1884.11,0.009629503,0.008768066
663,1900.63,0.008768066,0.003056881
664,1906.44,0.003056881,-0.005098508
665,1896.72,-0.005098508,-0.015099751
666,1868.08,-0.015099751,0.005449445
667,1878.26,0.005449445,-0.023617604
668,1833.9,-0.023617604,0.014095643
669,1859.75,0.014095643,-0.001500202
670,1856.96,-0.001500202,-0.001927882
671,1853.38,-0.001927882,-0.031617909
672,1794.78,-0.031617909,-0.006752917
673,1782.66,-0.006752917,-0.012206478
674,1760.9,-0.012206478,0.01872338
675,1793.87,0.01872338,-0.003617876
676,1787.38,-0.003617876,-0.009555886
677,1770.3,-0.009555886,0.019386545
678,1804.62,0.019386545,-0.003795813
679,1797.77,-0.003795813,-0.021793667
680,1758.59,-0.021793667,0.01463104
681,1784.32,0.01463104,-0.004108008
682,1776.99,-0.004108008,0.008536908
683,1792.16,0.008536908,0.01385479
684,1816.99,0.01385479,-0.010071602
685,1798.69,-0.010071602,0.004114105
686,1806.09,0.004114105,-0.006505767
687,1794.34,-0.006505767,-0.005779284
688,1783.97,-0.005779284,-0.001866623
689,1780.64,-0.001866623,0.010030102
690,1798.5,0.010030102,-0.008946344
691,1782.41,-0.008946344,0.00411241
692,1789.74,0.00411241,-0.0058109
693,1779.34,-0.0058109,-0.013224004
694,1755.81,-0.013224004,0.001714308
695,1758.82,0.001714308,-0.007721086
696,1745.24,-0.007721086,-0.000126057
697,1745.02,-0.000126057,0.004372443
698,1752.65,0.004372443,0.009711009
699,1769.67,0.009711009,0.014528132
700,1795.38,0.014528132,-0.000428879
701,1794.61,-0.000428879,0.003794696
702,1801.42,0.003794696,0.002631258
703,1806.16,0.002631258,-0.001422908
704,1803.59,-0.001422908,-0.006936166
705,1791.08,-0.006936166,0.007347522
706,1804.24,0.007347522,-0.010270252
707,1785.71,-0.010270252,-0.029730471
708,1732.62,-0.029730471,-0.001743025
709,1729.6,-0.001743025,0.007186633
710,1742.03,0.007186633,-0.002313393
711,1738,-0.002313393,-0.005673188
712,1728.14,-0.005673188,0.023186779
713,1768.21,0.023186779,-0.000214907
714,1767.83,-0.000214907,0.025709486
715,1813.28,0.025709486,-0.001345628
716,1810.84,-0.001345628,0.00329129
717,1816.8,0.00329129,-0.009373624
718,1799.77,-0.009373624,-0.009651233
719,1782.4,-0.009651233,-0.026559695
720,1735.06,-0.026559695,-0.021711065
721,1697.39,-0.021711065,0.002969265
722,1702.43,0.002969265,-0.008317523
723,1688.27,-0.008317523,-0.053397857
724,1598.12,-0.053397857,0.01143844
725,1616.4,0.01143844,0.015485028
726,1641.43,0.015485028,-0.029803281
727,1592.51,-0.029803281,0.034888321
728,1648.07,0.034888321,0.000309453
729,1648.58,0.000309453,-0.001097915
730,1646.77,-0.001097915,0.01882473
731,1677.77,0.01882473,-0.005328502
732,1668.83,-0.005328502,0.036145084
733,1729.15,0.036145084,0.008322008
734,1743.54,0.008322008,0.005787077
735,1753.63,0.005787077,0.0206543
736,1789.85,0.0206543,-0.009967316
737,1772.01,-0.009967316,0.013363356
738,1795.69,0.013363356,0.001069227
739,1797.61,0.001069227,-0.00686467
740,1785.27,-0.00686467,0.004453108
741,1793.22,0.004453108,0.035266169
742,1856.46,0.035266169,0.013978217
743,1882.41,0.013978217,-0.005168906
744,1872.68,-0.005168906,-0.016762074
745,1841.29,-0.016762074,0.004029783
746,1848.71,0.004029783,-0.014815736
747,1821.32,-0.014815736,0.01185953
748,1842.92,0.01185953,0.011774792
749,1864.62,0.011774792,-0.018615053
750,1829.91,-0.018615053,-0.006929303
751,1817.23,-0.006929303,-0.050191775
752,1726.02,-0.050191775,0.031627675
753,1780.61,0.031627675,0.035987667
754,1844.69,0.035987667,-0.005171601
755,1835.15,-0.005171601,0.003836199
756,1842.19,0.003836199,0.031641687
757,1900.48,0.031641687,-0.00011576
758,1900.26,-0.00011576,-0.014624315
759,1872.47,-0.014624315,-0.019044364
760,1836.81,-0.019044364,0.002635003
761,1841.65,0.002635003,-0.003328537
762,1835.52,-0.003328537,-0.000484876
763,1834.63,-0.000484876,-0.004218834
764,1826.89,-0.004218834,-0.00125897
765,1824.59,-0.00125897,0.007738725
766,1838.71,0.007738725,-0.02989596
767,1783.74,-0.02989596,0.021595076
768,1822.26,0.021595076,-0.001086563
769,1820.28,-0.001086563,-0.020584745
770,1782.81,-0.020584745,-0.016692749
771,1753.05,-0.016692749,0.030695074
772,1806.86,0.030695074,0.006945751
773,1819.41,0.006945751,-0.020957343
774,1781.28,-0.020957343,0.013653103
775,1805.6,0.013653103,-0.002231945
776,1801.57,-0.002231945,0.013998901
777,1826.79,0.013998901,-0.006530581
778,1814.86,-0.006530581,0.020651731
779,1852.34,0.020651731,0.002445555
780,1856.87,0.002445555,-0.000570853
781,1855.81,-0.000570853,0.005146001
782,1865.36,0.005146001,-0.016393618
783,1834.78,-0.016393618,-0.002071093
784,1830.98,-0.002071093,0.014762586
785,1858.01,0.014762586,-0.006097922
786,1846.68,-0.006097922,-0.008377196
787,1831.21,-0.008377196,0.003025322
788,1836.75,0.003025322,0.014008439
789,1862.48,0.014008439,0.007259138
790,1876,0.007259138,-0.016007463
791,1845.97,-0.016007463,-0.004100825
792,1838.4,-0.004100825,-0.01841275
793,1804.55,-0.01841275,-0.004233742
794,1796.91,-0.004233742,-0.012944444
795,1773.65,-0.012944444,-0.026741465
796,1726.22,-0.026741465,0.010149344
797,1743.74,0.010149344,-0.019607281
798,1709.55,-0.019607281,-0.003872364
799,1702.93,-0.003872364,0.025356298
800,1746.11,0.025356298,-0.001637927
801,1743.25,-0.001637927,-0.007382762
802,1730.38,-0.007382762,-0.01089934
803,1711.52,-0.01089934,-0.01337992
804,1688.62,-0.01337992,0.014301619
805,1712.77,0.014301619,-0.015688038
806,1685.9,-0.015688038,-0.00746189
807,1673.32,-0.00746189,-0.018920469
808,1641.66,-0.018920469,-0.057569777
809,1547.15,-0.057569777,0.01075526
810,1563.79,0.01075526,-0.026928168
811,1521.68,-0.026928168,0.018387572
812,1549.66,0.018387572,-0.007156409
813,1538.57,-0.007156409,0.017126293
814,1564.92,0.017126293,-0.011943103
815,1546.23,-0.011943103,-0.001662107
816,1543.66,-0.001662107,0.040850965
817,1606.72,0.040850965,-0.011420783
818,1588.37,-0.011420783,0.011804554
819,1607.12,0.011804554,-0.025828812
820,1565.61,-0.025828812,-0.021033335
821,1532.68,-0.021033335,0.00563066
822,1541.31,0.00563066,0.026354205
823,1581.93,0.026354205,0.006985138
824,1592.98,0.006985138,-0.018813796
825,1563.01,-0.018813796,0.03302602
826,1614.63,0.03302602,0.00237206
827,1618.46,0.00237206,-0.000957701
828,1616.91,-0.000957701,0.002919148
829,1621.63,0.002919148,-0.008479123
830,1607.88,-0.008479123,-0.011082917
831,1590.06,-0.011082917,0.012257399
832,1609.55,0.012257399,0.007095151
833,1620.97,0.007095151,0.005330142
834,1629.61,0.005330142,0.001662975
835,1632.32,0.001662975,-0.016050774
836,1606.12,-0.016050774,-0.007191243
837,1594.57,-0.007191243,-0.021905592
838,1559.64,-0.021905592,0.001038701
839,1561.26,0.001038701,-0.012425861
840,1541.86,-0.012425861,-0.020604984
841,1510.09,-0.020604984,-0.018859803
842,1481.61,-0.018859803,-0.027544361
843,1440.8,-0.027544361,0.026818434
844,1479.44,0.026818434,-0.021413508
845,1447.76,-0.021413508,0.034432503
846,1497.61,0.034432503,0.009415001
847,1511.71,0.009415001,0.012985295
848,1531.34,0.012985295,-0.008391344
849,1518.49,-0.008391344,-0.026328787
850,1478.51,-0.026328787,-0.009901861
851,1463.87,-0.009901861,-0.02019305
852,1434.31,-0.02019305,0.000962135
853,1435.69,0.000962135,0.014822141
854,1456.97,0.014822141,-0.01195632
855,1439.55,-0.01195632,0.011079851
856,1455.5,0.011079851,-0.003716936
857,1450.09,-0.003716936,0.0298878
858,1493.43,0.0298878,-0.000214272
859,1493.11,-0.000214272,-0.007983337
860,1481.19,-0.007983337,-0.015710341
861,1457.92,-0.015710341,-0.015583845
862,1435.2,-0.015583845,0.005915552
863,1443.69,0.005915552,0.008180427
864,1455.5,0.008180427,-0.017354861
865,1430.24,-0.017354861,-0.005152981
866,1422.87,-0.005152981,0.00165862
867,1425.23,0.00165862,-0.024143472
868,1390.82,-0.024143472,0.003127651
869,1395.17,0.003127651,-0.006716027
870,1385.8,-0.006716027,0.003954395
871,1391.28,0.003954395,-0.017760623
872,1366.57,-0.017760623,-0.012286235
873,1349.78,-0.012286235,0.020388508
874,1377.3,0.020388508,0.010963479
875,1392.4,0.010963479,-0.003432922
876,1387.62,-0.003432922,0.016935472
877,1411.12,0.016935472,-0.003762968
878,1405.81,-0.003762968,0.010627325
879,1420.75,0.010627325,-0.014351575
880,1400.36,-0.014351575,0.007840841
881,1411.34,0.007840841,-0.040861876
882,1353.67,-0.040861876,-0.005703015
883,1345.95,-0.005703015,0.000564657
884,1346.71,0.000564657,-0.062990547
885,1261.88,-0.062990547,0.005174819
886,1268.41,0.005174819,-0.014340789
887,1250.22,-0.014340789,-0.02681928
888,1216.69,-0.02681928,0.012468254
889,1231.86,0.012468254,-0.021780072
890,1205.03,-0.021780072,0.037227289
891,1249.89,0.037227289,0.052052581
892,1314.95,0.052052581,-0.017407506
893,1292.06,-0.017407506,-0.006160705
894,1284.1,-0.006160705,-0.008176933
895,1273.6,-0.008176933,-0.008173681
896,1263.19,-0.008173681,-0.010061828
897,1250.48,-0.010061828,0.007573092
898,1259.95,0.007573092,0.012397317
899,1275.57,0.012397317,0.008435445
900,1286.33,0.008435445,0.04816027
901,1348.28,0.04816027,0.000445011
902,1348.88,0.000445011,0.000170512
903,1349.11,0.000170512,-0.002475706
904,1345.77,-0.002475706,-0.012022857
905,1329.59,-0.012022857,-0.005084274
906,1322.83,-0.005084274,0.034743693
907,1368.79,0.034743693,0.017000416
908,1392.06,0.017000416,-0.004547218
909,1385.73,-0.004547218,0.014086438
910,1405.25,0.014086438,-0.001401886
911,1403.28,-0.001401886,-0.006328031
912,1394.4,-0.006328031,-0.02801922
913,1355.33,-0.02801922,0.005681273
914,1363.03,0.005681273,-0.006683639
915,1353.92,-0.006683639,-0.033369771
916,1308.74,-0.033369771,-0.003193912
917,1304.56,-0.003193912,0.008332311
918,1315.43,0.008332311,0.019499327
919,1341.08,0.019499327,-0.021147135
920,1312.72,-0.021147135,0.012698824
921,1329.39,0.012698824,0.032646552
922,1372.79,0.032646552,0.004341523
923,1378.75,0.004341523,0.00219039
924,1381.77,0.00219039,-0.026060777
925,1345.76,-0.026060777,-0.003522173
926,1341.02,-0.003522173,-0.010566584
927,1326.85,-0.010566584,0.008463655
928,1338.08,0.008463655,0.000485771
929,1338.73,0.000485771,0.007297962
930,1348.5,0.007297962,-0.028209121
931,1310.46,-0.028209121,-0.008607664
932,1299.18,-0.008607664,-0.004495143
933,1293.34,-0.004495143,-0.018966397
934,1268.81,-0.018966397,0.00736911
935,1278.16,0.00736911,-0.006149465
936,1270.3,-0.006149465,0.011044635
937,1284.33,0.011044635,-0.008471343
938,1273.45,-0.008471343,-0.007365817
939,1264.07,-0.007365817,-0.012649616
940,1248.08,-0.012649616,0.001963015
941,1250.53,0.001963015,-0.017400622
942,1228.77,-0.017400622,-0.011613239
943,1214.5,-0.011613239,0.025244957
944,1245.16,0.025244957,0.018391211
945,1268.06,0.018391211,-0.003588158
946,1263.51,-0.003588158,-0.000783532
947,1262.52,-0.000783532,-0.002795995
948,1258.99,-0.002795995,0.002041319
949,1261.56,0.002041319,-0.012333936
950,1246,-0.012333936,0.016276083
951,1266.28,0.016276083,0.000813406
952,1267.31,0.000813406,-0.012546259
953,1251.41,-0.012546259,0.014463685
954,1269.51,0.014463685,0.004159085
955,1274.79,0.004159085,-0.017689188
956,1252.24,-0.017689188,-0.000886412
957,1251.13,-0.000886412,0.011213863
958,1265.16,0.011213863,0.000260837
959,1265.49,0.000260837,-0.004543695
960,1259.74,-0.004543695,-0.012820106
961,1243.59,-0.012820106,-0.010268658
962,1230.82,-0.010268658,-0.00229928
963,1227.99,-0.00229928,0.03525273
964,1271.28,0.03525273,0.035255805
965,1316.1,0.035255805,0.0122863
966,1332.27,0.0122863,0.019065205
967,1357.67,0.019065205,0.003145094
968,1361.94,0.003145094,-0.003010412
969,1357.84,-0.003010412,0.041065221
970,1413.6,0.041065221,-0.005348048
971,1406.04,-0.005348048,0.001664249
972,1408.38,0.001664249,0.002953748
973,1412.54,0.002953748,0.030979654
974,1456.3,0.030979654,0.054981803
975,1536.37,0.054981803,0.006912397
976,1546.99,0.006912397,-0.017175289
977,1520.42,-0.017175289,0.0100367
978,1535.68,0.0100367,0.020961398
979,1567.87,0.020961398,0.033063966
980,1619.71,0.033063966,0.03510505
981,1676.57,0.03510505,0.014273189
982,1700.5,0.014273189,-0.004751544
983,1692.42,-0.004751544,-0.022411694
984,1654.49,-0.022411694,0.044309727
985,1727.8,0.044309727,0.026409307
986,1773.43,0.026409307,-0.044867855
987,1693.86,-0.044867855,-0.025781351
988,1650.19,-0.025781351,0.007532466
989,1662.62,0.007532466,0.026728898
990,1707.06,0.026728898,0.001060303
991,1708.87,0.001060303,-0.012271267
992,1687.9,-0.012271267,0.009449612
993,1703.85,0.009449612,-0.005857323
994,1693.87,-0.005857323,-0.014776813
995,1668.84,-0.014776813,-0.0231598
996,1630.19,-0.0231598,0.004649765
997,1637.77,0.004649765,-0.00668592
998,1626.82,-0.00668592,0.041018674
999,1693.55,0.041018674,0.039762629
1000,1760.89,0.039762629,-0.003821931
1001,1754.16,-0.003821931,0.007992429
1002,1768.18,0.007992429,0.005135224
1003,1777.26,0.005135224,-0.021156162
1004,1739.66,-0.021156162,0.000867986
1005,1741.17,0.000867986,-0.008344963
1006,1726.64,-0.008344963,-0.020583329
1007,1691.1,-0.020583329,0.002737863
1008,1695.73,0.002737863,-0.017001527
1009,1666.9,-0.017001527,0.018375427
1010,1697.53,0.018375427,0.011728806
1011,1717.44,0.011728806,-0.007505357
1012,1704.55,-0.007505357,0.006599982
1013,1715.8,0.006599982,-0.010659751
1014,1697.51,-0.010659751,-0.008076536
1015,1683.8,-0.008076536,0.020816011
1016,1718.85,0.020816011,-0.0284318
1017,1669.98,-0.0284318,-0.007281524
1018,1657.82,-0.007281524,-0.025455116
1019,1615.62,-0.025455116,0.005050693
1020,1623.78,0.005050693,-0.079376517
1021,1494.89,-0.079376517,0.006201125
1022,1504.16,0.006201125,-0.014818902
1023,1481.87,-0.014818902,-0.008361057
1024,1469.48,-0.008361057,0.043818221
1025,1533.87,0.043818221,-0.020079929
1026,1503.07,-0.020079929,-0.005635133
1027,1494.6,-0.005635133,0.022808778
1028,1528.69,0.022808778,0.003257691
1029,1533.67,0.003257691,-0.035809529
1030,1478.75,-0.035809529,-0.00638377
1031,1469.31,-0.00638377,0.01661324
1032,1493.72,0.01661324,-0.0034076
1033,1488.63,-0.0034076,-0.025110336
1034,1451.25,-0.025110336,-0.005167959
1035,1443.75,-0.005167959,0.033385281
1036,1491.95,0.033385281,0.008854184
1037,1505.16,0.008854184,-0.004830051
1038,1497.89,-0.004830051,-0.008445213
1039,1485.24,-0.008445213,-0.001063801
1040,1483.66,-0.001063801,-0.00989445
1041,1468.98,-0.00989445,-0.008652262
1042,1456.27,-0.008652262,-0.003495231
1043,1451.18,-0.003495231,-0.024200995
1044,1416.06,-0.024200995,0.010790503
1045,1431.34,0.010790503,0.039131164
1046,1487.35,0.039131164,-0.009042929
1047,1473.9,-0.009042929,0.004023339
1048,1479.83,0.004023339,-0.017481738
1049,1453.96,-0.017481738,-0.007985089
1050,1442.35,-0.007985089,0.009290394
1051,1455.75,0.009290394,0.009781899
1052,1469.99,0.009781899,0.019061354
1053,1498.01,0.019061354,0.017222849
1054,1523.81,0.017222849,-0.006129373
1055,1514.47,-0.006129373,-0.010564752
1056,1498.47,-0.010564752,0.004057472
1057,1504.55,0.004057472,0.01375162
1058,1525.24,0.01375162,-0.009001862
1059,1511.51,-0.009001862,0.037479077
1060,1568.16,0.037479077,0.001498572
1061,1570.51,0.001498572,-0.016650642
1062,1544.36,-0.016650642,-0.007524152
1063,1532.74,-0.007524152,0.009786396
1064,1547.74,0.009786396,-0.026541926
1065,1506.66,-0.026541926,0.007387201
1066,1517.79,0.007387201,-0.004842567
1067,1510.44,-0.004842567,0.002489341
1068,1514.2,0.002489341,0.002555805
1069,1518.07,0.002555805,0.019366696
1070,1547.47,0.019366696,-0.001421675
1071,1545.27,-0.001421675,0.003203324
1072,1550.22,0.003203324,-0.016604095
1073,1524.48,-0.016604095,0.011479324
1074,1541.98,0.011479324,-0.016867923
1075,1515.97,-0.016867923,0.012506844
1076,1534.93,0.012506844,0.012241601
1077,1553.72,0.012241601,0.007955101
1078,1566.08,0.007955101,-0.002694626
1079,1561.86,-0.002694626,0.002983622
1080,1566.52,0.002983622,0.008688047
1081,1580.13,0.008688047,-0.00616405
1082,1570.39,-0.00616405,0.00221601
1083,1573.87,0.00221601,-0.010883999
1084,1556.74,-0.010883999,-0.016296877
1085,1531.37,-0.016296877,-0.015319616
1086,1507.91,-0.015319616,-0.005079879
1087,1500.25,-0.005079879,0.015144143
1088,1522.97,0.015144143,-0.010019895
1089,1507.71,-0.010019895,0.021356892
1090,1539.91,0.021356892,-0.010097993
1091,1524.36,-0.010097993,0.00806896
1092,1536.66,0.00806896,0.012436063
1093,1555.77,0.012436063,0.007854631
1094,1567.99,0.007854631,0.03498109
1095,1622.84,0.03498109,-0.006932292
1096,1611.59,-0.006932292,-0.001092089
1097,1609.83,-0.001092089,0.002254896
1098,1613.46,0.002254896,0.001301551
1099,1615.56,0.001301551,-0.009136151
1100,1600.8,-0.009136151,0.017066467
1101,1628.12,0.017066467,-0.001799622
1102,1625.19,-0.001799622,-0.002664304
1103,1620.86,-0.002664304,-0.006144886
1104,1610.9,-0.006144886,0.025693712
1105,1652.29,0.025693712,0.004926496
1106,1660.43,0.004926496,0.005408238
1107,1669.41,0.005408238,0.011764635
1108,1689.05,0.011764635,0.001888636
1109,1692.24,0.001888636,0.024222333
1110,1733.23,0.024222333,-0.004569503
1111,1725.31,-0.004569503,-0.012618022
1112,1703.54,-0.012618022,0.004126701
1113,1710.57,0.004126701,0.002221482
1114,1714.37,0.002221482,-0.021220623
1115,1677.99,-0.021220623,0.000786655
1116,1679.31,0.000786655,0.015655239
1117,1705.6,0.015655239,-0.000322467
1118,1705.05,-0.000322467,-0.012158001
1119,1684.32,-0.012158001,0.006103353
1120,1694.6,0.006103353,-0.012952909
1121,1672.65,-0.012952909,-0.029211132
1122,1623.79,-0.029211132,0.014620117
1123,1647.53,0.014620117,-0.012127245
1124,1627.55,-0.012127245,-0.006740192
1125,1616.58,-0.006740192,0.003612565
1126,1622.42,0.003612565,0.027458981
1127,1666.97,0.027458981,-8.40E-05
1128,1666.83,-8.40E-05,0.007529262
1129,1679.38,0.007529262,-0.011010016
1130,1660.89,-0.011010016,-0.002721432
1131,1656.37,-0.002721432,0.001141049
1132,1658.26,0.001141049,-0.005807292
1133,1648.63,-0.005807292,-0.002499045
1134,1644.51,-0.002499045,0.013596755
1135,1666.87,0.013596755,-0.009946786
1136,1650.29,-0.009946786,0.002169316
1137,1653.87,0.002169316,0.012981673
1138,1675.34,0.012981673,0.017357671
1139,1704.42,0.017357671,-0.010466904
1140,1686.58,-0.010466904,-0.00148229
1141,1684.08,-0.00148229,-0.007582775
1142,1671.31,-0.007582775,0.009387845
1143,1687,0.009387845,0.007658566
1144,1699.92,0.007658566,0.007865076
1145,1713.29,0.007865076,-0.005994315
1146,1703.02,-0.005994315,0.007375134
1147,1715.58,0.007375134,-0.002541415
1148,1711.22,-0.002541415,-0.022258973
1149,1673.13,-0.022258973,-0.001010083
1150,1671.44,-0.001010083,0.006192265
1151,1681.79,0.006192265,0.006415783
1152,1692.58,0.006415783,-0.01051649
1153,1674.78,-0.01051649,0.00460359
1154,1682.49,0.00460359,0.027691101
1155,1729.08,0.027691101,-0.0054422
1156,1719.67,-0.0054422,-0.00376235
1157,1713.2,-0.00376235,-0.019495681
1158,1679.8,-0.019495681,-0.010733421
1159,1661.77,-0.010733421,0.010416604
1160,1679.08,0.010416604,-0.002793196
1161,1674.39,-0.002793196,-0.000352367
1162,1673.8,-0.000352367,-0.005317242
1163,1664.9,-0.005317242,0.002786954
1164,1669.54,0.002786954,0.003503959
1165,1675.39,0.003503959,-0.00096097
1166,1673.78,-0.00096097,0.021538075
1167,1709.83,0.021538075,0.009924963
1168,1726.8,0.009924963,-0.003318277
1169,1721.07,-0.003318277,0.007524389
1170,1734.02,0.007524389,-0.009088707
1171,1718.26,-0.009088707,0.001588817
1172,1720.99,0.001588817,0.020000116
1173,1755.41,0.020000116,0.014196114
1174,1780.33,0.014196114,0.011958457
1175,1801.62,0.011958457,-0.005106515
1176,1792.42,-0.005106515,-0.001104652
1177,1790.44,-0.001104652,-0.010461116
1178,1771.71,-0.010461116,-0.019805724
1179,1736.62,-0.019805724,0.019146388
1180,1769.87,0.019146388,0.008209643
1181,1784.4,0.008209643,0.005178211
1182,1793.64,0.005178211,-0.014529114
1183,1767.58,-0.014529114,0.012819788
1184,1790.24,0.012819788,0.004401644
1185,1798.12,0.004401644,0.019253442
1186,1832.74,0.019253442,0.001784214
1187,1836.01,0.001784214,0.013022805
1188,1859.92,0.013022805,0.017898619
1189,1893.21,0.017898619,-0.016115486
1190,1862.7,-0.016115486,0.027078971
1191,1913.14,0.027078971,-0.004672946
1192,1904.2,-0.004672946,0.016211532
1193,1935.07,0.016211532,-0.006464882
1194,1922.56,-0.006464882,0.000873835
1195,1924.24,0.000873835,0.002972602
1196,1929.96,0.002972602,0.001321271
1197,1932.51,0.001321271,0.025702325
1198,1982.18,0.025702325,-0.0076431
1199,1967.03,-0.0076431,0.013660188
1200,1993.9,0.013660188,-0.033181203
1201,1927.74,-0.033181203,-0.068458402
1202,1795.77,-0.068458402,0.048402635
1203,1882.69,0.048402635,0.030238648
1204,1939.62,0.030238648,0.037445479
1205,2012.25,0.037445479,0.001764194
1206,2015.8,0.001764194,0.013086616
1207,2042.18,0.013086616,-0.006728104
1208,2028.44,-0.006728104,0.028021534
1209,2085.28,0.028021534,-0.009917133
1210,2064.6,-0.009917133,0.002237722
1211,2069.22,0.002237722,
